url,STRING : club,STRING : position,STRING : national_team,SPACE : height,MASS : weight,DATE : birthdate
soccer/uk.eurosport.yahoo.com/aaron-hunt.html,Werder Brême,Striker,Germany,1.83m.,70.00kg.,04/09/1986 in Goslar
soccer/uk.eurosport.yahoo.com/aaron-lennon.html,Tottenham,Midfielders,,1.65m.,62.00kg.,16/04/1987 in Leeds
soccer/uk.eurosport.yahoo.com/aaron-mokoena.html,,Defender,South Africa,1.83m.,78.00kg.,25/11/1980 in Johannesburg
soccer/uk.eurosport.yahoo.com/abdoulaye-meite.html,Bolton,Defender,Ivory Coast,1.85m.,82.00kg.,06/10/1980 in Paris
soccer/uk.eurosport.yahoo.com/adrian-mutu.html,Fiorentina,Striker,Roumania,1.80m.,74.00kg.,08/01/1979 in
soccer/uk.eurosport.yahoo.com/adriano.html,Monaco,Defender,Brazil,1.79m.,70.00kg.,03/04/1982 in Salvador De Bahia
soccer/uk.eurosport.yahoo.com/ahmed-fathi.html,Al-Ahly Le Caire,Defender,Egypt,1.75m.,73.00kg.,10/11/1984 in
soccer/uk.eurosport.yahoo.com/ahmed-hassan.html,RSC Anderlecht,Midfielders,Egypt,1.78m.,70.00kg.,02/05/1975 in Misir
soccer/uk.eurosport.yahoo.com/alan-hutton.html,Tottenham,Defender,,1.85m.,72.00kg.,30/11/1984 in Glasgow
soccer/uk.eurosport.yahoo.com/alan-smith.html,,Striker,,1.76m.,69.00kg.,28/10/1980 in Rothwell
soccer/uk.eurosport.yahoo.com/alan-stubbs.html,,Defender,,1.87m.,86.00kg.,06/10/1971 in Kirkby
soccer/uk.eurosport.yahoo.com/albert-riera.html,FC,Midfielders,Spain,1.87m.,77.00kg.,15/04/1982 in
soccer/uk.eurosport.yahoo.com/alberto-aquilani.html,AS Rome,Midfielders,Italy,1.86m.,77.00kg.,07/07/1984 in
soccer/uk.eurosport.yahoo.com/alberto-gilardino.html,Fiorentina,Striker,Italy,1.84m.,79.00kg.,05/07/1982 in Biella
soccer/uk.eurosport.yahoo.com/alejandro-dominguez.html,Zénith St-Petersbourg,Striker,Argentina,1.75m.,73.00kg.,10/06/1981 in Lanus ( Argentina )
soccer/uk.eurosport.yahoo.com/alessandro-delpiero.html,Juventus Turin,Striker,Italy,1.75m.,74.00kg.,09/11/1974 in Conegliano
soccer/uk.eurosport.yahoo.com/alessandro-gamberini.html,Fiorentina,Defender,Italy,1.85m.,78.00kg.,27/08/1981 in
soccer/uk.eurosport.yahoo.com/alexander-frei.html,Borussia Dortmund,Striker,Switzerland,1.79m.,74.00kg.,15/07/1979 in Bâle
soccer/uk.eurosport.yahoo.com/alexander-hleb.html,(FC) Barcelone,Midfielders,Belarus,1.82m.,72.00kg.,01/05/1981 in Minsk
soccer/uk.eurosport.yahoo.com/alexandre-songbillong.html,,Midfielders,Cameroon,1.82m.,74.00kg.,09/09/1987 in Douala
soccer/uk.eurosport.yahoo.com/alexandros-tziolis.html,Panathinaïkos,Midfielders,Greece,1.89m.,82.00kg.,13/02/1985 in
soccer/uk.eurosport.yahoo.com/alvaro-recoba.html,Panionios Athènes,Striker,Uruguay,1.73m.,68.00kg.,17/03/1976 in Montevideo
soccer/uk.eurosport.yahoo.com/alves-afonso.html,SC Heerenveen,Striker,Brazil,1.85m.,74.00kg.,30/01/1981 in
soccer/uk.eurosport.yahoo.com/amara-diane.html,Paris-SG,Striker,Ivory Coast,1.81m.,71.00kg.,19/08/1982 in Abidjan
soccer/uk.eurosport.yahoo.com/amaury-bischoff.html,,Midfielders,France,1.75m.,61.00kg.,31/03/1987 in Colmar
soccer/uk.eurosport.yahoo.com/anatoliy-tymoshchuk.html,Zénith St-Petersbourg,Midfielders,Ukraine,1.82m.,73.00kg.,30/03/1979 in Lutsk
soccer/uk.eurosport.yahoo.com/anderson.html,,Midfielders,Brazil,1.76m.,69.00kg.,13/04/1988 in
soccer/uk.eurosport.yahoo.com/andrea-dossena.html,FC,Defender,Italy,1.80m.,74.00kg.,11/09/1981 in Lodi
soccer/uk.eurosport.yahoo.com/andreas-granqvist.html,(FC) Groningue,Defender,Sweden,1.92m.,84.00kg.,16/04/1985 in
soccer/uk.eurosport.yahoo.com/andreas-hinkel.html,Glasgow,Defender,Germany,1.83m.,74.00kg.,26/03/1982 in Backnang
soccer/uk.eurosport.yahoo.com/andreas-isaksson.html,PSV Eindhoven,Goalkeeper,Sweden,1.99m.,88.00kg.,03/10/1981 in
soccer/uk.eurosport.yahoo.com/andreas-ivanschitz.html,Panathinaïkos,Midfielders,Austria,1.83m.,79.00kg.,15/10/1983 in
soccer/uk.eurosport.yahoo.com/andres-iniesta.html,(FC) Barcelone,Midfielders,Spain,1.69m.,64.00kg.,11/05/1984 in
soccer/uk.eurosport.yahoo.com/andrew-johnson.html,,Striker,,1.70m.,71.00kg.,10/02/1981 in Bedford
soccer/uk.eurosport.yahoo.com/andre-chevtchenko.html,Milan AC,Striker,Ukraine,1.83m.,73.00kg.,29/09/1976 in Dvirkivshchyna
soccer/uk.eurosport.yahoo.com/andr-ayew.html,Lorient,Striker,Ghana,1.76m.,72.00kg.,17/12/1989 in Lille
soccer/uk.eurosport.yahoo.com/andy-cole.html,,Striker,,1.80m.,77.00kg.,15/10/1971 in Nottingham
soccer/uk.eurosport.yahoo.com/andy-griffin.html,,Defender,,1.72m.,68.00kg.,17/03/1979 in Wigan
soccer/uk.eurosport.yahoo.com/andy-todd.html,,Defender,,1.77m.,68.00kg.,21/09/1974 in Derby
soccer/uk.eurosport.yahoo.com/anthony-mounier.html,Lyon,Striker,France,1.74m.,65.00kg.,27/09/1987 in Aubenas
soccer/uk.eurosport.yahoo.com/anthony-stokes.html,,Striker,Ireland,1.80m.,73.00kg.,25/07/1988 in Dublin
soccer/uk.eurosport.yahoo.com/antoine-sibierski.html,,Midfielders,France,1.87m.,80.00kg.,05/08/1974 in Lille
soccer/uk.eurosport.yahoo.com/anton-ferdinand.html,,Defender,,1.80m.,74.00kg.,18/02/1985 in Peckham
soccer/uk.eurosport.yahoo.com/antonio-cassano.html,Sampdoria Gênes,Striker,Italy,1.75m.,70.00kg.,12/07/1982 in
soccer/uk.eurosport.yahoo.com/antonio-chimenti.html,Juventus Turin,Goalkeeper,Italy,1.84m.,83.00kg.,30/06/1970 in Bari
soccer/uk.eurosport.yahoo.com/antti-niemi.html,,Goalkeeper,Finland,1.86m.,83.00kg.,06/07/1972 in Oulu
soccer/uk.eurosport.yahoo.com/arjen-robben.html,Real Madrid,Striker,Netherlands,1.80m.,75.00kg.,23/01/1984 in
soccer/uk.eurosport.yahoo.com/artur-boruc.html,Glasgow,Goalkeeper,Poland,1.93m.,85.00kg.,20/02/1980 in Sieldce ( Poland )
soccer/uk.eurosport.yahoo.com/ashley-cole.html,,Defender,,1.72m.,67.00kg.,20/12/1980 in Stepney
soccer/uk.eurosport.yahoo.com/ashley-young.html,,Striker,,1.75m.,63.00kg.,09/07/1985 in Stevenage
soccer/uk.eurosport.yahoo.com/bafetimbi-gomis.html,Saint-Etienne,Striker,France,1.84m.,77.00kg.,06/08/1985 in La Seyne-sur-Mer
soccer/uk.eurosport.yahoo.com/bakari-sagna.html,,Defender,France,1.76m.,72.00kg.,14/02/1983 in Sens
soccer/uk.eurosport.yahoo.com/barry-ferguson.html,,Midfielders,,1.82m.,75.00kg.,09/02/1978 in Glasgow
soccer/uk.eurosport.yahoo.com/barry-robson.html,Glasgow,Midfielders,,1.80m.,76.00kg.,07/11/1978 in
soccer/uk.eurosport.yahoo.com/bastian-schweinsteiger.html,Bayern Munich,Midfielders,Germany,1.80m.,76.00kg.,01/08/1984 in
soccer/uk.eurosport.yahoo.com/ben-foster.html,,Goalkeeper,,1.87m.,79.00kg.,03/04/1983 in Leamington Spa
soccer/uk.eurosport.yahoo.com/ben-sahar.html,,Striker,Israel,1.80m.,72.00kg.,10/08/1989 in
soccer/uk.eurosport.yahoo.com/benedict-mccarthy.html,,Striker,South Africa,1.84m.,80.00kg.,12/11/1977 in Cap Town
soccer/uk.eurosport.yahoo.com/benjani.html,,Striker,Zimbabwe,1.82m.,78.00kg.,13/08/1978 in Bulawayo
soccer/uk.eurosport.yahoo.com/bernard-mendy.html,,Defender,France,1.80m.,77.00kg.,20/08/1981 in Evreux
soccer/uk.eurosport.yahoo.com/bernardo-corradi.html,Reggina,Striker,Italy,1.89m.,86.00kg.,30/03/1976 in Siena
soccer/uk.eurosport.yahoo.com/bobby-zamora.html,,Striker,,1.85m.,73.00kg.,16/01/1981 in London
soccer/uk.eurosport.yahoo.com/brad-friedel.html,,Goalkeeper,USA,1.93m.,92.00kg.,"18/05/1971 in Lakewood, Ohio"
soccer/uk.eurosport.yahoo.com/brad-guzan.html,,Goalkeeper,USA,,,09/09/1984 in
soccer/uk.eurosport.yahoo.com/branislav-ivanovic.html,,Defender,Serbia,1.88m.,84.00kg.,22/02/1984 in
soccer/uk.eurosport.yahoo.com/brede-hangeland.html,,Defender,Norway,1.95m.,85.00kg.,20/06/1981 in
soccer/uk.eurosport.yahoo.com/brian-mcbride.html,,Striker,USA,1.86m.,78.00kg.,19/06/1972 in Arlington Eights ( Illinois )
soccer/uk.eurosport.yahoo.com/bruno-berner.html,,Defender,Switzerland,1.85m.,82.00kg.,21/11/1977 in Zurich
soccer/uk.eurosport.yahoo.com/carles-puyol.html,(FC) Barcelone,Defender,Spain,1.78m.,80.00kg.,13/04/1978 in
soccer/uk.eurosport.yahoo.com/carlo-cudicini.html,,Goalkeeper,Italy,1.83m.,78.00kg.,06/09/1973 in Milan
soccer/uk.eurosport.yahoo.com/carlos-bocanegra.html,Rennes,Defender,USA,1.83m.,78.00kg.,25/05/1979 in
soccer/uk.eurosport.yahoo.com/carlos-tevez.html,,Striker,Argentina,1.69m.,77.00kg.,05/02/1984 in Buenos Aires
soccer/uk.eurosport.yahoo.com/carlos-villanueva.html,,Midfielders,Chili,1.73m.,70.00kg.,05/02/1986 in
soccer/uk.eurosport.yahoo.com/carloslopez-marchena.html,Valence CF,Defender,Spain,1.83m.,78.00kg.,31/07/1979 in
soccer/uk.eurosport.yahoo.com/carlton-cole.html,West Ham Utd,Striker,,1.90m.,88.00kg.,12/11/1983 in Surrey
soccer/uk.eurosport.yahoo.com/charles-kabore.html,Marseille,Midfielders,Burkina Faso,1.81m.,75.00kg.,09/02/1988 in
soccer/uk.eurosport.yahoo.com/chris-baird.html,,Defender,Northern Ireland,1.80m.,72.00kg.,25/02/1982 in Ballymoney
soccer/uk.eurosport.yahoo.com/christian-abbiati.html,Milan AC,Goalkeeper,Italy,1.91m.,92.00kg.,08/07/1977 in Abbiategrasso
soccer/uk.eurosport.yahoo.com/christian-manfredini.html,Lazio Rome,Midfielders,Italy,1.80m.,70.00kg.,01/05/1975 in Port Bouet
soccer/uk.eurosport.yahoo.com/christian-panucci.html,AS Rome,Defender,Italy,1.81m.,77.00kg.,12/04/1973 in
soccer/uk.eurosport.yahoo.com/christian-wilhelmsson.html,Al Hilal Ryad,Midfielders,Sweden,1.77m.,68.00kg.,08/12/1979 in
soccer/uk.eurosport.yahoo.com/christopher-kirkland.html,,Goalkeeper,,1.90m.,73.00kg.,02/05/1981 in Leicester
soccer/uk.eurosport.yahoo.com/christopher-samba.html,,Defender,Congo,1.94m.,88.00kg.,28/03/1984 in Créteil
soccer/uk.eurosport.yahoo.com/claude-davis.html,,Defender,Jamaica,1.90m.,90.00kg.,06/03/1979 in Kingston
soccer/uk.eurosport.yahoo.com/claude-makelele.html,Paris-SG,Midfielders,France,1.74m.,70.00kg.,18/02/1973 in Kinshasa ( RDC )
soccer/uk.eurosport.yahoo.com/claudio-cacapa.html,,Defender,Brazil,1.84m.,77.00kg.,29/05/1976 in Lavras
soccer/uk.eurosport.yahoo.com/clemens-fritz.html,Werder Brême,Defender,Germany,1.82m.,74.00kg.,07/12/1980 in
soccer/uk.eurosport.yahoo.com/craig-fagan.html,,Striker,,1.80m.,75.00kg.,11/12/1982 in Birmingham
soccer/uk.eurosport.yahoo.com/craig-gordon.html,,Goalkeeper,,1.93m.,77.00kg.,31/12/1982 in Edimbourgh
soccer/uk.eurosport.yahoo.com/craigdouglas-bellamy.html,West Ham Utd,Striker,Wales,1.75m.,68.00kg.,13/07/1979 in Cardiff
soccer/uk.eurosport.yahoo.com/cristian-molinaro.html,Juventus Turin,Defender,Italy,1.82m.,72.00kg.,30/07/1983 in Moio Civitella
soccer/uk.eurosport.yahoo.com/cristiano-zanetti.html,Juventus Turin,Midfielders,Italy,1.80m.,75.00kg.,14/04/1977 in Carrara
soccer/uk.eurosport.yahoo.com/cristianoronaldo.html,,Striker,Portugal,1.84m.,75.00kg.,05/02/1985 in Madère
soccer/uk.eurosport.yahoo.com/cristian-rodriguez.html,(FC) Porto,Midfielders,Uruguay,1.75m.,72.00kg.,30/09/1985 in Montevideo
soccer/uk.eurosport.yahoo.com/damien-duff.html,,Midfielders,Ireland,1.77m.,60.00kg.,02/03/1979 in Ballyboden (
soccer/uk.eurosport.yahoo.com/daniel-agger.html,FC,Defender,Denmark,1.89m.,80.00kg.,12/12/1984 in Hivdovre
soccer/uk.eurosport.yahoo.com/daniel-braaten.html,Toulouse,Midfielders,Norway,1.84m.,85.00kg.,25/05/1982 in Oslo
soccer/uk.eurosport.yahoo.com/daniel-cousin.html,,Striker,Gabon,1.87m.,82.00kg.,07/02/1977 in Libreville
soccer/uk.eurosport.yahoo.com/daniel-gygax.html,(FC) Nuremberg,Striker,Switzerland,1.79m.,73.00kg.,28/08/1981 in
soccer/uk.eurosport.yahoo.com/daniel-vanbuyten.html,Bayern Munich,Defender,Belgium,1.97m.,87.00kg.,07/02/1978 in Chimay
soccer/uk.eurosport.yahoo.com/daniele-adani.html,Empoli,Defender,Italy,1.83m.,76.00kg.,10/07/1974 in Correggio
soccer/uk.eurosport.yahoo.com/daniele-derossi.html,AS Rome,Midfielders,Italy,1.84m.,83.00kg.,24/07/1983 in Rome
soccer/uk.eurosport.yahoo.com/danny-guthrie.html,,Midfielders,,1.75m.,73.00kg.,18/04/1987 in Shrewsbury
soccer/uk.eurosport.yahoo.com/danny-higginbotham.html,,Defender,,1.87m.,78.00kg.,29/12/1978 in Manchester
soccer/uk.eurosport.yahoo.com/danny-koevermans.html,PSV Eindhoven,Striker,Netherlands,1.91m.,90.00kg.,01/11/1978 in
soccer/uk.eurosport.yahoo.com/danny-shittu.html,Bolton,Defender,Nigeria,1.91m.,102.00kg.,02/09/1980 in Lagos ( Nigéria )
soccer/uk.eurosport.yahoo.com/dario-knezevic.html,Juventus Turin,Defender,Croatia,1.84m.,74.00kg.,20/04/1982 in
soccer/uk.eurosport.yahoo.com/dario-srna.html,Chakhtior Donetsk,Midfielders,Croatia,1.82m.,78.00kg.,01/05/1982 in Metkovic
soccer/uk.eurosport.yahoo.com/darius-vassell.html,,Striker,,1.71m.,76.00kg.,13/06/1980 in Birmingham
soccer/uk.eurosport.yahoo.com/darren-bent.html,Tottenham,Striker,,1.80m.,73.00kg.,06/02/1984 in Tooting
soccer/uk.eurosport.yahoo.com/darren-fletcher.html,,Midfielders,,1.80m.,79.00kg.,01/02/1984 in Edimbourg
soccer/uk.eurosport.yahoo.com/daryl-murphy.html,,Striker,Ireland,1.82m.,82.00kg.,15/03/1983 in Waterford
soccer/uk.eurosport.yahoo.com/david-beckham.html,Los Angeles Galaxy,Midfielders,,1.82m.,75.00kg.,02/05/1975 in Leytonstone
soccer/uk.eurosport.yahoo.com/david-bentley.html,Tottenham,Striker,,1.75m.,68.00kg.,27/08/1984 in
soccer/uk.eurosport.yahoo.com/david-cotterill.html,Sheffield Utd,Striker,Wales,,,04/12/1987 in
soccer/uk.eurosport.yahoo.com/david-healy.html,,Striker,Northern Ireland,1.72m.,67.00kg.,05/09/1979 in Downpatrick
soccer/uk.eurosport.yahoo.com/david-james.html,,Goalkeeper,,1.94m.,95.00kg.,01/08/1970 in Welwyn
soccer/uk.eurosport.yahoo.com/david-nugent.html,,Striker,,1.80m.,76.00kg.,02/05/1985 in
soccer/uk.eurosport.yahoo.com/david-rozehnal.html,Lazio Rome,Defender,Czech Republic,1.91m.,80.00kg.,05/07/1980 in Sternbeck
soccer/uk.eurosport.yahoo.com/david-silva.html,Valence CF,Midfielders,Spain,1.70m.,67.00kg.,08/01/1986 in
soccer/uk.eurosport.yahoo.com/david-trezeguet.html,Juventus Turin,Striker,France,1.87m.,75.00kg.,15/10/1977 in Rouen
soccer/uk.eurosport.yahoo.com/david-villa.html,Valence CF,Striker,Spain,1.75m.,69.00kg.,03/12/1981 in
soccer/uk.eurosport.yahoo.com/david-wheater.html,,Defender,,1.96m.,81.00kg.,14/02/1987 in
soccer/uk.eurosport.yahoo.com/dayro-moreno.html,Steaua Bucarest,Midfielders,Colombia,1.77m.,73.00kg.,16/09/1985 in
soccer/uk.eurosport.yahoo.com/dean-leacock.html,,Defender,,1.89m.,78.00kg.,10/06/1984 in Croydon
soccer/uk.eurosport.yahoo.com/demirel-volkan.html,Fenerbahçe,Goalkeeper,Turkey,1.91m.,92.00kg.,27/10/1981 in
soccer/uk.eurosport.yahoo.com/dickson-etuhu.html,,Midfielders,Nigeria,1.87m.,82.00kg.,08/06/1982 in
soccer/uk.eurosport.yahoo.com/didier-digard.html,,Midfielders,France,1.83m.,76.00kg.,12/07/1986 in Gisors
soccer/uk.eurosport.yahoo.com/didier-drogba.html,,Striker,Ivory Coast,1.89m.,88.00kg.,11/03/1978 in Abidjan
soccer/uk.eurosport.yahoo.com/didier-zokora.html,Tottenham,Midfielders,Ivory Coast,1.79m.,72.00kg.,14/12/1980 in Abidjan
soccer/uk.eurosport.yahoo.com/diego-forlan.html,Atletico Madrid,Striker,Uruguay,1.72m.,75.00kg.,19/05/1979 in Montevideo
soccer/uk.eurosport.yahoo.com/diego-lopez.html,Cagliari,Defender,Uruguay,1.80m.,76.00kg.,22/08/1974 in Montevideo
soccer/uk.eurosport.yahoo.com/diegocapel.html,(FC) Séville,Midfielders,Spain,1.73m.,67.00kg.,16/02/1988 in Albox
soccer/uk.eurosport.yahoo.com/dietmar-hamann.html,,Midfielders,Germany,1.89m.,72.00kg.,27/08/1973 in Waldrassen
soccer/uk.eurosport.yahoo.com/dimitar-berbatov.html,,Striker,Bulgaria,1.88m.,79.00kg.,30/01/1981 in Blagoevgrad
soccer/uk.eurosport.yahoo.com/dirk-kuyt.html,FC,Striker,Netherlands,1.84m.,77.00kg.,22/07/1980 in
soccer/uk.eurosport.yahoo.com/dirk-marcellis.html,PSV Eindhoven,Defender,Netherlands,,,13/04/1988 in
soccer/uk.eurosport.yahoo.com/ebi-smolarek.html,Bolton,Striker,Poland,1.78m.,68.00kg.,09/01/1981 in Lodz ( Poland )
soccer/uk.eurosport.yahoo.com/edison-mendez.html,PSV Eindhoven,Midfielders,Ecuador,1.72m.,69.00kg.,16/03/1979 in Valle del Chota
soccer/uk.eurosport.yahoo.com/eduardo-rubio.html,FC Bâle,Striker,Chili,,,07/11/1983 in
soccer/uk.eurosport.yahoo.com/edwin-vandersar.html,,Goalkeeper,Netherlands,1.97m.,84.00kg.,29/10/1970 in
soccer/uk.eurosport.yahoo.com/eidur-gudjohnsen.html,(FC) Barcelone,Striker,Iceland,1.85m.,82.00kg.,15/09/1978 in Reykjavik
soccer/uk.eurosport.yahoo.com/elliot-grandin.html,Marseille,Striker,France,1.78m.,66.00kg.,17/10/1987 in Caen
soccer/uk.eurosport.yahoo.com/emerse-fae.html,FC,Midfielders,Ivory Coast,1.74m.,71.00kg.,24/01/1984 in Nantes
soccer/uk.eurosport.yahoo.com/emile-heskey.html,,Striker,,1.89m.,88.00kg.,11/01/1978 in Leicester
soccer/uk.eurosport.yahoo.com/emmanuel-eboue.html,,Defender,Ivory Coast,1.78m.,72.00kg.,04/06/1983 in Abidjan
soccer/uk.eurosport.yahoo.com/eren-derdiyok.html,FC Bâle,Striker,Switzerland,1.90m.,83.00kg.,12/06/1988 in
soccer/uk.eurosport.yahoo.com/eric-abidal.html,(FC) Barcelone,Defender,France,1.80m.,75.00kg.,11/07/1979 in Lyon
soccer/uk.eurosport.yahoo.com/eric-addo.html,PSV Eindhoven,Defender,Ghana,1.83m.,70.00kg.,12/11/1978 in Accra
soccer/uk.eurosport.yahoo.com/erik-edman.html,,Defender,Sweden,1.79m.,79.00kg.,11/11/1978 in Jonkoepping
soccer/uk.eurosport.yahoo.com/ezequiel-garay.html,Racing Santander,Defender,Argentina,1.86m.,87.00kg.,10/10/1986 in Rosario
soccer/uk.eurosport.yahoo.com/fabio-grosso.html,Lyon,Defender,Italy,1.85m.,74.00kg.,28/11/1977 in Rome
soccer/uk.eurosport.yahoo.com/fabio-rochemback.html,Sporting Portugal,Midfielders,Brazil,1.83m.,83.00kg.,10/12/1981 in Soledade
soccer/uk.eurosport.yahoo.com/fabrice-muamba.html,Bolton,Midfielders,,1.88m.,78.00kg.,06/07/1988 in
soccer/uk.eurosport.yahoo.com/fabricio-coloccini.html,,Defender,Argentina,1.83m.,78.00kg.,22/01/1982 in Cordoba
soccer/uk.eurosport.yahoo.com/fernando.html,Bordeaux,Midfielders,Brazil,1.86m.,79.00kg.,05/03/1981 in Anita Garibaldi
soccer/uk.eurosport.yahoo.com/filippo-inzaghi.html,Milan AC,Striker,Italy,1.81m.,74.00kg.,09/08/1973 in Plaisance
soccer/uk.eurosport.yahoo.com/florent-malouda.html,,Midfielders,France,1.81m.,73.00kg.,13/06/1980 in Cayenne ( Guyane )
soccer/uk.eurosport.yahoo.com/florian-marange.html,Bordeaux,Defender,France,1.80m.,76.00kg.,03/03/1986 in Talence
soccer/uk.eurosport.yahoo.com/fraizer-campbell.html,Tottenham,Striker,,,,13/09/1987 in Huddersfield
soccer/uk.eurosport.yahoo.com/francesc-fabregas.html,,Midfielders,Spain,1.80m.,69.00kg.,04/05/1987 in
soccer/uk.eurosport.yahoo.com/francesco-bolzoni.html,Inter Milan,Midfielders,Italy,,,07/05/1989 in Lodi
soccer/uk.eurosport.yahoo.com/francesco-totti.html,AS Rome,Striker,Italy,1.80m.,80.00kg.,27/09/1976 in Rome
soccer/uk.eurosport.yahoo.com/francis-jeffers.html,Sheff Wed,Striker,,1.77m.,64.00kg.,25/01/1981 in
soccer/uk.eurosport.yahoo.com/franck-jurietti.html,Bordeaux,Defender,France,1.77m.,71.00kg.,30/03/1975 in Valence
soccer/uk.eurosport.yahoo.com/franck-queudrue.html,,Defender,France,1.83m.,77.00kg.,27/08/1978 in Paris
soccer/uk.eurosport.yahoo.com/franck-ribery.html,Bayern Munich,Midfielders,France,1.70m.,62.00kg.,01/04/1983 in Boulogne-sur-Mer
soccer/uk.eurosport.yahoo.com/frank-lampard.html,,Midfielders,,1.83m.,76.00kg.,20/06/1978 in Romford
soccer/uk.eurosport.yahoo.com/frdric-kanoute.html,(FC) Séville,Striker,Mali,1.92m.,82.00kg.,02/09/1977 in
soccer/uk.eurosport.yahoo.com/fredrik-ljungberg.html,Seattle Sounders,Midfielders,Sweden,1.76m.,75.00kg.,16/04/1977 in
soccer/uk.eurosport.yahoo.com/fredrik-stoor.html,,Defender,Sweden,1.83m.,79.00kg.,28/02/1984 in
soccer/uk.eurosport.yahoo.com/gabriel-agbonlahor.html,,Striker,,,,13/10/1986 in Birmingham
soccer/uk.eurosport.yahoo.com/gabriel-heinze.html,Real Madrid,Defender,Argentina,1.78m.,72.00kg.,19/03/1978 in Crespo
soccer/uk.eurosport.yahoo.com/gabriel-milito.html,(FC) Barcelone,Defender,Argentina,1.76m.,80.00kg.,07/09/1980 in Buenos Aires
soccer/uk.eurosport.yahoo.com/gabriel-obertan.html,Bordeaux,Striker,France,1.86m.,79.00kg.,26/02/1989 in Paris
soccer/uk.eurosport.yahoo.com/gareth-bale.html,Tottenham,Defender,Wales,1.83m.,74.00kg.,16/07/1989 in
soccer/uk.eurosport.yahoo.com/gareth-barry.html,,Midfielders,,1.84m.,73.00kg.,23/02/1981 in Hastings
soccer/uk.eurosport.yahoo.com/gareth-southgate.html,,Defender,,1.84m.,78.00kg.,03/09/1970 in
soccer/uk.eurosport.yahoo.com/gary-cahill.html,Bolton,Defender,,1.87m.,78.00kg.,19/12/1985 in Sheffield
soccer/uk.eurosport.yahoo.com/gary-caldwell.html,Glasgow,Defender,,1.80m.,74.00kg.,12/04/1982 in Stirling
soccer/uk.eurosport.yahoo.com/gary-neville.html,,Defender,,1.80m.,79.00kg.,18/02/1975 in
soccer/uk.eurosport.yahoo.com/gal-clichy.html,,Defender,France,1.81m.,72.00kg.,26/07/1985 in Toulouse
soccer/uk.eurosport.yahoo.com/george-boateng.html,,Midfielders,Netherlands,1.82m.,76.00kg.,05/09/1975 in Accra
soccer/uk.eurosport.yahoo.com/george-mccartney.html,,Defender,Northern Ireland,1.83m.,79.00kg.,29/04/1981 in Belfast
soccer/uk.eurosport.yahoo.com/georgios-samaras.html,Glasgow,Striker,Greece,1.92m.,86.00kg.,21/02/1985 in
soccer/uk.eurosport.yahoo.com/gerard-pique.html,(FC) Barcelone,Defender,Spain,1.85m.,75.00kg.,02/02/1987 in Barcelone
soccer/uk.eurosport.yahoo.com/geremi.html,,Midfielders,Cameroon,1.80m.,78.00kg.,20/12/1978 in Bafoussam
soccer/uk.eurosport.yahoo.com/giampaolo-pazzini.html,Fiorentina,Striker,Italy,1.80m.,74.00kg.,02/08/1984 in Pescia
soccer/uk.eurosport.yahoo.com/gianluigi-buffon.html,Juventus Turin,Goalkeeper,Italy,1.90m.,83.00kg.,28/01/1978 in Carrara
soccer/uk.eurosport.yahoo.com/giannis-goumas.html,Panathinaïkos,Defender,Greece,1.84m.,76.00kg.,24/05/1975 in
soccer/uk.eurosport.yahoo.com/gilbertosilva.html,Panathinaïkos,Midfielders,Brazil,1.85m.,79.00kg.,07/10/1976 in Lagoa dea Prata ( Brazil )
soccer/uk.eurosport.yahoo.com/giles-barnes.html,,Midfielders,,1.83m.,82.00kg.,05/08/1988 in Barking
soccer/uk.eurosport.yahoo.com/giorgio-chiellini.html,Juventus Turin,Defender,Italy,1.86m.,76.00kg.,14/08/1984 in
soccer/uk.eurosport.yahoo.com/giuseppe-rossi.html,Villarreal,Striker,Italy,1.78m.,72.00kg.,"01/02/1987 in Clifton, New Jersey ( USA )"
soccer/uk.eurosport.yahoo.com/glen-johnson.html,,Defender,,1.81m.,74.00kg.,23/08/1984 in London
soccer/uk.eurosport.yahoo.com/gonzalo-higuain.html,Real Madrid,Striker,Argentina,1.84m.,75.00kg.,10/12/1987 in Brest
soccer/uk.eurosport.yahoo.com/goran-pandev.html,Lazio Rome,Midfielders,Macedonia,1.84m.,75.00kg.,27/07/1983 in Strumica
soccer/uk.eurosport.yahoo.com/graeme-murty.html,FC,Defender,,1.78m.,72.00kg.,13/11/1974 in Slatburn
soccer/uk.eurosport.yahoo.com/greg-halford.html,Sheff Wed,Defender,,1.93m.,87.00kg.,08/12/1984 in Chelmsford
soccer/uk.eurosport.yahoo.com/gretar-steinsson.html,Bolton,Midfielders,Iceland,1.89m.,78.00kg.,09/01/1982 in
soccer/uk.eurosport.yahoo.com/guillermo-franco.html,Villarreal,Striker,Mexico,1.87m.,77.00kg.,03/11/1976 in Corrientes
soccer/uk.eurosport.yahoo.com/gyan-asamoah.html,Rennes,Striker,Ghana,1.86m.,77.00kg.,22/11/1985 in
soccer/uk.eurosport.yahoo.com/habib-beye.html,,Defender,Senegal,1.82m.,79.00kg.,19/10/1977 in Suresnes
soccer/uk.eurosport.yahoo.com/hakan-yakin.html,Young Boys Berne,Midfielders,Switzerland,1.80m.,79.00kg.,22/02/1977 in Bâle
soccer/uk.eurosport.yahoo.com/harry-kewell.html,Galatasaray,Striker,Australia,1.81m.,74.00kg.,22/09/1978 in Sydney
soccer/uk.eurosport.yahoo.com/hatem-benarfa.html,Marseille,Midfielders,France,1.78m.,65.00kg.,07/03/1987 in Clamart
soccer/uk.eurosport.yahoo.com/hayden-mullins.html,West Ham Utd,Defender,,1.84m.,75.00kg.,27/03/1979 in
soccer/uk.eurosport.yahoo.com/henrik-pedersen.html,Silkeborg IF,Striker,Denmark,1.85m.,84.00kg.,10/06/1975 in Copenhagen
soccer/uk.eurosport.yahoo.com/hermann-hreidarsson.html,,Defender,Iceland,1.85m.,81.00kg.,11/07/1974 in Reykjavick
soccer/uk.eurosport.yahoo.com/hernan-crespo.html,Inter Milan,Striker,Argentina,1.84m.,80.00kg.,05/07/1975 in Florida
soccer/uk.eurosport.yahoo.com/heurelho-gomes.html,Tottenham,Goalkeeper,Brazil,1.91m.,82.00kg.,15/02/1981 in
soccer/uk.eurosport.yahoo.com/miguel-hugoalmeida.html,Werder Brême,Striker,Portugal,1.90m.,79.00kg.,23/05/1984 in Figueira da Foz
soccer/uk.eurosport.yahoo.com/hugo-lloris.html,Lyon,Goalkeeper,France,1.88m.,78.00kg.,26/12/1986 in Nice
soccer/uk.eurosport.yahoo.com/ian-harte.html,,Defender,Ireland,1.77m.,78.00kg.,31/08/1977 in Drogheda
soccer/uk.eurosport.yahoo.com/ian-pearce.html,,Defender,,1.91m.,91.00kg.,07/05/1974 in
soccer/uk.eurosport.yahoo.com/ibrahim-afellay.html,PSV Eindhoven,Midfielders,Netherlands,1.80m.,68.00kg.,02/04/1986 in
soccer/uk.eurosport.yahoo.com/ifeanyi-emeghara.html,Steaua Bucarest,Midfielders,Nigeria,1.73m.,72.00kg.,24/03/1984 in
soccer/uk.eurosport.yahoo.com/ignacio-gonzalez.html,,Midfielders,Uruguay,1.80m.,73.00kg.,14/05/1982 in Montevideo
soccer/uk.eurosport.yahoo.com/iker-casillas.html,Real Madrid,Goalkeeper,Spain,1.85m.,79.00kg.,20/05/1981 in
soccer/uk.eurosport.yahoo.com/ivanramos-ivancampo.html,,Defender,Spain,1.85m.,81.00kg.,21/02/1974 in San Sebastian
soccer/uk.eurosport.yahoo.com/ivica-olic.html,Hambourg SV,Striker,Croatia,1.82m.,82.00kg.,14/09/1979 in Slavonski Brod ( Croatia )
soccer/uk.eurosport.yahoo.com/james-harper.html,FC,Midfielders,,1.77m.,72.00kg.,09/11/1980 in Chelmsford
soccer/uk.eurosport.yahoo.com/james-mcfadden.html,,Striker,,1.78m.,70.00kg.,14/04/1983 in Glasgow
soccer/uk.eurosport.yahoo.com/james-milner.html,,Midfielders,,1.85m.,78.00kg.,04/01/1986 in Leeds
soccer/uk.eurosport.yahoo.com/jamie-carragher.html,FC,Defender,,1.86m.,76.00kg.,28/01/1978 in Bootle
soccer/uk.eurosport.yahoo.com/jari-litmanen.html,,Midfielders,Finland,1.81m.,82.00kg.,20/02/1971 in Lahti ( Finland )
soccer/uk.eurosport.yahoo.com/jason-koumas.html,,Midfielders,Wales,1.78m.,74.00kg.,25/09/1979 in
soccer/uk.eurosport.yahoo.com/jason-roberts.html,,Striker,Grenade,1.80m.,79.00kg.,25/01/1978 in Park Royal
soccer/uk.eurosport.yahoo.com/javier-garrido.html,,Defender,Spain,1.78m.,75.00kg.,15/03/1985 in Irun
soccer/uk.eurosport.yahoo.com/javier-mascherano.html,FC,Midfielders,Argentina,1.73m.,74.00kg.,08/06/1984 in San Lorenzo
soccer/uk.eurosport.yahoo.com/javier-zanetti.html,Inter Milan,Defender,Argentina,1.78m.,73.00kg.,10/08/1973 in Buenos Aires
soccer/uk.eurosport.yahoo.com/jean-makoun.html,Lyon,Midfielders,Cameroon,1.72m.,65.00kg.,29/05/1983 in Yaoundé
soccer/uk.eurosport.yahoo.com/jens-lehmann.html,VfB Stuttgart,Goalkeeper,Germany,1.90m.,87.00kg.,10/11/1969 in
soccer/uk.eurosport.yahoo.com/jeremie-aliadiere.html,,Striker,France,1.81m.,70.00kg.,30/03/1983 in Rambouillet
soccer/uk.eurosport.yahoo.com/jermain-defoe.html,,Striker,,1.69m.,65.00kg.,07/10/1982 in Reckton
soccer/uk.eurosport.yahoo.com/jermaine-jenas.html,Tottenham,Midfielders,,1.79m.,76.00kg.,18/02/1983 in Nottingham
soccer/uk.eurosport.yahoo.com/jermaine-pennant.html,FC,Midfielders,,1.67m.,63.00kg.,15/01/1983 in Nottingham
soccer/uk.eurosport.yahoo.com/jerzy-dudek.html,Real Madrid,Goalkeeper,Poland,1.87m.,81.00kg.,23/03/1973 in Rybnik
soccer/uk.eurosport.yahoo.com/jisung-park.html,,Midfielders,South Korea,1.75m.,70.00kg.,25/02/1981 in Seoul
soccer/uk.eurosport.yahoo.com/joan-capdevila.html,Villarreal,Defender,Spain,1.82m.,76.00kg.,02/03/1978 in
soccer/uk.eurosport.yahoo.com/joe-cole.html,,Midfielders,,1.75m.,70.00kg.,08/11/1981 in Islington
soccer/uk.eurosport.yahoo.com/joe-hart.html,,Goalkeeper,,1.91m.,83.00kg.,19/04/1987 in Shrewsbury
soccer/uk.eurosport.yahoo.com/joey-barton.html,,Midfielders,,1.72m.,70.00kg.,02/09/1982 in Huyton
soccer/uk.eurosport.yahoo.com/joey-obrien.html,Bolton,Midfielders,Ireland,1.80m.,75.00kg.,17/02/1986 in
soccer/uk.eurosport.yahoo.com/johan-djourou.html,,Defender,Switzerland,1.91m.,85.00kg.,18/01/1987 in
soccer/uk.eurosport.yahoo.com/johan-elmander.html,Bolton,Striker,Sweden,1.88m.,79.00kg.,27/05/1981 in
soccer/uk.eurosport.yahoo.com/john-carew.html,,Striker,Norway,1.93m.,90.00kg.,05/09/1979 in Lorenskog
soccer/uk.eurosport.yahoo.com/john-mensah.html,Lyon,Defender,Ghana,1.77m.,72.00kg.,29/11/1982 in Accra
soccer/uk.eurosport.yahoo.com/john-oshea.html,,Defender,Ireland,1.90m.,75.00kg.,30/04/1981 in Waterford
soccer/uk.eurosport.yahoo.com/john-pantsil.html,West Ham Utd,Defender,Ghana,1.78m.,80.00kg.,15/06/1981 in
soccer/uk.eurosport.yahoo.com/john-terry.html,,Defender,,1.82m.,75.00kg.,07/12/1980 in Barking
soccer/uk.eurosport.yahoo.com/johnobi-mikel.html,,Midfielders,Nigeria,1.80m.,80.00kg.,22/04/1987 in
soccer/uk.eurosport.yahoo.com/jolean-lescott.html,,Defender,,1.85m.,83.00kg.,16/08/1982 in Birmingham
soccer/uk.eurosport.yahoo.com/jonathan-woodgate.html,Tottenham,Defender,,1.89m.,80.00kg.,22/01/1980 in
soccer/uk.eurosport.yahoo.com/jonathan-zebina.html,Juventus Turin,Defender,France,1.84m.,80.00kg.,19/07/1978 in Paris
soccer/uk.eurosport.yahoo.com/jose-fernandotorres.html,FC,Striker,Spain,1.86m.,78.00kg.,20/03/1984 in
soccer/uk.eurosport.yahoo.com/josemaria-guti.html,Real Madrid,Midfielders,Spain,1.81m.,76.00kg.,31/10/1976 in Madrid
soccer/uk.eurosport.yahoo.com/joseba-llorente.html,Villarreal,Striker,Spain,1.84m.,72.00kg.,24/11/1979 in
soccer/uk.eurosport.yahoo.com/joseph-yobo.html,,Defender,Nigeria,1.85m.,76.00kg.,06/09/1980 in Kono
soccer/uk.eurosport.yahoo.com/josip-simunic.html,Hertha Berlin,Defender,Croatia,1.95m.,89.00kg.,18/02/1978 in Canberra ( Australia )
soccer/uk.eurosport.yahoo.com/julien-faubert.html,West Ham Utd,Midfielders,France,1.80m.,75.00kg.,01/08/1983 in Le Havre
soccer/uk.eurosport.yahoo.com/julio-arca.html,,Midfielders,Argentina,1.75m.,73.00kg.,31/01/1981 in Buenos Aires
soccer/uk.eurosport.yahoo.com/juninho.html,Lyon,Midfielders,Brazil,1.79m.,74.00kg.,30/01/1975 in Recife ( Brazil )
soccer/uk.eurosport.yahoo.com/jussi-jaaskelainen.html,Bolton,Goalkeeper,Finland,1.92m.,90.00kg.,19/04/1975 in Mikkeli
soccer/uk.eurosport.yahoo.com/justin-hoyte.html,,Defender,,1.80m.,70.00kg.,20/11/1984 in Waltham Forest
soccer/uk.eurosport.yahoo.com/jrmy-toulalan.html,Lyon,Midfielders,France,1.83m.,77.00kg.,10/09/1983 in Nantes
soccer/uk.eurosport.yahoo.com/kader-keita.html,Lyon,Striker,Ivory Coast,1.84m.,78.00kg.,06/08/1981 in Abidjan
soccer/uk.eurosport.yahoo.com/kahveci-nihat.html,Villarreal,Striker,Turkey,1.75m.,75.00kg.,23/11/1979 in
soccer/uk.eurosport.yahoo.com/kalifa-cisse.html,FC,Midfielders,France,1.86m.,76.00kg.,01/09/1981 in Dreux
soccer/uk.eurosport.yahoo.com/karim-benzema.html,Lyon,Striker,France,1.83m.,73.00kg.,19/12/1987 in Lyon
soccer/uk.eurosport.yahoo.com/kasey-keller.html,,Goalkeeper,USA,1.88m.,86.00kg.,29/11/1969 in Lacey ( Washington )
soccer/uk.eurosport.yahoo.com/keith-gillespie.html,Sheffield Utd,Midfielders,Northern Ireland,1.77m.,69.00kg.,18/02/1975 in Larne
soccer/uk.eurosport.yahoo.com/kenny-miller.html,,Striker,,1.75m.,67.00kg.,23/12/1979 in Edimbourg
soccer/uk.eurosport.yahoo.com/kevin-davies.html,Bolton,Striker,,1.83m.,85.00kg.,26/03/1977 in Sheffield
soccer/uk.eurosport.yahoo.com/kevin-doyle.html,FC,Striker,Ireland,1.81m.,80.00kg.,18/09/1983 in Adamstown
soccer/uk.eurosport.yahoo.com/kevin-nolan.html,Bolton,Midfielders,,1.82m.,88.00kg.,24/06/1982 in
soccer/uk.eurosport.yahoo.com/kieran-richardson.html,,Midfielders,,1.79m.,71.00kg.,21/10/1984 in Greenwich
soccer/uk.eurosport.yahoo.com/kim.html,Al Arabi Doha,Striker,Brazil,1.80m.,69.00kg.,22/06/1980 in Juiz of Fora
soccer/uk.eurosport.yahoo.com/kim-kallstrom.html,Lyon,Midfielders,Sweden,1.82m.,83.00kg.,24/08/1982 in
soccer/uk.eurosport.yahoo.com/kolo-toure.html,,Defender,Ivory Coast,1.83m.,76.00kg.,19/03/1981 in Sokoura Bouake
soccer/uk.eurosport.yahoo.com/konstantin-zyryanov.html,Zénith St-Petersbourg,Midfielders,Russia,1.76m.,72.00kg.,05/10/1977 in
soccer/uk.eurosport.yahoo.com/lars-hirschfeld.html,CFR Cluj-Napoca,Goalkeeper,Canada,1.90m.,90.00kg.,17/10/1978 in Edmonton
soccer/uk.eurosport.yahoo.com/lassana-diarra.html,,Midfielders,France,1.73m.,67.00kg.,10/03/1985 in Paris
soccer/uk.eurosport.yahoo.com/laurent-blanc.html,,Defender,France,1.92m.,88.00kg.,19/11/1965 in Alès
soccer/uk.eurosport.yahoo.com/ledley-king.html,Tottenham,Defender,,1.88m.,86.00kg.,12/10/1980 in London
soccer/uk.eurosport.yahoo.com/lee-bowyer.html,West Ham Utd,Midfielders,,1.75m.,68.00kg.,03/01/1977 in London
soccer/uk.eurosport.yahoo.com/lee-carsley.html,,Midfielders,Ireland,1.77m.,74.00kg.,28/02/1974 in Birmingahm (
soccer/uk.eurosport.yahoo.com/lee-cattermole.html,,Striker,,1.78m.,76.00kg.,21/03/1988 in Stockton
soccer/uk.eurosport.yahoo.com/leighton-baines.html,,Defender,,1.73m.,74.00kg.,11/12/1984 in
soccer/uk.eurosport.yahoo.com/leon-osman.html,,Midfielders,,1.79m.,71.00kg.,17/05/1981 in Wigan
soccer/uk.eurosport.yahoo.com/leroy-lita.html,FC,Striker,,1.75m.,70.00kg.,28/12/1984 in
soccer/uk.eurosport.yahoo.com/liam-ridgewell.html,,Defender,,1.78m.,65.00kg.,21/07/1984 in Bexley
soccer/uk.eurosport.yahoo.com/lilian-thuram.html,,Defender,France,1.82m.,70.00kg.,01/01/1972 in Pointe-à-Pitre ( Guadeloupe )
soccer/uk.eurosport.yahoo.com/lionel-messi.html,(FC) Barcelone,Striker,Argentina,1.69m.,67.00kg.,24/06/1987 in Rosario
soccer/uk.eurosport.yahoo.com/lorik-cana.html,Marseille,Midfielders,Albania,1.85m.,77.00kg.,27/07/1983 in
soccer/uk.eurosport.yahoo.com/louis-saha.html,,Striker,France,1.81m.,72.00kg.,08/08/1978 in Paris
soccer/uk.eurosport.yahoo.com/luca-toni.html,Bayern Munich,Striker,Italy,1.93m.,88.00kg.,26/05/1977 in Pavullo Nel Frignano
soccer/uk.eurosport.yahoo.com/lucas-neill.html,West Ham Utd,Defender,Australia,1.85m.,76.00kg.,09/03/1978 in Sydney ( Australia )
soccer/uk.eurosport.yahoo.com/luisantonio-valencia.html,,Midfielders,Ecuador,1.77m.,73.00kg.,04/08/1985 in
soccer/uk.eurosport.yahoo.com/luka-modric.html,Tottenham,Midfielders,Croatia,1.73m.,65.00kg.,09/09/1985 in
soccer/uk.eurosport.yahoo.com/lukas-podolski.html,Bayern Munich,Striker,Germany,1.80m.,80.00kg.,04/06/1985 in
soccer/uk.eurosport.yahoo.com/lukasz-fabianski.html,,Goalkeeper,Poland,1.91m.,84.00kg.,18/04/1985 in
soccer/uk.eurosport.yahoo.com/luke-young.html,,Defender,,1.83m.,77.00kg.,19/07/1979 in Harlow
soccer/uk.eurosport.yahoo.com/maceo-rigters.html,,,,,,
soccer/uk.eurosport.yahoo.com/mahamadou-diarra.html,Real Madrid,Midfielders,Mali,1.83m.,76.00kg.,18/05/1981 in Bamako
soccer/uk.eurosport.yahoo.com/maik-taylor.html,,Goalkeeper,Northern Ireland,1.95m.,86.00kg.,04/09/1971 in Hildesheim ( Germany )
soccer/uk.eurosport.yahoo.com/mamadou-niang.html,Marseille,Striker,Senegal,1.78m.,80.00kg.,13/10/1979 in Matam
soccer/uk.eurosport.yahoo.com/mamadou-samassa.html,Marseille,Striker,France,1.88m.,82.00kg.,01/05/1986 in Montfermeil
soccer/uk.eurosport.yahoo.com/manuel-almunia.html,,Goalkeeper,Spain,1.91m.,86.00kg.,19/05/1977 in Pampelune
soccer/uk.eurosport.yahoo.com/manuelhenriques-fernandes.html,Valence CF,Midfielders,Portugal,1.75m.,69.00kg.,05/02/1986 in Lisbon
soccer/uk.eurosport.yahoo.com/marc-crosas.html,Glasgow,Midfielders,Spain,1.72m.,69.00kg.,09/01/1988 in
soccer/uk.eurosport.yahoo.com/marc-planus.html,Bordeaux,Defender,France,1.80m.,75.00kg.,07/03/1982 in Bordeaux
soccer/uk.eurosport.yahoo.com/marco-borriello.html,Milan AC,Striker,Italy,1.80m.,73.00kg.,18/06/1982 in
soccer/uk.eurosport.yahoo.com/marco-cassetti.html,AS Rome,Defender,Italy,1.87m.,80.00kg.,29/05/1977 in Brescia
soccer/uk.eurosport.yahoo.com/marco-marchionni.html,Juventus Turin,Midfielders,Italy,1.75m.,66.00kg.,22/07/1980 in Monterotondo
soccer/uk.eurosport.yahoo.com/marco-materazzi.html,Inter Milan,Defender,Italy,1.93m.,89.00kg.,19/08/1973 in Lecce
soccer/uk.eurosport.yahoo.com/marek-saganowski.html,AaB Aalborg,Midfielders,Poland,1.78m.,76.00kg.,31/10/1978 in
soccer/uk.eurosport.yahoo.com/mario-balotelli.html,Inter Milan,Striker,Italy,1.89m.,88.00kg.,12/08/1990 in
soccer/uk.eurosport.yahoo.com/mario-galinovic.html,Panathinaïkos,Goalkeeper,Croatia,1.93m.,92.00kg.,15/11/1976 in
soccer/uk.eurosport.yahoo.com/mario-gomez.html,VfB Stuttgart,Striker,Germany,1.87m.,79.00kg.,10/07/1985 in
soccer/uk.eurosport.yahoo.com/mario-melchiot.html,,Defender,Netherlands,1.87m.,74.00kg.,04/11/1976 in
soccer/uk.eurosport.yahoo.com/mariusz-lewandowski.html,Chakhtior Donetsk,Defender,Poland,1.85m.,84.00kg.,18/05/1979 in Legnica
soccer/uk.eurosport.yahoo.com/mark-gonzalez.html,Betis Séville,Striker,Chili,1.75m.,70.00kg.,10/07/1984 in Durban ( Af Sud )
soccer/uk.eurosport.yahoo.com/mark-randall.html,,Midfielders,,,,28/09/1989 in
soccer/uk.eurosport.yahoo.com/mark-schwarzer.html,,Goalkeeper,Australia,1.96m.,90.00kg.,06/10/1972 in
soccer/uk.eurosport.yahoo.com/mark-viduka.html,,Striker,Australia,1.88m.,86.00kg.,09/10/1975 in Melbourne ( Australia )
soccer/uk.eurosport.yahoo.com/markus-rosenberg.html,Werder Brême,Striker,Sweden,1.78m.,74.00kg.,27/09/1982 in
soccer/uk.eurosport.yahoo.com/marlon-harewood.html,,Striker,,1.85m.,63.00kg.,25/08/1979 in Hampstead
soccer/uk.eurosport.yahoo.com/marlon-king.html,,Striker,Jamaica,1.85m.,77.00kg.,24/06/1980 in Dulwich
soccer/uk.eurosport.yahoo.com/marouane-chamakh.html,Bordeaux,Striker,Morocco,1.85m.,70.00kg.,10/01/1984 in Tonnens
soccer/uk.eurosport.yahoo.com/marouane-fellaini.html,,Midfielders,Belgium,1.94m.,85.00kg.,22/11/1987 in Brussels
soccer/uk.eurosport.yahoo.com/martin-jorgensen.html,Fiorentina,Midfielders,Denmark,1.80m.,78.00kg.,06/10/1975 in Oerstad
soccer/uk.eurosport.yahoo.com/martin-laursen.html,,Defender,Denmark,1.89m.,85.00kg.,26/07/1977 in Farvoug
soccer/uk.eurosport.yahoo.com/martin-petrov.html,,Midfielders,Bulgaria,1.85m.,83.00kg.,15/01/1979 in Vratza
soccer/uk.eurosport.yahoo.com/martin-skrtel.html,FC,Defender,Slovakia,1.86m.,79.00kg.,15/12/1984 in
soccer/uk.eurosport.yahoo.com/martin-demichelis.html,Bayern Munich,Defender,Argentina,1.84m.,80.00kg.,20/12/1980 in Justiniano Posse
soccer/uk.eurosport.yahoo.com/massimo-donati.html,Glasgow,Midfielders,Italy,1.86m.,77.00kg.,26/03/1981 in Sedegliano
soccer/uk.eurosport.yahoo.com/mathieu-valbuena.html,Marseille,Midfielders,France,1.63m.,57.00kg.,28/09/1984 in Bruges ( 33 )
soccer/uk.eurosport.yahoo.com/matthew-upson.html,West Ham Utd,Defender,,1.85m.,72.00kg.,18/04/1979 in Eye
soccer/uk.eurosport.yahoo.com/mauro-zarate.html,Lazio Rome,Striker,Argentina,1.76m.,76.00kg.,18/03/1987 in Haedo
soccer/uk.eurosport.yahoo.com/micah-richards.html,,Defender,,1.77m.,80.00kg.,24/06/1988 in Birmingham
soccer/uk.eurosport.yahoo.com/michael-ball.html,,Defender,,1.77m.,70.00kg.,02/10/1979 in
soccer/uk.eurosport.yahoo.com/michael-ballack.html,,Midfielders,Germany,1.89m.,80.00kg.,26/09/1976 in
soccer/uk.eurosport.yahoo.com/michael-beauchamp.html,AaB Aalborg,Defender,Australia,1.91m.,85.00kg.,08/03/1981 in Sydney ( Australia )
soccer/uk.eurosport.yahoo.com/michael-brown.html,,Midfielders,,1.77m.,73.00kg.,25/01/1977 in Hartlepool
soccer/uk.eurosport.yahoo.com/michael-carrick.html,,Midfielders,,1.83m.,74.00kg.,28/07/1981 in Wallsend
soccer/uk.eurosport.yahoo.com/michael-dawson.html,Tottenham,Defender,,1.87m.,77.00kg.,18/11/1983 in Northallerton
soccer/uk.eurosport.yahoo.com/michael-duberry.html,FC,Defender,,1.85m.,87.00kg.,14/10/1975 in Enfield
soccer/uk.eurosport.yahoo.com/michael-essien.html,,Midfielders,Ghana,1.80m.,78.00kg.,08/12/1982 in Accra
soccer/uk.eurosport.yahoo.com/michael-johnson.html,,Midfielders,,,,24/02/1988 in
soccer/uk.eurosport.yahoo.com/michael-owen.html,,Striker,,1.73m.,70.00kg.,14/12/1979 in Chester
soccer/uk.eurosport.yahoo.com/michael-rensing.html,Bayern Munich,Goalkeeper,Germany,1.89m.,85.00kg.,14/05/1984 in Ligen
soccer/uk.eurosport.yahoo.com/michel-platini.html,,Midfielders,France,1.79m.,73.00kg.,21/06/1955 in
soccer/uk.eurosport.yahoo.com/mikel-arteta.html,,Midfielders,Spain,1.76m.,69.00kg.,26/03/1982 in San Sebastian
soccer/uk.eurosport.yahoo.com/milan-baros.html,Galatasaray,Striker,Czech Republic,1.84m.,78.00kg.,28/10/1981 in Ostrava
soccer/uk.eurosport.yahoo.com/miralem-pjanic.html,Lyon,Midfielders,Bosnia and Herzegovina,1.80m.,68.00kg.,02/04/1990 in
soccer/uk.eurosport.yahoo.com/mirko-vucinic.html,AS Rome,Striker,Montenegro,1.86m.,76.00kg.,01/10/1983 in Niksic
soccer/uk.eurosport.yahoo.com/miroslav-klose.html,Bayern Munich,Striker,Germany,1.82m.,74.00kg.,09/06/1978 in Oppeln/Schlesien ( POL )
soccer/uk.eurosport.yahoo.com/mladen-petric.html,Hambourg SV,Striker,Croatia,1.85m.,77.00kg.,01/01/1981 in
soccer/uk.eurosport.yahoo.com/modeste-mbami.html,Marseille,Midfielders,Cameroon,1.72m.,67.00kg.,09/10/1982 in Yaoundé
soccer/uk.eurosport.yahoo.com/mohamed-shawky.html,,Midfielders,Egypt,1.81m.,75.00kg.,05/10/1981 in
soccer/uk.eurosport.yahoo.com/mohamed-zidan.html,Borussia Dortmund,Striker,Egypt,1.78m.,68.00kg.,11/12/1981 in Port Saïd
soccer/uk.eurosport.yahoo.com/mustapha-riga.html,Bolton,Striker,Netherlands,1.82m.,67.00kg.,10/10/1981 in Accra
soccer/uk.eurosport.yahoo.com/nani.html,,Midfielders,Portugal,1.75m.,66.00kg.,17/11/1986 in Amadora
soccer/uk.eurosport.yahoo.com/nemanja-vidic.html,,Defender,Serbia,1.88m.,84.00kg.,21/10/1981 in Uzice
soccer/uk.eurosport.yahoo.com/nicklas-bendtner.html,,Striker,Denmark,1.91m.,78.00kg.,16/01/1988 in
soccer/uk.eurosport.yahoo.com/nicky-butt.html,,Midfielders,,1.78m.,75.00kg.,21/01/1975 in Manchester
soccer/uk.eurosport.yahoo.com/nicky-hunt.html,Bolton,Midfielders,,1.85m.,66.00kg.,03/09/1983 in Westhoughton
soccer/uk.eurosport.yahoo.com/nicky-shorey.html,,Defender,,1.75m.,67.00kg.,19/02/1981 in Romford
soccer/uk.eurosport.yahoo.com/niclas-alexandersson.html,IFK Göteborg,Defender,Sweden,1.81m.,75.00kg.,29/12/1971 in
soccer/uk.eurosport.yahoo.com/nicolas-anelka.html,,Striker,France,1.84m.,77.00kg.,14/03/1979 in Versailles
soccer/uk.eurosport.yahoo.com/nigel-reocoker.html,,Midfielders,,1.72m.,65.00kg.,14/05/1984 in Southwark
soccer/uk.eurosport.yahoo.com/niko-kranjcar.html,,Midfielders,Croatia,1.84m.,83.00kg.,13/08/1984 in Vienne ( AUT )
soccer/uk.eurosport.yahoo.com/nikola-zigic.html,Valence CF,Striker,Serbia,2.02m.,90.00kg.,25/09/1980 in Backa Topola
soccer/uk.eurosport.yahoo.com/nolberto-solano.html,Larissa,Midfielders,Peru,1.74m.,64.00kg.,12/12/1974 in Callao
soccer/uk.eurosport.yahoo.com/nwankwo-kanu.html,,Striker,Nigeria,1.97m.,80.00kg.,01/08/1976 in Owerri
soccer/uk.eurosport.yahoo.com/nyron-nosworthy.html,,Defender,,1.85m.,79.00kg.,11/10/1980 in Brixton
soccer/uk.eurosport.yahoo.com/obafemi-martins.html,,Striker,Nigeria,1.70m.,70.00kg.,28/10/1984 in Lagos
soccer/uk.eurosport.yahoo.com/olano-xabialonso.html,FC,Midfielders,Spain,1.83m.,75.00kg.,25/11/1981 in
soccer/uk.eurosport.yahoo.com/oliver-kahn.html,,Goalkeeper,Germany,1.88m.,87.00kg.,15/06/1969 in Karlsruhe ( Germany )
soccer/uk.eurosport.yahoo.com/olivier-kapo.html,,Midfielders,France,1.84m.,78.00kg.,27/09/1980 in Abidjan ( Ivory Coast )
soccer/uk.eurosport.yahoo.com/olof-mellberg.html,Juventus Turin,Defender,Sweden,1.86m.,82.00kg.,03/09/1977 in
soccer/uk.eurosport.yahoo.com/otman-bakkal.html,PSV Eindhoven,Midfielders,Netherlands,1.82m.,76.00kg.,27/02/1982 in Eindhoven
soccer/uk.eurosport.yahoo.com/ousmane-dabo.html,Lazio Rome,Midfielders,France,1.85m.,83.00kg.,08/02/1977 in Laval
soccer/uk.eurosport.yahoo.com/owen-hargreaves.html,,Midfielders,,1.80m.,74.00kg.,20/01/1981 in Calgary ( Canada )
soccer/uk.eurosport.yahoo.com/pablo-aimar.html,Benfica,Midfielders,Argentina,1.70m.,62.00kg.,03/11/1979 in Rio Cuarto
soccer/uk.eurosport.yahoo.com/paolo-maldini.html,Milan AC,Defender,Italy,1.86m.,83.00kg.,26/06/1968 in Milan
soccer/uk.eurosport.yahoo.com/pascal-cygan.html,Villarreal,Defender,France,1.92m.,87.00kg.,29/04/1974 in Lens
soccer/uk.eurosport.yahoo.com/patrice-evra.html,,Defender,France,1.75m.,76.00kg.,15/05/1981 in Dakar ( Senegal )
soccer/uk.eurosport.yahoo.com/patrick-vieira.html,Inter Milan,Midfielders,France,1.91m.,83.00kg.,23/06/1976 in
soccer/uk.eurosport.yahoo.com/paul-hartley.html,Glasgow,Midfielders,,1.72m.,63.00kg.,19/10/1976 in Glasgow
soccer/uk.eurosport.yahoo.com/paul-konchesky.html,,Defender,,1.78m.,66.00kg.,15/05/1981 in Barking
soccer/uk.eurosport.yahoo.com/paul-robinson.html,West Brom,Defender,,1.75m.,73.00kg.,14/12/1978 in
soccer/uk.eurosport.yahoo.com/paul-scharner.html,,Midfielders,Austria,,,11/03/1980 in
soccer/uk.eurosport.yahoo.com/paul-scholes.html,,Midfielders,,1.70m.,70.00kg.,16/11/1974 in Salford
soccer/uk.eurosport.yahoo.com/pedro-mendes.html,,Midfielders,Portugal,1.77m.,78.00kg.,26/02/1979 in Guimaraes
soccer/uk.eurosport.yahoo.com/pele.html,Inter Milan,Midfielders,Portugal,1.80m.,74.00kg.,14/09/1987 in Porto
soccer/uk.eurosport.yahoo.com/pepe.html,Real Madrid,Defender,Portugal,1.90m.,81.00kg.,26/02/1983 in
soccer/uk.eurosport.yahoo.com/per-kroldrup.html,Fiorentina,Defender,Denmark,1.87m.,82.00kg.,31/07/1979 in Farso
soccer/uk.eurosport.yahoo.com/per-mertesacker.html,Werder Brême,Defender,Germany,1.96m.,85.00kg.,29/09/1984 in
soccer/uk.eurosport.yahoo.com/peter-crouch.html,,Striker,,1.98m.,69.00kg.,30/01/1981 in Macclesfield
soccer/uk.eurosport.yahoo.com/peter-halmosi.html,,Midfielders,Hungary,1.78m.,69.00kg.,25/09/1979 in Szombathely
soccer/uk.eurosport.yahoo.com/peter-niemeyer.html,Werder Brême,Defender,Germany,1.91m.,77.00kg.,22/11/1983 in Horstel-Riesenbeck
soccer/uk.eurosport.yahoo.com/petter-hansson.html,Rennes,Defender,Sweden,1.88m.,84.00kg.,14/12/1976 in
soccer/uk.eurosport.yahoo.com/philipp-degen.html,FC,Defender,Switzerland,1.84m.,81.00kg.,15/02/1983 in
soccer/uk.eurosport.yahoo.com/philipp-lahm.html,Bayern Munich,Defender,Germany,1.70m.,64.00kg.,11/11/1983 in
soccer/uk.eurosport.yahoo.com/philippe-christanval.html,,Defender,France,1.89m.,81.00kg.,31/08/1978 in Paris
soccer/uk.eurosport.yahoo.com/philippe-senderos.html,Milan AC,Defender,Switzerland,1.90m.,84.00kg.,14/02/1985 in Genève ( Switzerland )
soccer/uk.eurosport.yahoo.com/phillip-bardsley.html,,Defender,,1.72m.,70.00kg.,28/06/1985 in Salford
soccer/uk.eurosport.yahoo.com/pierre-ducasse.html,Bordeaux,Midfielders,France,1.79m.,73.00kg.,07/05/1987 in Bordeaux
soccer/uk.eurosport.yahoo.com/radek-sirl.html,Zénith St-Petersbourg,Midfielders,Czech Republic,1.81m.,73.00kg.,30/03/1981 in
soccer/uk.eurosport.yahoo.com/rafael-marquez.html,(FC) Barcelone,Defender,Mexico,1.82m.,75.00kg.,13/02/1979 in Zamora
soccer/uk.eurosport.yahoo.com/rafael-vandervaart.html,Real Madrid,Midfielders,Netherlands,1.75m.,70.00kg.,11/02/1983 in
soccer/uk.eurosport.yahoo.com/raul-albiol.html,Valence CF,Defender,Spain,1.87m.,74.00kg.,04/09/1985 in
soccer/uk.eurosport.yahoo.com/raul-meireles.html,FC Porto,Midfielder,Portugal,1.79m.,65.00kg.,17/03/1983 in
soccer/uk.eurosport.yahoo.com/raymond-domenech.html,,Defender,France,,,20/01/1952 in à Lyon.
soccer/uk.eurosport.yahoo.com/renato.html,Bayer Leverkusen,Midfielders,Brazil,1.85m.,80.00kg.,08/02/1988 in
soccer/uk.eurosport.yahoo.com/ricardo-gardner.html,Bolton,Midfielders,Jamaica,1.75m.,70.00kg.,25/09/1978 in St Andrews (
soccer/uk.eurosport.yahoo.com/ricardo-quaresma.html,Inter Milan,Midfielders,Portugal,1.73m.,74.00kg.,26/09/1983 in Lisbon
soccer/uk.eurosport.yahoo.com/ricardocarvalho.html,,Defender,Portugal,1.84m.,79.00kg.,18/05/1978 in Amarante
soccer/uk.eurosport.yahoo.com/riccardo-montolivo.html,Fiorentina,Midfielders,Italy,1.81m.,65.00kg.,18/01/1985 in Caravaggio
soccer/uk.eurosport.yahoo.com/richard-dunne.html,,Defender,Ireland,1.87m.,95.00kg.,21/09/1979 in Dublin
soccer/uk.eurosport.yahoo.com/richard-kingston.html,,Goalkeeper,Ghana,1.85m.,84.00kg.,13/06/1978 in
soccer/uk.eurosport.yahoo.com/rigobert-song.html,Trabzonspor,Defender,Cameroon,1.83m.,76.00kg.,01/07/1976 in Nkanglicock
soccer/uk.eurosport.yahoo.com/rio-ferdinand.html,,Defender,,1.89m.,82.00kg.,08/11/1978 in Peckham
soccer/uk.eurosport.yahoo.com/rob-hulse.html,Sheff Utd,Forward,,1.85m.,78.00kg.,25/10/1979 in
soccer/uk.eurosport.yahoo.com/robbie-fowler.html,,Striker,,1.80m.,72.00kg.,09/04/1975 in Toxteth
soccer/uk.eurosport.yahoo.com/robbie-keane.html,FC,Striker,Ireland,1.76m.,73.00kg.,08/07/1980 in Dublin
soccer/uk.eurosport.yahoo.com/robert-earnshaw.html,,Striker,Wales,1.73m.,68.00kg.,06/04/1981 in
soccer/uk.eurosport.yahoo.com/robert-green.html,West Ham Utd,Goalkeeper,,1.91m.,93.00kg.,18/01/1980 in Chertsey
soccer/uk.eurosport.yahoo.com/robert-huth.html,,Defender,Germany,1.87m.,82.00kg.,18/08/1984 in
soccer/uk.eurosport.yahoo.com/robert-kovac.html,Borussia Dortmund,Defender,Croatia,1.82m.,78.00kg.,06/04/1974 in
soccer/uk.eurosport.yahoo.com/robert-pires.html,Villarreal,Midfielders,France,1.80m.,74.00kg.,29/10/1973 in Reims
soccer/uk.eurosport.yahoo.com/robin-vanpersie.html,,Midfielders,Netherlands,1.83m.,71.00kg.,06/08/1983 in
soccer/uk.eurosport.yahoo.com/robinson-zapata.html,Steaua Bucarest,Goalkeeper,Colombia,1.83m.,75.00kg.,30/09/1978 in
soccer/uk.eurosport.yahoo.com/rodrigo-taddei.html,AS Rome,Midfielders,Brazil,1.76m.,71.00kg.,06/03/1980 in São Paulo
soccer/uk.eurosport.yahoo.com/roger-lemerre.html,,Defender,France,1.81m.,77.00kg.,18/06/1941 in à Briquebec ( Manche ).
soccer/uk.eurosport.yahoo.com/rolando-bianchi.html,Torino,Striker,Italy,1.78m.,67.00kg.,15/02/1983 in Albano San Alessandro
soccer/uk.eurosport.yahoo.com/roman-eremenko.html,Dynamo Kiev,Defender,Finland,1.80m.,67.00kg.,19/03/1987 in Mosca
soccer/uk.eurosport.yahoo.com/roman-pavlyuchenko.html,Tottenham,Striker,Russia,1.88m.,79.00kg.,15/12/1981 in
soccer/uk.eurosport.yahoo.com/ronald-zubar.html,Marseille,Defender,France,1.86m.,80.00kg.,20/09/1985 in Les Abymes ( Guadeloupe )
soccer/uk.eurosport.yahoo.com/ronaldinho.html,Milan AC,Midfielders,Brazil,1.82m.,76.00kg.,21/03/1980 in
soccer/uk.eurosport.yahoo.com/ronaldo.html,,Striker,Brazil,1.83m.,83.00kg.,22/09/1976 in Rio of Janeiro ( BRA )
soccer/uk.eurosport.yahoo.com/roque-santacruz.html,,Striker,Paraguay,1.89m.,80.00kg.,16/08/1981 in Asuncion
soccer/uk.eurosport.yahoo.com/ross-wallace.html,Preston NE,Midfielders,,1.72m.,64.00kg.,23/05/1985 in
soccer/uk.eurosport.yahoo.com/roy-carroll.html,,Goalkeeper,Northern Ireland,1.87m.,74.00kg.,30/09/1977 in
soccer/uk.eurosport.yahoo.com/roy-keane.html,,Midfielders,Ireland,1.80m.,76.00kg.,10/08/1971 in Cork
soccer/uk.eurosport.yahoo.com/rudy-riou.html,Marseille,Goalkeeper,France,1.85m.,78.00kg.,22/01/1980 in Grande-Synthe
soccer/uk.eurosport.yahoo.com/ryan-giggs.html,,Midfielders,Wales,1.80m.,68.00kg.,29/11/1973 in Cardiff
soccer/uk.eurosport.yahoo.com/ryan-nelsen.html,,Defender,New-Zealand,1.85m.,84.00kg.,18/10/1977 in Christchurch
soccer/uk.eurosport.yahoo.com/salomon-kalou.html,,Striker,Ivory Coast,1.75m.,72.00kg.,05/08/1985 in Oumé
soccer/uk.eurosport.yahoo.com/sami-hyypia.html,FC,Defender,Finland,1.92m.,85.00kg.,07/10/1973 in Porvvo
soccer/uk.eurosport.yahoo.com/samir-nasri.html,,Midfielders,France,1.78m.,75.00kg.,26/06/1987 in Marseille
soccer/uk.eurosport.yahoo.com/samuel-etoo.html,(FC) Barcelone,Striker,Cameroon,1.79m.,75.00kg.,10/03/1981 in Nkon
soccer/uk.eurosport.yahoo.com/sanli-tuncay.html,,Striker,Turkey,1.82m.,70.00kg.,16/01/1982 in Sakarya
soccer/uk.eurosport.yahoo.com/santiago-canizares.html,Valence CF,Goalkeeper,Spain,1.81m.,78.00kg.,18/12/1969 in Puertollano ( Ciudad Real )
soccer/uk.eurosport.yahoo.com/scott-carson.html,West Brom,Goalkeeper,,1.90m.,85.00kg.,03/09/1985 in Whitehaven
soccer/uk.eurosport.yahoo.com/scott-chipperfield.html,FC Bâle,Midfielders,Switzerland,1.83m.,80.00kg.,30/12/1975 in Wollongong ( Australia )
soccer/uk.eurosport.yahoo.com/scott-parker.html,West Ham Utd,Midfielders,,1.75m.,69.00kg.,13/10/1980 in Lambeth
soccer/uk.eurosport.yahoo.com/scott-sinclair.html,,Striker,,1.76m.,68.00kg.,25/03/1989 in
soccer/uk.eurosport.yahoo.com/sean-davis.html,,Midfielders,,1.80m.,80.00kg.,20/09/1979 in Clapham
soccer/uk.eurosport.yahoo.com/sebastian-boenisch.html,Werder Brême,Defender,Germany,1.91m.,85.00kg.,01/02/1987 in
soccer/uk.eurosport.yahoo.com/sebastian-larsson.html,,Midfielders,Sweden,1.79m.,71.00kg.,06/06/1985 in
soccer/uk.eurosport.yahoo.com/sergio-aguero.html,Atletico Madrid,Striker,Argentina,1.74m.,74.00kg.,02/06/1988 in Capital Federal
soccer/uk.eurosport.yahoo.com/sergioramos.html,Real Madrid,Defender,Spain,1.83m.,73.00kg.,30/03/1986 in
soccer/uk.eurosport.yahoo.com/seydou-keita.html,(FC) Barcelone,Midfielders,Mali,1.83m.,77.00kg.,16/01/1980 in Bamako
soccer/uk.eurosport.yahoo.com/shabani-nonda.html,Galatasaray,Striker,DR Congo,1.82m.,77.00kg.,06/03/1977 in Bujumbura ( Burundi )
soccer/uk.eurosport.yahoo.com/shaun-maloney.html,Glasgow,Striker,,1.67m.,69.00kg.,24/01/1983 in
soccer/uk.eurosport.yahoo.com/shaun-wrightphillips.html,,Midfielders,,1.68m.,64.00kg.,25/10/1981 in London
soccer/uk.eurosport.yahoo.com/shay-given.html,,Goalkeeper,Ireland,1.87m.,81.00kg.,20/04/1976 in Lifford
soccer/uk.eurosport.yahoo.com/sheyiemmanuel-adebayor.html,,Striker,Togo,1.90m.,75.00kg.,26/02/1984 in Lome
soccer/uk.eurosport.yahoo.com/shola-ameobi.html,,Striker,,1.89m.,76.00kg.,12/10/1981 in Zaria ( Nigeria )
soccer/uk.eurosport.yahoo.com/shunsuke-nakamura.html,Glasgow,Midfielders,Japan,1.78m.,69.00kg.,24/06/1978 in
soccer/uk.eurosport.yahoo.com/sibusiso-zuma.html,Arminia Bielefeld,Striker,South Africa,1.80m.,68.00kg.,23/06/1975 in Mpumalanga
soccer/uk.eurosport.yahoo.com/sidney-govou.html,Lyon,Striker,France,1.75m.,72.00kg.,27/07/1979 in Le Puy-en-Velay
soccer/uk.eurosport.yahoo.com/simone-inzaghi.html,Lazio Rome,Striker,Italy,1.83m.,80.00kg.,05/04/1976 in Piacenza
soccer/uk.eurosport.yahoo.com/simone-loria.html,AS Rome,Defender,Italy,1.87m.,86.00kg.,28/10/1976 in
soccer/uk.eurosport.yahoo.com/simone-perrotta.html,AS Rome,Midfielders,Italy,1.78m.,72.00kg.,17/09/1977 in Ashton (
soccer/uk.eurosport.yahoo.com/sol-campbell.html,,Defender,,1.88m.,91.00kg.,18/09/1974 in Newham
soccer/uk.eurosport.yahoo.com/sonny-anderson.html,,Striker,Brazil,1.81m.,72.00kg.,19/09/1970 in Goiatuba
soccer/uk.eurosport.yahoo.com/souleymane-diawara.html,Bordeaux,Defender,Senegal,1.85m.,74.00kg.,24/12/1978 in Gabou ( Senegal )
soccer/uk.eurosport.yahoo.com/steed-malbranque.html,,Midfielders,France,1.72m.,73.00kg.,06/01/1980 in
soccer/uk.eurosport.yahoo.com/stelios-giannakopoulos.html,,Midfielders,Greece,1.72m.,70.00kg.,12/07/1974 in
soccer/uk.eurosport.yahoo.com/stephen-appiah.html,Fenerbahçe,Midfielders,Ghana,1.78m.,77.00kg.,24/12/1980 in Accra
soccer/uk.eurosport.yahoo.com/stephen-bywater.html,,Goalkeeper,,1.88m.,81.00kg.,07/06/1981 in Manchester
soccer/uk.eurosport.yahoo.com/stephen-ireland.html,,Striker,Ireland,1.72m.,66.00kg.,22/08/1986 in Cork
soccer/uk.eurosport.yahoo.com/stephen-pearson.html,,Midfielders,,1.85m.,72.00kg.,02/10/1982 in Lanark
soccer/uk.eurosport.yahoo.com/stephen-warnock.html,,Defender,,1.80m.,75.00kg.,12/12/1981 in Ormskirk
soccer/uk.eurosport.yahoo.com/steve-finnan.html,Espanyol Barcelone,Defender,Ireland,1.75m.,67.00kg.,24/04/1976 in Limerick
soccer/uk.eurosport.yahoo.com/steve-harper.html,,Goalkeeper,,1.88m.,83.00kg.,14/03/1975 in Easington
soccer/uk.eurosport.yahoo.com/steve-mandanda.html,Marseille,Goalkeeper,France,1.85m.,82.00kg.,28/03/1985 in Kinshasa
soccer/uk.eurosport.yahoo.com/steve-sidwell.html,,Midfielders,,1.77m.,69.00kg.,14/12/1982 in
soccer/uk.eurosport.yahoo.com/steven-davis.html,,Midfielders,Northern Ireland,1.70m.,60.00kg.,01/01/1985 in Ballymena
soccer/uk.eurosport.yahoo.com/steven-gerrard.html,FC,Midfielders,,1.88m.,82.00kg.,30/05/1980 in Whiston
soccer/uk.eurosport.yahoo.com/steven-pienaar.html,,Striker,South Africa,1.76m.,66.00kg.,17/03/1982 in Westbury
soccer/uk.eurosport.yahoo.com/steven-taylor.html,,Defender,,1.88m.,81.00kg.,23/01/1986 in Greenwich
soccer/uk.eurosport.yahoo.com/stewart-downing.html,,Midfielders,,1.82m.,69.00kg.,22/07/1984 in Moddlesbrough
soccer/uk.eurosport.yahoo.com/stilian-petrov.html,,Midfielders,Bulgaria,1.80m.,77.00kg.,05/07/1979 in
soccer/uk.eurosport.yahoo.com/stipe-pletikosa.html,Spartak Moscou,Goalkeeper,Croatia,1.93m.,83.00kg.,08/01/1979 in
soccer/uk.eurosport.yahoo.com/stuart-parnaby.html,,Midfielders,,1.79m.,70.00kg.,19/07/1982 in Durham
soccer/uk.eurosport.yahoo.com/sulleyali-muntari.html,Inter Milan,Midfielders,Ghana,1.79m.,76.00kg.,27/08/1984 in
soccer/uk.eurosport.yahoo.com/sylvain-distin.html,,Defender,France,1.91m.,88.00kg.,16/12/1977 in Bagnolet
soccer/uk.eurosport.yahoo.com/sbastien-puygrenier.html,Zénith St-Petersbourg,Defender,France,1.87m.,88.00kg.,28/01/1982 in Limoges
soccer/uk.eurosport.yahoo.com/tal-benham.html,,Defender,Israel,1.81m.,75.00kg.,13/03/1982 in Rishon Le'Zion
soccer/uk.eurosport.yahoo.com/taye-taiwo.html,Marseille,Defender,Nigeria,1.78m.,75.00kg.,16/04/1985 in Lagos
soccer/uk.eurosport.yahoo.com/teemu-tainio.html,,Midfielders,Finland,1.75m.,69.00kg.,27/11/1979 in Tornio
soccer/uk.eurosport.yahoo.com/theo-walcott.html,,Striker,,1.76m.,68.00kg.,16/03/1989 in Middlesex
soccer/uk.eurosport.yahoo.com/thierry-henry.html,(FC) Barcelone,Striker,France,1.88m.,83.00kg.,17/08/1977 in Les Ulis
soccer/uk.eurosport.yahoo.com/thomas-augustinussen.html,AaB Aalborg,Striker,Denmark,1.92m.,84.00kg.,20/03/1981 in
soccer/uk.eurosport.yahoo.com/thomas-gravesen.html,,Midfielders,Denmark,1.83m.,85.00kg.,11/03/1976 in Vejle
soccer/uk.eurosport.yahoo.com/tiago.html,Juventus Turin,Midfielders,Portugal,1.83m.,79.00kg.,02/05/1981 in Viana do Castelo
soccer/uk.eurosport.yahoo.com/tim-cahill.html,,Midfielders,Australia,1.78m.,68.00kg.,06/12/1979 in Sydney ( Australia )
soccer/uk.eurosport.yahoo.com/tim-howard.html,,Goalkeeper,USA,1.92m.,95.00kg.,06/03/1979 in North Brunswick
soccer/uk.eurosport.yahoo.com/timmy-simons.html,PSV Eindhoven,Midfielders,Belgium,1.86m.,77.00kg.,11/12/1976 in Diest
soccer/uk.eurosport.yahoo.com/titus-bramble.html,,Defender,,1.85m.,87.00kg.,21/07/1981 in Ipswich
soccer/uk.eurosport.yahoo.com/tom-huddlestone.html,Tottenham,Defender,,1.90m.,94.00kg.,28/12/1986 in Nottingham
soccer/uk.eurosport.yahoo.com/tomas-rosicky.html,,Midfielders,Czech Republic,1.79m.,68.00kg.,04/10/1980 in Prague
soccer/uk.eurosport.yahoo.com/tomasz-kuszczak.html,,Goalkeeper,Poland,1.90m.,84.00kg.,20/03/1982 in Krosno Odrzanski ( Poland )
soccer/uk.eurosport.yahoo.com/torsten-frings.html,Werder Brême,Midfielders,Germany,1.82m.,80.00kg.,22/11/1976 in
soccer/uk.eurosport.yahoo.com/tranquillo-barnetta.html,Bayer Leverkusen,Striker,Switzerland,1.76m.,62.00kg.,22/05/1985 in Rotmonten
soccer/uk.eurosport.yahoo.com/turan-arda.html,Galatasaray,Midfielders,Turkey,1.76m.,72.00kg.,30/01/1987 in
soccer/uk.eurosport.yahoo.com/tyrone-mears.html,Marseille,Defender,,1.80m.,74.00kg.,18/02/1983 in
soccer/uk.eurosport.yahoo.com/ulrich-rame.html,Bordeaux,Goalkeeper,France,1.87m.,83.00kg.,19/09/1972 in Nantes
soccer/uk.eurosport.yahoo.com/valon-behrami.html,West Ham Utd,Midfielders,Switzerland,1.84m.,71.00kg.,19/04/1985 in
soccer/uk.eurosport.yahoo.com/vassirikiabou-diaby.html,,Midfielders,France,1.88m.,75.00kg.,11/05/1986 in Paris
soccer/uk.eurosport.yahoo.com/vedran-corluka.html,Tottenham,Defender,Croatia,1.93m.,88.00kg.,09/02/1986 in
soccer/uk.eurosport.yahoo.com/vicente.html,Valence CF,Midfielders,Spain,1.75m.,72.00kg.,16/07/1981 in Valence
soccer/uk.eurosport.yahoo.com/vincent-candela.html,,Defender,France,1.80m.,73.00kg.,24/10/1973 in Bédarieux
soccer/uk.eurosport.yahoo.com/vincent-kompany.html,,Defender,Belgium,1.90m.,85.00kg.,10/04/1986 in
soccer/uk.eurosport.yahoo.com/vincenzo-iaquinta.html,Juventus Turin,Striker,Italy,1.88m.,79.00kg.,21/11/1979 in Crotone
soccer/uk.eurosport.yahoo.com/vitali-rodionov.html,BATE Borisov,Striker,Belarus,1.79m.,77.00kg.,11/12/1983 in
soccer/uk.eurosport.yahoo.com/vladimir-smicer.html,Slavia Prague,Midfielders,Czech Republic,1.80m.,71.00kg.,24/05/1973 in Prague
soccer/uk.eurosport.yahoo.com/vladimir-stojkovic.html,Sporting Portugal,Goalkeeper,Serbia,1.95m.,92.00kg.,28/07/1983 in Loznica
soccer/uk.eurosport.yahoo.com/walter-pandiani.html,Osasuna,Striker,Uruguay,1.84m.,74.00kg.,27/04/1976 in Montevideo
soccer/uk.eurosport.yahoo.com/wayne-bridge.html,,Defender,,1.78m.,75.00kg.,05/08/1980 in
soccer/uk.eurosport.yahoo.com/wayne-hennessey.html,Wolverhampton,Goalkeeper,Wales,,,24/01/1987 in Anglesey
soccer/uk.eurosport.yahoo.com/wayne-rooney.html,,Striker,,1.81m.,78.00kg.,24/10/1985 in
soccer/uk.eurosport.yahoo.com/wesley-brown.html,,Defender,,1.85m.,74.00kg.,13/10/1979 in Manchester
soccer/uk.eurosport.yahoo.com/wesley-sneijder.html,Real Madrid,Midfielders,Netherlands,1.70m.,67.00kg.,09/06/1984 in
soccer/uk.eurosport.yahoo.com/william-gallas.html,,Defender,France,1.81m.,72.00kg.,17/08/1977 in Asnières
soccer/uk.eurosport.yahoo.com/wilson-palacios.html,,Midfielders,Honduras,,,29/07/1984 in La Ceiba
soccer/uk.eurosport.yahoo.com/xisco.html,,Striker,Spain,1.86m.,84.00kg.,26/06/1986 in Palma of Majorque
soccer/uk.eurosport.yahoo.com/yannick-djalo.html,Sporting Portugal,Striker,Portugal,1.71m.,61.00kg.,05/05/1986 in
soccer/uk.eurosport.yahoo.com/yoann-gourcuff.html,Bordeaux,Midfielders,France,1.85m.,79.00kg.,11/07/1986 in Lorient
soccer/uk.eurosport.yahoo.com/younes-kaboul.html,,Defender,France,1.90m.,87.00kg.,04/01/1986 in Saint-Julien-en-Genevois
soccer/uk.eurosport.yahoo.com/yuri-zhirkov.html,CSKA Moscou,Midfielders,Russia,1.78m.,70.00kg.,20/08/1983 in
soccer/uk.eurosport.yahoo.com/zdravko-kuzmanovic.html,Fiorentina,Midfielders,Serbia,1.86m.,71.00kg.,22/09/1987 in
soccer/uk.eurosport.yahoo.com/zinedine-zidane.html,,Midfielders,France,1.85m.,80.00kg.,23/06/1972 in Marseille
soccer/uk.eurosport.yahoo.com/zlatan-ibrahimovic.html,Inter Milan,Striker,Sweden,1.92m.,84.00kg.,03/10/1981 in
soccer/uk.eurosport.yahoo.com/zoltan-gera.html,,Midfielders,Hungary,1.80m.,71.00kg.,22/04/1979 in Pecs
soccer/uk.eurosport.yahoo.com/nder-turaci.html,Fenerbahçe,Defender,Turkey,1.86m.,79.00kg.,14/07/1981 in
