url,STRING : birthplace,STRING : national_team,STRING : position,DATE : birthdate,STRING : club
soccer/www.footymania.com/433.html,", Czech republic",Czech republic,Midfielder Right,26/7/1979,Marseille
soccer/www.footymania.com/959.html,"Birmingham, England",England,Midfielder,2/12/1978,Bristol Rovers
soccer/www.footymania.com/3049.html,"Aurora, United states",United states,"Midfield Left, Wing Left",14/3/1983,FC Dallas
soccer/www.footymania.com/504.html,"Knutsford, England",England,Forward,21/10/1979,
soccer/www.footymania.com/719.html,", Morocco",Morocco,Defender,0/0/2000,
soccer/www.footymania.com/590.html,"Ksar-Askour, Morocco",Morocco,Defender Center,1/11/1978,Rennes
soccer/www.footymania.com/1955.html,"Lome Golfe, Togo",Togo,Forward,25/6/1986,Red Bull
soccer/www.footymania.com/3926.html,", Cote d'ivoire",Cote d'ivoire,Defender,6/10/1980,Bolton Wanderers
soccer/www.footymania.com/944.html,", England",England,Striker,2/12/1984,Mansfield Town
soccer/www.footymania.com/5321.html,", United states",United states,Forward,8/1/1985,New England Revolution
soccer/www.footymania.com/3089.html,"Poughkeepsie, United states",United states,Goalkeeper,3/11/1971,Kansas City Wizards
soccer/www.footymania.com/901.html,"Marrakesh, Morocco",Morocco,Midfield Left,14/7/1977,AZ Alkmaar
soccer/www.footymania.com/982.html,", Belgium",Belgium,Attacking Midfielder Right,22/11/1976,
soccer/www.footymania.com/16.html,"Calinesti, Romania",Romania,Forward Center,8/1/1979,Fiorentina
soccer/www.footymania.com/899.html,", Canada",Canada,Defender,0/0/2000,FC Dallas
soccer/www.footymania.com/2827.html,"Vila Velha, Brazil",Brazil,"Back Left, Midfield Left",27/8/1977,Real Sociedad
soccer/www.footymania.com/618.html,"Ibarra, Ecuador",Ecuador,Striker,23/12/1974,Barcelona
soccer/www.footymania.com/3429.html,"Dublin, Ireland",Ireland,Midfield,10/1/1984,Preston North End
soccer/www.footymania.com/942.html,"Liverpool, England",England,Midfielder,31/5/1981,
soccer/www.footymania.com/4271.html,"Dublin, Ireland",Ireland,Midfield,20/2/1985,Hibernian
soccer/www.footymania.com/872.html,"Newcastle, England",England,Striker,13/8/1970,Newcastle United
soccer/www.footymania.com/605.html,"Leeds, England",England,Striker,20/10/1980,Newcastle United
soccer/www.footymania.com/627.html,", Senegal",Senegal,Defender,12/12/1981,Troyes
soccer/www.footymania.com/828.html,"Sierra Leone, England",England,Midfield,23/10/1984,Watford
soccer/www.footymania.com/1927.html,"Bescanò-Girona, Spain",Spain,Goalkeeper,3/3/1979,Barcelona
soccer/www.footymania.com/2312.html,", Italy",Italy,Midfield,19/8/1985,Parma
soccer/www.footymania.com/2318.html,"Biella, Italy",Italy,Forward,5/7/1982,AC Milan
soccer/www.footymania.com/2665.html,"Ciudad Real, Spain",Spain,"Midfield Center, Midfield Right",16/2/1978,Betis Sevilla
soccer/www.footymania.com/4227.html,"March, England",England,Goalkeeper,20/6/1964,Watford
soccer/www.footymania.com/4501.html,", Argentina",Argentina,Midfielder,3/3/1982,Bordeaux
soccer/www.footymania.com/397.html,", Russian federation",Russian federation,Forward,27/11/1982,FC Zenit St. Peterburg
soccer/www.footymania.com/2224.html,"Livorno, Italy",Italy,Defender Center,22/7/1977,Genoa
soccer/www.footymania.com/74.html,"Rome, Italy",Italy,Defender Center,19/3/1976,AC Milan
soccer/www.footymania.com/44.html,"Milan, Italy",Italy,Left back,27/7/1975,Everton FC
soccer/www.footymania.com/510.html,"Newham, England",England,Defender Center,21/9/1983,Chesterfield
soccer/www.footymania.com/2432.html,"Salzburg, Austria",Austria,Goalkeeper,4/6/1977,Siena
soccer/www.footymania.com/1852.html,"Glasgow, Scotland",Scotland,Midfield Center,30/9/1969,Rangers
soccer/www.footymania.com/318.html,"Glasgow, Scotland",Scotland,Manager,31/12/1941,Manchester United
soccer/www.footymania.com/2321.html,"Desio, Italy",Italy,Midfield,25/1/1984,Parma
soccer/www.footymania.com/247.html,"Glasgow, Scotland",Scotland,Midfielder,30/9/1969,Rangers
soccer/www.footymania.com/5663.html,", 0",0,,0/0/0000,AC Milan
soccer/www.footymania.com/2707.html,"Geneva, Switzerland",Spain,Forward,11/3/1982,Málaga
soccer/www.footymania.com/3026.html,"Birmingham, United states",United states,Defender Center,1/6/1970,Red Bull
soccer/www.footymania.com/5503.html,"Malaga, Spain",Spain,Defender Center,0/0/0000,Valencia
soccer/www.footymania.com/496.html,"Barneveld, Netherlands",Netherlands,Defensive Midfielder,2/11/1972,Feyenoord Rotterdam
soccer/www.footymania.com/889.html,", Senegal",Senegal,Midfield Defensive,0/0/2000,Crystal Palace
soccer/www.footymania.com/1847.html,"Edinburg, Scotland",Scotland,Goalkeeper,21/1/1982,Rangers
soccer/www.footymania.com/2822.html,"Salamanca, Spain",Spain,Goalkeeper,17/1/1983,Liverpool FC
soccer/www.footymania.com/2566.html,"Cordoba, Spain",Spain,Midfield,16/5/1978,Atletico Madrid
soccer/www.footymania.com/3423.html,", Russian federation",Russian federation,Midfield,20/11/1984,Twente Enschede
soccer/www.footymania.com/374.html,", Sweden",Sweden,"Left midfielder, Attacking midfielder",15/3/1974,Benfica
soccer/www.footymania.com/120.html,"Sâo Bernardo, Brazil",Portugal,Attacking midfielder,27/8/1977,Barcelona
soccer/www.footymania.com/131.html,", Netherlands",Netherlands,"Right back, Central midfielder, Right midfielder",11/7/1974,Blackburn Rovers
soccer/www.footymania.com/5846.html,", 0",0,,0/0/0000,Hertha Berlin
soccer/www.footymania.com/2208.html,"Galatina, Italy",Italy,Midfield,17/5/1986,Lecce
soccer/www.footymania.com/2181.html,"Viareggio, Italy",Italy,Defender,5/2/1986,Juventus
soccer/www.footymania.com/78.html,", Italy",Italy,Midfielder Center,19/5/1979,AC Milan
soccer/www.footymania.com/176.html,", Germany",Germany,Right back,26/3/1982,VfB Stuttgart
soccer/www.footymania.com/267.html,", Latvia",Latvia,Goalkeeper,17/7/1970,
soccer/www.footymania.com/275.html,"Ogre, Latvia",Latvia,Forward,2/5/1977,
soccer/www.footymania.com/851.html,"Wishaw, Scotland",Scotland,Forward,27/11/1984,Kilmarnock
soccer/www.footymania.com/1410.html,"Stockton on Tees, England",England,Defender Center,17/12/1984,Southampton FC
soccer/www.footymania.com/798.html,", Wales",England,Striker,0/0/2000,
soccer/www.footymania.com/996.html,"Crewe, England",England,Goalkeeper,11/1/1977,Derby County
soccer/www.footymania.com/3081.html,"Phoenix, United states",United states,Goalkeeper,9/8/1983,
soccer/www.footymania.com/254.html,", Latvia",Latvia,Goalkeeper,30/4/1980,
soccer/www.footymania.com/1224.html,"Kiev, Ukraine",Ukraine,Striker,29/9/1976,Chelsea FC
soccer/www.footymania.com/558.html,"Stockport, England",England,Defender Left,21/4/1978,Wrexham
soccer/www.footymania.com/139.html,"Arnhem, Netherlands",Netherlands,Attacking Midfielder/Forward Right,30/9/1979,Everton FC
soccer/www.footymania.com/323.html,"Blera, Italy",Italy,Goalkeeper,16/2/1970,Lazio
soccer/www.footymania.com/202.html,", Greece",Greece,Central midfielder,3/1/1976,Mallorca
soccer/www.footymania.com/208.html,", Greece",Greece,Forward,9/2/1980,Feyenoord Rotterdam
soccer/www.footymania.com/730.html,", Tunisia",Tunisia,Defender,0/0/2000,
soccer/www.footymania.com/728.html,", Tunisia",Tunisia,Defender,0/0/2000,
soccer/www.footymania.com/3141.html,"Californie, United states",United states,Striker,2/3/1974,Club Deportivo Chivas
soccer/www.footymania.com/4237.html,"Lambeth, England",England,Forward,13/7/1983,Watford
soccer/www.footymania.com/772.html,"Accra, Ghana",Ghana,Midfielder,6/8/1982,
soccer/www.footymania.com/451.html,", Czech republic",Czech republic,Goalkeeper,31/5/1975,
soccer/www.footymania.com/2731.html,"Soller, Spain",Spain,Forward,10/7/1982,Mallorca
soccer/www.footymania.com/322.html,", Italy",Italy,Attacking Midfield Left,12/7/1982,Sampdoria
soccer/www.footymania.com/924.html,", Spain",Spain,Midfielder/Attacking Midfielder Right,0/0/2000,Liverpool FC
soccer/www.footymania.com/2553.html,"Benidorm, Spain",Spain,Defender,13/9/1981,Atletico Madrid
soccer/www.footymania.com/217.html,", Greece",Greece,Goalkeeper,14/10/1971,Panathinaikos FC
soccer/www.footymania.com/1592.html,"Oulu, Finland",Finland,Goalkeeper,31/5/1972,Fulham FC
soccer/www.footymania.com/5864.html,", 0",0,,0/0/0000,AS Roma
soccer/www.footymania.com/654.html,"London, England",England,Defender,1/11/1981,
soccer/www.footymania.com/2941.html,"Kinshasa, Congo",Portugal,Forward,4/3/1981,FC Sevilla
soccer/www.footymania.com/1032.html,"Palermo, Italy",Italy,Defender Right/Center,25/4/1981,Modena
soccer/www.footymania.com/331.html,"Strasbourg, France",Portugal,Midfielder Center,25/9/1976,Benfica
soccer/www.footymania.com/118.html,", Portugal",Portugal,Central midfielder,25/9/1976,Benfica
soccer/www.footymania.com/173.html,", Germany",Germany,"Right back, Central defender",29/5/1979,Hertha Berlin
soccer/www.footymania.com/598.html,"Reykjavik, Iceland",Iceland,Goalkeeper,7/5/1975,
soccer/www.footymania.com/868.html,", England",England,"Defender, Midfield, Forward",0/0/1982,
soccer/www.footymania.com/976.html,", Cote d'ivoire",Cote d'ivoire,Striker,11/11/1983,FC Sevilla
soccer/www.footymania.com/339.html,", Latvia",Latvia,,7/8/1971,
soccer/www.footymania.com/61.html,", England",England,Left back,20/12/1980,Chelsea FC
soccer/www.footymania.com/522.html,", England",England,Defender/Midfielder/Forward Left,13/12/1984,Rochdale
soccer/www.footymania.com/4234.html,"Stevenage, England",England,Forward,9/7/1985,Aston Villa
soccer/www.footymania.com/1096.html,"Glasgow, Scotland",Scotland,Midfield Center,9/2/1978,Rangers
soccer/www.footymania.com/1998.html,"Leiden, Netherlands",Netherlands,Defender Center,27/2/1976,AZ Alkmaar
soccer/www.footymania.com/424.html,", Germany",Germany,Midfielder,1/8/1984,Bayern Munich
soccer/www.footymania.com/871.html,"Gravesend, England",England,Striker,10/3/1984,Colchester United
soccer/www.footymania.com/1030.html,"Kaapstad, South africa",South africa,Striker,12/11/1977,Blackburn Rovers
soccer/www.footymania.com/594.html,"Swindon, England",England,Back Left,30/11/1975,Charlton Athletic
soccer/www.footymania.com/69.html,", Italy",Italy,Forward,30/3/1976,Parma
soccer/www.footymania.com/186.html,", Germany",Germany,"Right midfielder, Left midfielder",17/11/1973,Bayer Leverkusen
soccer/www.footymania.com/999.html,"Brussel, Belgium",Belgium,Back Right,5/10/1971,
soccer/www.footymania.com/119.html,", Portugal",Portugal,Central defender,3/5/1976,Bordeaux
soccer/www.footymania.com/303.html,"San Juan de Luz, France",France,Defender/Defensive Midfielder,9/12/1969,Bayern Munich
soccer/www.footymania.com/825.html,"Trondheim, Norway",Norway,"Back Right, Defender Center",17/6/1972,Bastia
soccer/www.footymania.com/586.html,", Iceland",Iceland,Midfield,5/3/1988,Everton FC
soccer/www.footymania.com/696.html,"Philadelphia, United states",United states,Midfielder,27/5/1983,Reading
soccer/www.footymania.com/715.html,"Rabat, Morocco",Morocco,Forward,1/2/1982,Lens
soccer/www.footymania.com/329.html,"Maastrict, Netherlands",Netherlands,Defender/Midfielder Left,15/8/1976,Liverpool FC
soccer/www.footymania.com/2016.html,", England",England,Midfield,28/4/1987,
soccer/www.footymania.com/1082.html,"Lakewood, United states",United states,Goalkeeper,18/5/1971,Blackburn Rovers
soccer/www.footymania.com/1198.html,"Arlington Heights, United states",United states,,19/6/1972,Fulham FC
soccer/www.footymania.com/344.html,", Denmark",Denmark,Defender,14/6/1977,Club Brugge
soccer/www.footymania.com/5055.html,", Belgium",Belgium,Goalkeeper,0/0/0000,Heerenveen
soccer/www.footymania.com/2217.html,", Haiti",Haiti,Forward,1/1/1988,Sampdoria
soccer/www.footymania.com/724.html,", Portugal",Portugal,Defender Center/Left,0/0/2000,FC Porto
soccer/www.footymania.com/3416.html,", Portugal",Portugal,Defender,21/5/1978,Saint-Etienne
soccer/www.footymania.com/352.html,", Switzerland",Switzerland,Central midfielder,21/11/1977,Blackburn Rovers
soccer/www.footymania.com/495.html,"Castellammare di Stabia, Italy",Italy,Defender,21/3/1977,Siena
soccer/www.footymania.com/838.html,", Portugal",Portugal,Midfield,0/0/2000,Torquay United
soccer/www.footymania.com/837.html,"Lyon, France",France,Defender Center,10/6/1971,Birmingham City
soccer/www.footymania.com/570.html,"Liverpool, England",England,Midfielder Center,19/6/1976,Hull City
soccer/www.footymania.com/4419.html,"Reykjavik, Iceland",Iceland,"Back Right, Defender Center, Midfield Center",16/10/1975,Reading
soccer/www.footymania.com/1425.html,"Mons, Belgium",Belgium,Striker,1/6/1978,Standard de Liege
soccer/www.footymania.com/2585.html,"Oviedo, Spain",Spain,Defender,3/4/1977,Bolton Wanderers
soccer/www.footymania.com/549.html,"Stirling, Scotland",Scotland,Defender/Midfielder/Forward Left,25/6/1976,Preston North End
soccer/www.footymania.com/122.html,"Viana do Castelo, Portugal",Portugal,Central midfielder,2/5/1981,Benfica
soccer/www.footymania.com/45.html,"Viella, Spain",Spain,Defender Right,13/4/1978,Barcelona
soccer/www.footymania.com/3750.html,"Patna Village, Trinidad and tobago",Trinidad and tobago,"Back Right, Midfield Right",24/10/1978,Luton Town
soccer/www.footymania.com/1294.html,"Capiata, Paraguay",Paraguay,Defender Center,17/2/1971,
soccer/www.footymania.com/3674.html,"Palmira, Colombia",Colombia,Defender Center,20/6/1969,Club Deportivo Chivas
soccer/www.footymania.com/95.html,", Spain",Spain,Central defender,31/7/1979,Valencia
soccer/www.footymania.com/751.html,", Portugal",Portugal,Midfielder,0/0/2000,Sporting
soccer/www.footymania.com/13.html,"Kaduna, Nigeria",Nigeria,Defender/Defensive Midfielder Left,13/13/2013,Newcastle United
soccer/www.footymania.com/2038.html,"Bergamo, Italy",Italy,Defender,5/4/1979,Atalanta
soccer/www.footymania.com/4819.html,", Afghanistan",Afghanistan,Defender,0/0/0000,Celtic
soccer/www.footymania.com/1126.html,"Manchester, England",England,Defender Center,2/10/1985,
soccer/www.footymania.com/5318.html,", England",England,Defender,5/1/1987,Tottenham Hotspur
soccer/www.footymania.com/144.html,"Portland, United states",United states,Striker,10/3/1977,Real Salt Lake
soccer/www.footymania.com/5817.html,", 0",0,,0/0/0000,West Bromwich Albion
soccer/www.footymania.com/1951.html,", United states",United states,Defender,30/3/1983,
soccer/www.footymania.com/5274.html,", England",England,Striker,0/0/0000,Charlton Athletic
soccer/www.footymania.com/1873.html,"Middlesbrough, England",England,Defender Center,12/3/1985,Hibernian
soccer/www.footymania.com/49.html,", England",England,Goalkeeper,2/5/1981,Liverpool FC
soccer/www.footymania.com/3107.html,"St. Louis, United states",United states,Midfield,4/1/1976,Real Salt Lake
soccer/www.footymania.com/3137.html,"Baltimore, United states",United states,"Back Left, Back Right",1/4/1979,Red Bull
soccer/www.footymania.com/2279.html,"Abbiategrasso, Italy",Italy,Goalkeeper,8/7/1977,Atletico Madrid
soccer/www.footymania.com/1861.html,"Lifou, France",France,"Back Right, Defender Center, Midfield",3/12/1970,Bastia
soccer/www.footymania.com/822.html,", France",France,Back Right,0/0/2000,
soccer/www.footymania.com/2146.html,"Montecchio Maggiore, Italy",Italy,Back Right,11/2/1982,Fiorentina
soccer/www.footymania.com/76.html,", Italy",Italy,"Right back, Central defender",12/4/1973,AS Roma
soccer/www.footymania.com/162.html,", Denmark",Denmark,"Central midfielder, Right midfielder",28/2/1980,Schalke 04
soccer/www.footymania.com/2327.html,"Rome, Italy",Italy,Defender Center,22/11/1979,US Città di Palermo
soccer/www.footymania.com/81.html,"Bologna, Italy",Italy,Forward,12/7/1973,Fiorentina
soccer/www.footymania.com/376.html,"Malmo, Sweden",Sweden,Right midfielder,8/12/1979,Bolton Wanderers
soccer/www.footymania.com/426.html,", Germany",Germany,Left-back,1/2/1972,
soccer/www.footymania.com/189.html,", Sweden",Sweden,Left back,22/10/1978,Lille
soccer/www.footymania.com/362.html,", Switzerland",Switzerland,Defender Left,30/3/1978,Eintracht Frankfurt
soccer/www.footymania.com/4733.html,", France",France,Midfielder,9/3/1976,Sedan
soccer/www.footymania.com/4513.html,", France",France,Goalkeeper,22/3/1972,Toulouse
soccer/www.footymania.com/152.html,"Ballymena, Ireland",Ireland,Defender Right,25/2/1982,Southampton FC
soccer/www.footymania.com/493.html,"Swansea, Wales",Wales,Defender Center/Manager,10/6/1970,Fulham FC
soccer/www.footymania.com/3508.html,"Norwich, England",England,Defender,5/3/1987,Yeovil Town
soccer/www.footymania.com/885.html,", Northern ireland",Northern ireland,Midfield,0/0/2000,Grimsby Town
soccer/www.footymania.com/135.html,"Paramaribo, Suriname",Netherlands,Midfielder Right/Left/Center,1/4/1976,AC Milan
soccer/www.footymania.com/14.html,"Kinshasa, Congo",France,Defensive Midfielder,29/8/1978,Chelsea FC
soccer/www.footymania.com/2035.html,"Ravenna, Italy",Italy,Defender Center,30/7/1978,Atalanta
soccer/www.footymania.com/160.html,", Denmark",Denmark,"Central midfielder, Attacking midfielder",29/4/1977,Fulham FC
soccer/www.footymania.com/1598.html,"Bergen, Norway",Norway,Defender Center,22/2/1973,Southampton FC
soccer/www.footymania.com/3373.html,", Italy",Italy,Defender Center,0/0/0000,Port Vale
soccer/www.footymania.com/648.html,"Barking, England",England,Midfielder,19/5/1978,
soccer/www.footymania.com/3074.html,"Jamestown, United states",United states,"Midfield Defensive, Midfield Right",21/8/1982,DC United
soccer/www.footymania.com/912.html,"Paramaribo, Suriname",Netherlands,Center Midfielder/Forward,1/11/1973,Macclesfield Town
soccer/www.footymania.com/542.html,"Glasgow, Scotland",Scotland,Midfielder,25/10/1984,Dundee
soccer/www.footymania.com/5305.html,"Dover, United states",United states,Forward,25/7/1981,Colorado Rapids
soccer/www.footymania.com/998.html,"Timisoara, Romania",Romania,Back Right,15/12/1975,Atletico Madrid
soccer/www.footymania.com/937.html,"Coatbridge, England",England,Goalkeeper,28/5/1971,
soccer/www.footymania.com/1542.html,"Cardiff, Wales",Wales,Striker,13/7/1979,Liverpool FC
soccer/www.footymania.com/83.html,", Italy",Italy,Central midfielder,14/4/1977,Inter Milan
soccer/www.footymania.com/2611.html,"Lakota, Cote d'ivoire",Cote d'ivoire,Defender Center,22/7/1971,Creteil
soccer/www.footymania.com/416.html,", Croatia",Croatia,Forward,5/11/1974,Rangers
soccer/www.footymania.com/869.html,"Albano Laziale (Roma), Italy",Italy,Defender,1/11/1984,Parma
soccer/www.footymania.com/25.html,"Ballyboden, Ireland",Ireland,Attacking Midfielder/Striker Left,2/3/1979,Newcastle United
soccer/www.footymania.com/5327.html,"Montego Bay, Jamaica",Jamaica,Attacking Midfielder/Forward,14/12/1983,Red Bull
soccer/www.footymania.com/291.html,", Spain",Spain,,18/9/1979,Athletic Bilbao
soccer/www.footymania.com/223.html,", Bulgaria",Bulgaria,"Right back, Right midfielder",15/1/1970,PFC Levski Sofia
soccer/www.footymania.com/650.html,"Prestatyn, Wales",Wales,Goalkeeper,27/8/1973,Burnley
soccer/www.footymania.com/3086.html,"Garland, United states",United states,Defender,20/4/1983,
soccer/www.footymania.com/3630.html,", 0",0,,0/0/0000,Northampton Town
soccer/www.footymania.com/631.html,"Coventry, England",England,Forward,23/10/1982,Barnsley
soccer/www.footymania.com/1153.html,"Chester, England",England,"Midfield Right, Midfield Center",18/3/1977,Fulham FC
soccer/www.footymania.com/961.html,", Italy",Italy,Defender Center,10/7/1974,Brescia
soccer/www.footymania.com/2444.html,"Rome, Italy",Italy,Defender Center,17/12/1978,Siena
soccer/www.footymania.com/2147.html,"Foggia, Italy",Italy,Defender,18/9/1971,Fiorentina
soccer/www.footymania.com/1970.html,"Oost-Souburg, Netherlands",Netherlands,Manager (Sweeper),1/8/1961,Ajax Amsterdam
soccer/www.footymania.com/3459.html,"Dordrecht, Netherlands",Netherlands,Midfield,21/6/1982,FC Groningen
soccer/www.footymania.com/852.html,", England",England,Striker,0/0/2000,
soccer/www.footymania.com/5014.html,", England",England,Midfield,0/0/0000,Bolton Wanderers
soccer/www.footymania.com/6047.html,", 0",0,,0/0/0000,Wrexham
soccer/www.footymania.com/634.html,", United states",United states,Midfielder,17/6/1987,Columbus Crew
soccer/www.footymania.com/402.html,"Zagreb, Croatia",Croatia,Defender/Midfielder Center/Right,12/11/1975,AC Milan
soccer/www.footymania.com/57.html,", England",England,Forward,13/6/1980,Manchester City
soccer/www.footymania.com/569.html,"Stepney, England",England,Defender Center,14/2/1976,West Bromwich Albion
soccer/www.footymania.com/84.html,", Spain",Spain,Central midfielder,1/9/1977,Valencia
soccer/www.footymania.com/4090.html,"Santa Ana, United states",United states,Forward,19/4/1988,Club Deportivo Chivas
soccer/www.footymania.com/1879.html,"Irvine, Scotland",Scotland,Striker,26/4/1977,
soccer/www.footymania.com/560.html,"Peterborough, England",England,Forward,27/8/1984,Blackburn Rovers
soccer/www.footymania.com/1788.html,"Hartlepool, England",England,"Back Left, Defender Center",1/3/1984,Hibernian
soccer/www.footymania.com/449.html,", Czech republic",Czech republic,Defender Center,5/7/1980,Paris Saint Germain
soccer/www.footymania.com/557.html,"Chorley, England",England,Defender Center,16/10/1973,Burnley
soccer/www.footymania.com/4831.html,", Ireland",Ireland,Defender,8/5/1982,St. Mirren
soccer/www.footymania.com/2888.html,"Barcelona, Spain",Spain,Midfield,12/2/1974,Real Zaragoza
soccer/www.footymania.com/1100.html,"Birkenhead, England",England,Midfield Right,12/9/1977,Bolton Wanderers
soccer/www.footymania.com/2936.html,"Palma de Mallorca, Spain",Spain,Defender,26/1/0000,Levante
soccer/www.footymania.com/1380.html,"Falkirk, Scotland",Scotland,Central Defender,10/5/1970,Everton FC
soccer/www.footymania.com/1118.html,"Blackburn, England",England,Midfield Center,27/12/1979,Blackburn Rovers
soccer/www.footymania.com/531.html,"Perugia, Italy",Italy,Midfielder Center,8/5/1975,Perugia
soccer/www.footymania.com/2441.html,"Luserna San Giovanni, Italy",Italy,"Back Left, Back Right",5/3/1973,Siena
soccer/www.footymania.com/1984.html,"Nederland, United states",United states,Forward,22/6/1980,Kansas City Wizards
soccer/www.footymania.com/1629.html,"Bradford, England",England,Defender Center,9/7/1974,Tottenham Hotspur
soccer/www.footymania.com/1142.html,"Salford, England",England,Goalkeeper,10/10/1970,Portsmouth
soccer/www.footymania.com/625.html,"Huddersfield, England",England,Forward,22/4/1980,Gillingham
soccer/www.footymania.com/671.html,"Milan, Italy",Italy,Midfielder Center,23/8/1971,Barcelona
soccer/www.footymania.com/3741.html,"Morvant, Trinidad and tobago",Trinidad and tobago,Defender Center,1/8/1974,Wrexham
soccer/www.footymania.com/163.html,"Copenhagen, Denmark",Denmark,"Right midfielder, Forward",22/7/1978,Ajax Amsterdam
soccer/www.footymania.com/6.html,"Amsterdam, Netherlands",Netherlands,Forward/Striker,10/5/1969,
soccer/www.footymania.com/841.html,"Reading, England",England,Forward,25/9/1976,Sheffield Wednesday
soccer/www.footymania.com/649.html,", Ghana",England,Forward,1/5/1981,Nice
soccer/www.footymania.com/773.html,", Ghana",Ghana,Forward,10/5/1983,
soccer/www.footymania.com/670.html,"Treviglio, Italy",Italy,Defender Right/Center,7/2/1985,
soccer/www.footymania.com/640.html,"Sarcelles, France",France,Defender Left,2/5/1978,Espanyol
soccer/www.footymania.com/689.html,"Abidjan, France",France,Forward,11/3/1978,Chelsea FC
soccer/www.footymania.com/950.html,"Montevideo, Uruguay",Uruguay,Striker,19/5/1979,Villarreal
soccer/www.footymania.com/5655.html,", 0",0,,0/0/0000,Villarreal
soccer/www.footymania.com/550.html,", Italy",Italy,,0/0/2000,
soccer/www.footymania.com/4.html,"Villa Fiorito, Argentina",Argentina,Forward/Striker,30/10/1960,
soccer/www.footymania.com/808.html,"Ribeirão Preto, Brazil",Brazil,"Midfield Attack, Forward",28/2/1985,FC Porto
soccer/www.footymania.com/3371.html,", Belgium",Belgium,Striker,18/5/1985,Roda JC Kerkrade
soccer/www.footymania.com/175.html,", Germany",Germany,Central midfielder,27/8/1973,Manchester City
soccer/www.footymania.com/222.html,", Bulgaria",Bulgaria,Forward,30/1/1981,Tottenham Hotspur
soccer/www.footymania.com/986.html,"Paris, France",France,Striker,8/11/1980,West Bromwich Albion
soccer/www.footymania.com/536.html,"Leicester, England",England,Striker,22/4/1969,Leicester City
soccer/www.footymania.com/386.html,", Russian federation",Russian federation,Midfielder Left,20/10/1972,FC Porto
soccer/www.footymania.com/393.html,", Russian federation",Russian federation,Forward,20/11/1979,Bayer Leverkusen
soccer/www.footymania.com/392.html,", Russian federation",Russian federation,Forward,17/1/1977,
soccer/www.footymania.com/382.html,", Russian federation",Russian federation,"Attacking midfielder, Forward",26/10/1983,FC Lokomotiv Moskva
soccer/www.footymania.com/993.html,", Scotland",Scotland,Midfield,0/0/2000,Dundee
soccer/www.footymania.com/1392.html,"Stirling, Scotland",Scotland,Striker,27/12/1971,Everton FC
soccer/www.footymania.com/979.html,"Tobago, Trinidad and tobago",Trinidad and tobago,Striker,3/11/1971,Sydney FC
soccer/www.footymania.com/259.html,", Latvia",Latvia,Defender Center,25/4/1977,
soccer/www.footymania.com/164.html,", Denmark",Denmark,Forward,19/7/1972,Schalke 04
soccer/www.footymania.com/616.html,"Chester, England",England,Forward,20/9/1984,Crewe Alexandra
soccer/www.footymania.com/820.html,", Congo",Congo,Striker,0/0/2000,
soccer/www.footymania.com/9.html,"Vilnius, Lithuania",Lithuania,Forward,12/3/1975,Hearts
soccer/www.footymania.com/849.html,"Florianopolis, Brazil",Brazil,Midfielder Defensive,23/9/1982,Espanyol
soccer/www.footymania.com/140.html,"Voorhout, Netherlands",Netherlands,Goalkeeper,29/10/1970,Manchester United
soccer/www.footymania.com/517.html,"Serres, Greece",Greece,Defender Center,25/1/1980,Saint-Etienne
soccer/www.footymania.com/35.html,"Reykjavik, Iceland",Iceland,Striker,15/9/1978,Chelsea FC
soccer/www.footymania.com/941.html,"Dakar, Senegal",Senegal,Striker,15/1/1981,AEK Athens FC
soccer/www.footymania.com/793.html,", England",England,Defender Center,0/0/2000,Plymouth Argyle
soccer/www.footymania.com/3589.html,", South africa",South africa,Forward,11/7/1983,Club Brugge
soccer/www.footymania.com/882.html,"Porto Alegre, Brazil",Brazil,Defender Center,30/3/1972,
soccer/www.footymania.com/830.html,"Pelotas, Brazil",Brazil,Midfielder Defensive,4/4/1976,Real Madrid
soccer/www.footymania.com/64.html,"Leicester, England",England,"Left midfielder, Forward",11/1/1978,Wigan Athletic
soccer/www.footymania.com/2372.html,"Asola, Italy",Italy,Forward,20/1/1979,Reggina
soccer/www.footymania.com/758.html,", Ghana",Ghana,Defender,0/0/2000,
soccer/www.footymania.com/30.html,"Dieppe, France",France,Defender/Defensive Midfielder Left/Center,22/9/1970,
soccer/www.footymania.com/1295.html,"Istanbul, Turkey",Turkey,Midfielder Left,7/9/1980,Newcastle United
soccer/www.footymania.com/2457.html,"Genoa, Italy",Italy,Striker,29/12/1970,Siena
soccer/www.footymania.com/91.html,", Spain",Spain,"Left back, Left midfielder",23/6/1971,Betis Sevilla
soccer/www.footymania.com/1046.html,"Paris, France",France,Forward,26/5/1966,
soccer/www.footymania.com/1244.html,"Douala, Cameroon",Cameroon,Midfielder,4/5/1981,Aston Villa
soccer/www.footymania.com/191.html,", Sweden",Sweden,Left back,11/11/1978,Rennes
soccer/www.footymania.com/1296.html,"Buenos Aires, Argentina",Argentina,Midfielder Center,18/8/1980,Inter Milan
soccer/www.footymania.com/285.html,"Maputo, Mozambique",Portugal,Forward/Striker,25/1/1942,
soccer/www.footymania.com/3573.html,"Konstatinovka, Russian federation",Ukraine,Midfield,3/1/1978,FC Groningen
soccer/www.footymania.com/171.html,", Germany",Germany,"Central midfielder, Left midfielder",30/5/1979,Schalke 04
soccer/www.footymania.com/300.html,"lavelanet, France",France,Goalkeeper,28/6/1971,Marseille
soccer/www.footymania.com/3.html,"Bologna, Italy",Italy,Forward,20/10/1976,Brescia
soccer/www.footymania.com/68.html,", Italy",Italy,Central defender,13/9/1973,Real Madrid
soccer/www.footymania.com/2123.html,"Bassano del Grappa, Italy",Italy,Defender,13/7/1975,Chievo Verona
soccer/www.footymania.com/958.html,"Formia, Italy",Italy,Midfielder,24/8/1973,Siena
soccer/www.footymania.com/5445.html,"Castellammare di Stabia, Italy",Italy,Striker,0/0/0000,Udinese
soccer/www.footymania.com/1016.html,"Nardò, Italy",Italy,Forward,27/6/1979,Fiorentina
soccer/www.footymania.com/973.html,"Ituzaingo, Argentina",Argentina,Striker,7/3/1974,Celta Vigo
soccer/www.footymania.com/5484.html,"Sao Paulo, Brazil",Brazil,Back RIght,0/0/0000,PSV Eindhoven
soccer/www.footymania.com/543.html,"Izmir, Turkey",Turkey,Defender Center,29/5/1973,
soccer/www.footymania.com/106.html,", Portugal",Portugal,Central defender,2/8/1969,Lazio
soccer/www.footymania.com/934.html,"Santa Fe, Argentina",Argentina,Striker,13/4/1980,Aberdeen
soccer/www.footymania.com/101.html,", Spain",Spain,Forward,20/3/1984,Atletico Madrid
soccer/www.footymania.com/747.html,"Guimarães, Portugal",Portugal,"Defender Center, Midfielder",5/6/1978,VfB Stuttgart
soccer/www.footymania.com/786.html,"Málaga, Spain",Spain,"Defender Center, Midfield Defensive",23/3/1968,
soccer/www.footymania.com/2702.html,"Brazatortas, Spain",Spain,Midfield,27/3/1984,Málaga
soccer/www.footymania.com/489.html,"Sevilla, Spain",Spain,Attacking Midfielder,12/9/1977,FC Sevilla
soccer/www.footymania.com/894.html,"Leidschendam, Netherlands",Netherlands,"Back Left, Midfield Left",8/3/1985,Aberdeen
soccer/www.footymania.com/732.html,", Tunisia",Tunisia,Defender,0/0/2000,
soccer/www.footymania.com/73.html,", Italy",Italy,Forward,9/8/1973,AC Milan
soccer/www.footymania.com/897.html,", England",England,Defender Center,0/0/2000,Wigan Athletic
soccer/www.footymania.com/781.html,", Italy",Italy,Defender,0/0/2000,
soccer/www.footymania.com/1445.html,"Cariati, Italy",Italy,Midfielder,19/0/2000,Siena
soccer/www.footymania.com/79.html,", Italy",Italy,Goalkeeper,2/12/1971,Inter Milan
soccer/www.footymania.com/80.html,"Rome, Italy",Italy,Attacking Midfielder/Forward Right/Left/Center,27/9/1976,AS Roma
soccer/www.footymania.com/1159.html,"Liverpool, England",England,Striker,25/1/1981,Sheffield Wednesday
soccer/www.footymania.com/2931.html,"Cadiz, Spain",Spain,Forward,2/6/1981,Betis Sevilla
soccer/www.footymania.com/572.html,"Logroño, Spain",Spain,Wing Left,4/8/1973,Perugia
soccer/www.footymania.com/2593.html,"La Coruña, Spain",Spain,Midfield Center,14/7/1969,Deportivo La Coruña
soccer/www.footymania.com/2860.html,"Manacór, Spain",Spain,"Wing Left, Wing Right",9/5/1980,Betis Sevilla
soccer/www.footymania.com/2502.html,"Jerez de los Caballeros, Spain",Spain,Defender,25/7/1978,Albacete
soccer/www.footymania.com/2988.html,"Jalisco, Mexico",Mexico,Midfield,29/4/1985,Club Deportivo Chivas
soccer/www.footymania.com/4144.html,", Togo",Togo,Midfield,1/8/1978,
soccer/www.footymania.com/169.html,"Würzburg, Germany",Germany,"Central defender, Central midfielder",29/10/1975,
soccer/www.footymania.com/22.html,"Romford, England",England,Midfielder Center,21/6/1978,Chelsea FC
soccer/www.footymania.com/127.html,"Hoorn, Netherlands",Netherlands,Central defender,15/5/1970,
soccer/www.footymania.com/675.html,"London, England",Jamaica,Defender,3/12/1971,Burnley
soccer/www.footymania.com/5041.html,", Afghanistan",Afghanistan,Striker,10/4/1984,Vitesse Arnhem
soccer/www.footymania.com/200.html,", Sweden",Sweden,Attacking Midfielder Right/Left,16/4/1977,West Ham FC
soccer/www.footymania.com/582.html,"Szombathely, Hungary",Hungary,Goalkeeper,1/4/1976,West Ham FC
soccer/www.footymania.com/3888.html,", Costa rica",Costa rica,Defender,30/6/1984,
soccer/www.footymania.com/1341.html,", Congo",Congo,Midfield Defensive,1/6/1982,
soccer/www.footymania.com/511.html,", France",France,Defender,26/7/1985,Arsenal FC
soccer/www.footymania.com/5092.html,", Spain",Spain,Midfielder,15/12/1976,Ajax Amsterdam
soccer/www.footymania.com/1072.html,"Hastings, England",England,"Back Left, Defender Center",23/2/1981,Aston Villa
soccer/www.footymania.com/56.html,", 0",England,Central defender,3/9/1970,Middlesbrough FC
soccer/www.footymania.com/3541.html,"Weston-Super-Mare, England",Wales,Forward,25/2/1973,Crewe Alexandra
soccer/www.footymania.com/1199.html,"Sheffield, England",England,Defender Center,19/12/1985,Aston Villa
soccer/www.footymania.com/51.html,", 0",England,"Right Back, Central defender",18/2/1975,Manchester United
soccer/www.footymania.com/657.html,"Mancot, Wales",Wales,Midfielder,8/9/1969,Sheffield United
soccer/www.footymania.com/4886.html,", Scotland",Scotland,Defender,12/8/1988,Kilmarnock
soccer/www.footymania.com/933.html,"Carndonagh, Ireland",Ireland,Defender/Forward Center,31/1/1980,Norwich City
soccer/www.footymania.com/1584.html,"Beckenham, England",England,Midfield,18/5/1983,Middlesbrough FC
soccer/www.footymania.com/266.html,", Latvia",Latvia,Forward/Striker,12/8/1981,
soccer/www.footymania.com/1866.html,"Napoli, Italy",Italy,Goalkeeper,3/1/1979,Siena
soccer/www.footymania.com/72.html,", Italy",Italy,Central midfielder,9/1/1978,AC Milan
soccer/www.footymania.com/4432.html,"Nkawkaw, Ghana",Netherlands,Midfield Center,5/9/1975,Middlesbrough FC
soccer/www.footymania.com/754.html,", Ghana",Ghana,Goalkeeper,0/0/2000,
soccer/www.footymania.com/232.html,", Bulgaria",Brunei darussalam,"Right back, Right midfielder",11/3/1979,
soccer/www.footymania.com/5581.html,", 0",0,,0/0/0000,Manchester City
soccer/www.footymania.com/4497.html,", France",France,Defender,0/0/0000,Bordeaux
soccer/www.footymania.com/599.html,"Tolhuiswyk, Netherlands",Netherlands,Defender Center,25/2/1973,BV Veendam
soccer/www.footymania.com/28.html,"Bafoussam, Cameroon",Cameroon,Defender/Defensive Midfielder Right/Center,20/12/1978,Chelsea FC
soccer/www.footymania.com/490.html,"Montevideo, Uruguay",Uruguay,Forward,21/8/1982,FC Sevilla
soccer/www.footymania.com/2158.html,"Pescia, Italy",Italy,Striker,2/8/1984,Fiorentina
soccer/www.footymania.com/7.html,"Oliena, Sardinia, Italy",Italy,Striker,5/7/1966,Cagliari
soccer/www.footymania.com/82.html,", Italy",Italy,"Left back, Right midfielder, Left midfielder",19/2/1977,Barcelona
soccer/www.footymania.com/66.html,", Italy",Italy,Goalkeeper,28/1/1978,Juventus
soccer/www.footymania.com/3457.html,"Amsterdam, Netherlands",Netherlands,Defender Center,12/9/1983,FC Groningen
soccer/www.footymania.com/5038.html,", Belgium",Belgium,Midfielder,23/2/1982,Vitesse Arnhem
soccer/www.footymania.com/980.html,"Livorno, Italy",Italy,Defender Left/Center,14/8/1984,Juventus
soccer/www.footymania.com/466.html,"Cusano Milanino, Italy",Italy,Manager,3/17/1939,
soccer/www.footymania.com/326.html,", Netherlands",Netherlands,Defender/Midfielder Left,5/2/1975,Feyenoord Rotterdam
soccer/www.footymania.com/2047.html,"Mugnano di Napoli, Italy",Italy,Midfield Center,23/6/1981,Atalanta
soccer/www.footymania.com/953.html,"Milano, Italy",Italy,Forward,23/10/1910,
soccer/www.footymania.com/474.html,", Italy",Italy,Forward,0/0/2000,Villarreal
soccer/www.footymania.com/855.html,", Italy",Italy,Striker,17/2/1968,Iraklis FC
soccer/www.footymania.com/12.html,"London, England",England,Defender Right/Cente,23/8/1984,Portsmouth
soccer/www.footymania.com/600.html,"Dublin, Ireland",Ireland,Defender,13/1/1984,Sheffield Wednesday
soccer/www.footymania.com/1403.html,"Strumica, Macedonia, the former yugoslav republic of","Macedonia, the former yugoslav republic of",Forward,27/7/1983,Lazio
soccer/www.footymania.com/891.html,"Montpellier, France",France,Back Left,19/7/1981,Lens
soccer/www.footymania.com/562.html,", Ireland",Ireland,Goalkeeper,26/9/1981,Wolverhampton Wanderers
soccer/www.footymania.com/4201.html,"Dublin, Ireland",Ireland,"Midfield Center, Midfield Attack",2/12/1973,Wigan Athletic
soccer/www.footymania.com/4141.html,", United states",United states,Defender,1/8/1973,
soccer/www.footymania.com/920.html,"Sutton Coldfield, England",England,Defender,24/6/1975,
soccer/www.footymania.com/4542.html,", France",France,Defender,28/7/1982,Le Mans
soccer/www.footymania.com/317.html,"Le Puy-en-Val, France",France,Goalkeeper,31/12/1972,Lyon
soccer/www.footymania.com/676.html,", France",France,Midfielder,14/4/1979,Hibernian
soccer/www.footymania.com/3125.html,"Livingston, Guatemala",Guatemala,"Midfield Center, Midfield Left",26/3/1978,
soccer/www.footymania.com/622.html,"Montevideo, Uruguay",Uruguay,Midfield Attack,15/11/1967,
soccer/www.footymania.com/2465.html,"Curitiba, Brazil",Brazil,Defender,9/3/1984,Udinese
soccer/www.footymania.com/1284.html,", Iceland",Iceland,Midfielder,27/10/1978,Leeds United
soccer/www.footymania.com/2589.html,"Almeria, Spain",Spain,Defender,11/10/1974,Deportivo La Coruña
soccer/www.footymania.com/995.html,"Montevideo, Uruguay",Uruguay,Goalkeeper,26/12/1979,Cagliari
soccer/www.footymania.com/4749.html,", Senegal",Senegal,Defender,19/10/1977,Newcastle United
soccer/www.footymania.com/3709.html,", Ghana",Ghana,Defender,0/0/0000,
soccer/www.footymania.com/366.html,", Switzerland",Switzerland,"Left midfielder, Attacking midfielder",22/2/1977,VfB Stuttgart
soccer/www.footymania.com/727.html,", Tunisia",Tunisia,Goalkeeper,0/0/2000,
soccer/www.footymania.com/3714.html,", Ghana",Ghana,Midfield,28/4/1986,
soccer/www.footymania.com/3208.html,"Alberton, South africa",Netherlands,Goalkeeper,30/1/1970,Ajax Amsterdam
soccer/www.footymania.com/2289.html,"Amsterdam, Netherlands",Netherlands,Back Left,13/6/1974,AC Milan
soccer/www.footymania.com/565.html,"Agadir, Morocco",Morocco,Midfielder Left,19/2/1973,Livingston
soccer/www.footymania.com/742.html,", Tunisia",Tunisia,Attacker,0/0/2000,
soccer/www.footymania.com/5005.html,"Akureyri, Iceland",Iceland,Forward,22/8/1977,Bolton Wanderers
soccer/www.footymania.com/8.html,"Helsingborg, Sweden",Sweden,Striker,20/9/1971,Helsingborgs IF
soccer/www.footymania.com/34.html,"Florida, Argentina",Argentina,Striker,5/7/1975,Chelsea FC
soccer/www.footymania.com/43.html,"Stirling, Scotland",Scotland,Goalkeeper,26/1/1984,Everton FC
soccer/www.footymania.com/606.html,"Knowsley, England",England,Goalkeeper,27/5/1980,Shrewsbury Town
soccer/www.footymania.com/501.html,"Drogheda, Ireland",Ireland,Defender Left,31/8/1977,Sunderland
soccer/www.footymania.com/2833.html,"Mendaro, Spain",Spain,Defender,22/1/1983,Real Sociedad
soccer/www.footymania.com/574.html,"Dato, Senegal",Senegal,Midfield Right,12/11/1973,AC Milan
soccer/www.footymania.com/2071.html,"Vlorë, Albania",Albania,Striker,25/7/1973,Lazio
soccer/www.footymania.com/399.html,", Russian federation",Russian federation,Goalkeeper,8/4/1986,PFC CSKA Moskva
soccer/www.footymania.com/262.html,", Latvia",Latvia,Midfielder,3/7/1985,
soccer/www.footymania.com/387.html,", Russian federation",Russian federation,Central midfielder,6/4/1978,FC Torpedo Moskva
soccer/www.footymania.com/409.html,"Split, Croatia",Croatia,"Central defender, Central midfielder",16/4/1978,
soccer/www.footymania.com/258.html,", Latvia",Latvia,Defender,0/0/2000,Grasshopper-Club
soccer/www.footymania.com/89.html,"Madrid, Spain",Spain,Goalkeeper,20/5/1981,Real Madrid
soccer/www.footymania.com/240.html,", Brunei darussalam",Bulgaria,"Left back, Central defender",20/1/1977,PFC Levski Sofia
soccer/www.footymania.com/260.html,", Latvia",Latvia,Midfielder Right,16/8/1975,
soccer/www.footymania.com/756.html,", 0",0,,0/0/2000,
soccer/www.footymania.com/774.html,", Ghana",Ghana,Striker,0/0/2000,
soccer/www.footymania.com/4458.html,", Senegal",Senegal,Midfielder,7/11/1981,Auxerre
soccer/www.footymania.com/745.html,", Tunisia",Tunisia,Attacker,0/0/2000,Lens
soccer/www.footymania.com/731.html,", Tunisia",Tunisia,Defender,0/0/2000,
soccer/www.footymania.com/94.html,", Spain",Spain,"Central defender, Central midfielder",28/3/1975,Valencia
soccer/www.footymania.com/234.html,", Bulgaria",Bulgaria,Left back,24/3/1976,
soccer/www.footymania.com/939.html,", Ecuador",Ecuador,Forward,24/10/1977,
soccer/www.footymania.com/411.html,"Hamburg, Germany",Croatia,Forward,29/1/1980,Werder Bremen
soccer/www.footymania.com/413.html,"Slavonski Brod, Croatia",Croatia,Midfield/Forward Left,14/9/1979,FC Lokomotiv Moskva
soccer/www.footymania.com/614.html,"Bangor, Wales",Wales,Striker,26/7/1968,Gillingham
soccer/www.footymania.com/2932.html,"São Paulo, Brazil",Brazil,Midfield Attack,1/1/1981,Arsenal FC
soccer/www.footymania.com/5681.html,", 0",0,,0/0/0000,Sporting
soccer/www.footymania.com/3108.html,"Joplin, United states",United states,"Midfield,Forward",13/4/1981,Kansas City Wizards
soccer/www.footymania.com/3812.html,", Korea, republic of","Korea, republic of",Forward,9/7/1981,
soccer/www.footymania.com/686.html,", England",England,Striker,0/0/2000,Chester
soccer/www.footymania.com/472.html,", Switzerland",Switzerland,Manager,0/0/2000,
soccer/www.footymania.com/137.html,"Kampen, Netherlands",Netherlands,"Right back, Central defender",17/7/1972,Ajax Amsterdam
soccer/www.footymania.com/943.html,"Lambeth, England",England,Midfielder Right,6/4/1983,Barnsley
soccer/www.footymania.com/1271.html,"Stirling, Scotland",Scotland,Defender,26/10/1980,Kilmarnock
soccer/www.footymania.com/4425.html,"Chelmsford, England",England,Midfield,9/11/1980,Reading
soccer/www.footymania.com/1772.html,"Glasgow, Scotland",Scotland,,26/4/1978,Hearts
soccer/www.footymania.com/1393.html,"Glasgow, Scotland",Scotland,Striker,14/4/1983,Everton FC
soccer/www.footymania.com/475.html,"Leeds, England",England,,4/1/1986,Newcastle United
soccer/www.footymania.com/910.html,"Sandwell, England",England,Defender,20/11/1980,Watford
soccer/www.footymania.com/4439.html,"Darlington, England",England,Midfield,25/5/1986,West Bromwich Albion
soccer/www.footymania.com/294.html,"Liverpool, England",England,Midfield,28/1/1978,Liverpool FC
soccer/www.footymania.com/642.html,"Poole, England",England,Forward,15/1/1985,Kidderminster Harriers
soccer/www.footymania.com/3154.html,"Jacksonville, United states",United states,Forward,4/4/1983,
soccer/www.footymania.com/1327.html,"Barton-on-Sea, England",England,Midfield Center,25/6/1973,Southampton FC
soccer/www.footymania.com/3583.html,", Slovakia",Slovakia,Midfield,24/4/1980,West Bromwich Albion
soccer/www.footymania.com/1278.html,"Lahti, Finland",Finland,Attacking Midfielder/Striker,20/2/1971,Malmö FF
soccer/www.footymania.com/437.html,", Czech republic",Czech republic,Goalkeeper,29/12/1972,Sparta
soccer/www.footymania.com/444.html,", Czech republic",Czech republic,Attacking Midfielder Left/Center,5/1/1982,Osasuna
soccer/www.footymania.com/1952.html,", United states",United states,Defender,26/8/1983,Club Deportivo Chivas
soccer/www.footymania.com/2162.html,"Buenos Aires, Argentina",Argentina,,10/8/1973,Inter Milan
soccer/www.footymania.com/2883.html,"Madrid, Spain",Spain,"Midfield Right, Midfield Left",12/5/1978,Villarreal
soccer/www.footymania.com/1407.html,"Madrid, Spain",Spain,Forward,30/3/1982,Osasuna
soccer/www.footymania.com/3195.html,"Valencia, Spain",Spain,Back Right,1/7/1979,Valencia
soccer/www.footymania.com/4343.html,", Cameroon",Cameroon,Midfielder,29/5/1983,Lille
soccer/www.footymania.com/540.html,"Sandefjord, Norway",Norway,Defender/Defensive Midfielder Center,10/6/1969,
soccer/www.footymania.com/5702.html,", 0",0,,0/0/0000,Roda JC Kerkrade
soccer/www.footymania.com/617.html,"Lokeren, Belgium",Belgium,Defender Center/Left,10/10/1983,Werder Bremen
soccer/www.footymania.com/177.html,", Germany",Germany,Central midfielder,5/3/1974,Bayern Munich
soccer/www.footymania.com/183.html,", Germany",Germany,Goalkeeper,10/11/1969,Arsenal FC
soccer/www.footymania.com/509.html,"Rambouillet, France",France,Forward,30/3/1983,Middlesbrough FC
soccer/www.footymania.com/1344.html,", Belgium",Belgium,Striker,7/6/1983,
soccer/www.footymania.com/406.html,"Zagreb, Croatia",Croatia,Center/Right Midfieldier,9/4/1980,Monaco
soccer/www.footymania.com/1541.html,"Nottingham, England",England,Midfield Center,18/2/1983,Tottenham Hotspur
soccer/www.footymania.com/1066.html,"Nottingham, England",England,Midfield Attack,15/1/1983,Liverpool FC
soccer/www.footymania.com/516.html,"Brent, England",England,Defender Center,23/3/1983,Charlton Athletic
soccer/www.footymania.com/2945.html,"Los Palacios, Spain",Spain,Midfield,21/11/1985,FC Sevilla
soccer/www.footymania.com/41.html,"Nuuk, Denmark",Denmark,Midfielder Right/Left,12/7/1977,Atletico Madrid
soccer/www.footymania.com/2668.html,"Seoul, Korea, republic of","Korea, republic of",Midfielder,25/0/2000,Manchester United
soccer/www.footymania.com/878.html,", Cyprus",Cyprus,Forward,11/2/1977,Olympiacos CFP
soccer/www.footymania.com/1523.html,"Dalian, China",China,Back Right,30/11/1977,Manchester City
soccer/www.footymania.com/1624.html,"Aberdeen, Scotland",Scotland,Striker,9/2/1976,Motherwell
soccer/www.footymania.com/23.html,"Paramaribo, Suriname",Netherlands,Striker,27/3/1972,
soccer/www.footymania.com/892.html,"Växjö, Sweden",Sweden,Defender Center,12/2/1971,Sunderland
soccer/www.footymania.com/115.html,", Portugal",Portugal,Goalkeeper,13/11/1975,Benfica
soccer/www.footymania.com/24.html,"London, England",England,Attacking Midfielder Left/Center,24/8/2011,Chelsea FC
soccer/www.footymania.com/5020.html,"Shrewsbury, England",England,Goalkeeper,19/4/1987,Manchester City
soccer/www.footymania.com/204.html,", Sweden",Sweden,"Central defender, Central midfielder",9/2/1971,Celtic
soccer/www.footymania.com/368.html,", Switzerland",Switzerland,Forward,1/2/1986,Brescia
soccer/www.footymania.com/358.html,", Switzerland",Switzerland,Central midfielder,8/3/1977,AC Milan
soccer/www.footymania.com/1709.html,"Swansea, Wales",Wales,Striker,5/4/1975,Celtic
soccer/www.footymania.com/128.html,"Alphen aan den Rijn, Netherlands",Netherlands,"Right back, Central defender",15/11/1983,Ajax Amsterdam
soccer/www.footymania.com/1909.html,"Camden, England",England,Midfield,15/8/1982,Colchester United
soccer/www.footymania.com/10.html,"Los Angelos, United states",United states,Defensive Midfielder Left/Center,10/29/2008,Club Deportivo Chivas
soccer/www.footymania.com/692.html,"Waterford, Ireland",Ireland,Defender,30/4/1981,Manchester United
soccer/www.footymania.com/519.html,"Romford, England",England,Midfielder,13/9/1983,Bournemouth
soccer/www.footymania.com/39.html,"Barking, England",England,Defender Center,7/12/1980,Chelsea FC
soccer/www.footymania.com/1429.html,", United states",United states,Midfield,10/7/1979,Chicago Fire
soccer/www.footymania.com/3007.html,"New York, United states",United states,Forward,24/1/1977,Red Bull
soccer/www.footymania.com/554.html,"Lorenskog, Norway",Norway,Forward,5/9/1979,Aston Villa
soccer/www.footymania.com/1508.html,"Liverpool, England",England,Midfield Center,10/1/1984,Hull City
soccer/www.footymania.com/3343.html,"Plateau State, Nigeria",Nigeria,Midfield Center,22/4/1987,Chelsea FC
soccer/www.footymania.com/1995.html,"Queens, New York, United states",United states,Goalkeeper,18/8/1976,Chicago Fire
soccer/www.footymania.com/166.html,"Roskilde, Denmark",Denmark,Forward,29/8/1976,VfB Stuttgart
soccer/www.footymania.com/3330.html,", Norway",Norway,Defender Right,0/0/0000,Kaiserslautern
soccer/www.footymania.com/535.html,"Kettering, England",England,Midfielder Defensive,10/9/1982,Notts County
soccer/www.footymania.com/4068.html,"Torrance, United states",United states,Defender Left,7/11/1984,Club Deportivo Chivas
soccer/www.footymania.com/58.html,"Middlesbrough, England",England,Central defender,22/1/1980,Middlesbrough FC
soccer/www.footymania.com/629.html,"Enschede, Netherlands",Netherlands,Defender Center,7/3/1974,De Graafschap
soccer/www.footymania.com/792.html,", Scotland",Scotland,Back Right,0/0/2000,
soccer/www.footymania.com/103.html,", Portugal",Portugal,Central defender,9/4/1978,Deportivo La Coruña
soccer/www.footymania.com/748.html,", Portugal",Portugal,Defender,0/0/2000,Gil Vicente
soccer/www.footymania.com/2728.html,"Logroño, Spain",Spain,Midfield Attack,19/9/1978,Mallorca
soccer/www.footymania.com/105.html,"Porto, Portugal",Portugal,Defender Center,14/10/1971,Standard de Liege
soccer/www.footymania.com/749.html,", Congo",Portugal,"Back Right, Midfield Right, Midfield",24/8/1982,FC Porto
soccer/www.footymania.com/97.html,"Utrera, Spain",Spain,"Right midfielder, Forward",1/9/1983,Atletico Madrid
soccer/www.footymania.com/848.html,"Taguaritinga, Brazil",Brazil,Defender Center,7/9/1976,Barcelona
soccer/www.footymania.com/2581.html,"Valencia, Spain",Spain,Goalkeeper,8/8/1970,Deportivo La Coruña
soccer/www.footymania.com/2568.html,", Spain",Spain,Midfield,21/12/1981,Atletico Madrid
soccer/www.footymania.com/37.html,"Madrid, Spain",Spain,Forward,31/10/1976,Real Madrid
soccer/www.footymania.com/842.html,", Brazil",Brazil,Midfielder,14/8/1968,
soccer/www.footymania.com/800.html,"Torremolinos, Spain",Spain,"Back Right, Defender Center",15/11/1979,Newcastle United
soccer/www.footymania.com/846.html,"Rosario, Argentina",Argentina,Midfielder and Manager,23/5/1942,
soccer/www.footymania.com/737.html,", Tunisia",Tunisia,Midfielder,0/0/2000,
soccer/www.footymania.com/1245.html,"Urai, Brazil",Brazil,Midfielder,19/6/1979,
soccer/www.footymania.com/5170.html,", Spain",Spain,Goalkeeper,12/7/1973,Valencia
soccer/www.footymania.com/1972.html,"Setubal, Portugal",Portugal,Manager,26/1/1963,Chelsea FC
soccer/www.footymania.com/93.html,", Spain",Spain,"Central midfielder, Attacking midfielder",31/10/1976,Real Madrid
soccer/www.footymania.com/3875.html,"Ipiranga, Brazil",Brazil,Midfield,6/7/1974,Bayern Munich
soccer/www.footymania.com/90.html,", Spain",Spain,"Right midfielder, Left midfielder",5/9/1977,Athletic Bilbao
soccer/www.footymania.com/886.html,", Canada",Canada,Wing Left,0/0/2000,Millwall
soccer/www.footymania.com/3094.html,"West Palm Beach, United states",United states,Forward,15/2/1977,Kansas City Wizards
soccer/www.footymania.com/5869.html,", 0",0,,0/0/0000,Barnet
soccer/www.footymania.com/4089.html,"Boca Raton, United states",United states,Forward,6/11/1989,Red Bull
soccer/www.footymania.com/2761.html,"Pamplona, Spain",Spain,Goalkeeper,24/1/1979,Osasuna
soccer/www.footymania.com/102.html,", Spain",Spain,Attacking Midfielder Right/Center,17/6/1975,Deportivo La Coruña
soccer/www.footymania.com/2897.html,"Madrid, Spain",Spain,Midfield,26/4/1981,Real Zaragoza
soccer/www.footymania.com/2734.html,"Badajoz, Spain",Spain,Goalkeeper,27/6/1980,Numancia
soccer/www.footymania.com/534.html,"Medelin, Colombia",Colombia,Striker,24/10/1975,Red Bull
soccer/www.footymania.com/802.html,", Spain",Spain,Striker,0/0/2000,Partick Thistle
soccer/www.footymania.com/2194.html,"Buenos Aires, Argentina",Argentina,Attacking Midfielder/Forward,24/6/1978,Villarreal
soccer/www.footymania.com/33.html,"La Plata, Argentina",Argentina,Midfielder Right/Left/Center,9/3/1975,Inter Milan
soccer/www.footymania.com/4785.html,", Finland",Finland,Striker,23/6/1983,Hearts
soccer/www.footymania.com/4667.html,", France",France,Midfielder,11/9/1980,Saint-Etienne
soccer/www.footymania.com/2360.html,"Puerto Cortés, Honduras",Honduras,Midfield,13/9/1979,Reggina
soccer/www.footymania.com/957.html,"Sao Paolo, Brazil",Brazil,Midfielder,22/2/1973,Celtic
soccer/www.footymania.com/42.html,"Vienna, Austria",Austria,Goalkeeper,24/8/1972,AEK Athens FC
soccer/www.footymania.com/336.html,", Latvia",Latvia,,1/3/1973,
soccer/www.footymania.com/110.html,", Georgia",Georgia,Defender/Midfielder/Forward Left,27/2/1978,AC Milan
soccer/www.footymania.com/443.html,", Czech republic",Czech republic,"Right midfielder, Attacking midfielder",30/3/1972,
soccer/www.footymania.com/4291.html,", France",France,Striker,17/12/1987,Lyon
soccer/www.footymania.com/733.html,", Tunisia",Tunisia,Defender,20/1/1984,Strasbourg
soccer/www.footymania.com/340.html,", Denmark",Denmark,,8/10/1980,Borussia M'gladbach
soccer/www.footymania.com/819.html,", Belgium",Belgium,Midfield,0/0/2000,
soccer/www.footymania.com/345.html,", Denmark",Denmark,Forward,29/8/1974,Ajax Amsterdam
soccer/www.footymania.com/5812.html,", 0",0,,0/0/0000,Hearts
soccer/www.footymania.com/862.html,", Scotland",Scotland,Midfield,0/0/2000,
soccer/www.footymania.com/854.html,"Liverpool, England",England,Forward,23/2/1979,Chester
soccer/www.footymania.com/5816.html,", 0",0,,0/0/0000,Wolverhampton Wanderers
soccer/www.footymania.com/3130.html,"Athens, United states",United states,Goalkeeper,25/5/1974,Kansas City Wizards
soccer/www.footymania.com/5.html,"Preston, United kingdom",Ireland,Left Midfield,1/2/1977,Wigan Athletic
soccer/www.footymania.com/181.html,", Germany",Germany,Forward,2/3/1982,Schalke 04
soccer/www.footymania.com/1676.html,"Dundee, Scotland",Scotland,Back Right,28/8/1982,Aberdeen
soccer/www.footymania.com/1138.html,"Sheffield, England",England,Forward,26/3/1977,Bolton Wanderers
soccer/www.footymania.com/735.html,", Tunisia",Tunisia,Midfielder,0/0/2000,
soccer/www.footymania.com/974.html,", Korea, republic of","Korea, republic of",Forward/Striker,8/1/1979,Fulham FC
soccer/www.footymania.com/62.html,", England",England,"Central midfielder, Attacking midfielder",29/12/1978,Newcastle United
soccer/www.footymania.com/5988.html,", 0",0,,0/0/0000,AZ Alkmaar
soccer/www.footymania.com/454.html,", Bulgaria",Bulgaria,Defender,18/4/1982,PFC Lokomotiv Plovdiv
soccer/www.footymania.com/3247.html,"Drempt, Netherlands",Netherlands,Striker,12/8/1983,Ajax Amsterdam
soccer/www.footymania.com/276.html,", Greece",Greece,Goalkeeper,30/5/1974,Murcia
soccer/www.footymania.com/282.html,", Greece",Greece,,21/6/1979,AEK Athens FC
soccer/www.footymania.com/3359.html,"Irvine, Scotland",Scotland,Striker,18/8/1983,Rangers
soccer/www.footymania.com/777.html,", Ghana",Ghana,Striker,0/0/2000,
soccer/www.footymania.com/3662.html,"Strongsville, United states",United states,Defender,15/3/1983,Los Angeles Galaxy
soccer/www.footymania.com/771.html,", Ghana",Ghana,Midfielder,0/0/2000,
soccer/www.footymania.com/471.html,", Sweden",Sweden,Manager,0/0/2000,
soccer/www.footymania.com/2882.html,"Glostrup, Denmark",Denmark,Midfielder,27/5/1986,Heerenveen
soccer/www.footymania.com/513.html,"Londi Kribi, Cameroon",Cameroon,Defender Right,19/1/1977,Portsmouth
soccer/www.footymania.com/4524.html,", France",France,Midfielder,23/9/1975,Toulouse
soccer/www.footymania.com/296.html,"London, England",England,Defender,12/10/1980,Tottenham Hotspur
soccer/www.footymania.com/494.html,"Hammersfield, England",England,Midfielder,3/8/1982,Fulham FC
soccer/www.footymania.com/4876.html,", Afghanistan",Afghanistan,Midfielder,9/2/1987,Rangers
soccer/www.footymania.com/1371.html,"Lanark, Scotland",Scotland,Forward,18/5/1983,Dundee United
soccer/www.footymania.com/791.html,", England",England,Back Right,0/0/2000,Oxford United
soccer/www.footymania.com/4200.html,"Bellshill, Scotland",Scotland,Wing Left,14/5/1978,Wigan Athletic
soccer/www.footymania.com/1480.html,"Wallsend, England",England,Midfield Center,27/10/1972,Fulham FC
soccer/www.footymania.com/4267.html,"Wallsend, England",England,Midfield Center,27/10/1972,Newcastle United
soccer/www.footymania.com/3624.html,"Nottingham, England",Ireland,Forward,19/9/1986,Southampton FC
soccer/www.footymania.com/5566.html,", Greece",Greece,Forward,0/0/0000,Arminia Bielefeld
soccer/www.footymania.com/921.html,", Northern ireland",Northern ireland,Defender Center,0/0/2000,Bristol Rovers
soccer/www.footymania.com/1000.html,"Sydney, Australia",Australia,"Back Right, Midfield Right",4/5/1979,Kilmarnock
soccer/www.footymania.com/2971.html,"Raleigh, United states",United states,"Defender, Midfield Defensive",22/8/1981,Chicago Fire
soccer/www.footymania.com/653.html,"Bristol, England",England,Defender,22/1/1977,Bristol City
soccer/www.footymania.com/306.html,"Paris, France",France,Forward,8/10/1979,Manchester United
soccer/www.footymania.com/2153.html,"Reggio Emilia, Italy",Italy,Midfield Left,27/12/1978,Fiorentina
soccer/www.footymania.com/2119.html,"Ancona, Italy",Italy,Goalkeeper,22/2/1966,Chievo Verona
soccer/www.footymania.com/2223.html,"Liverno, Italy",Italy,Goalkeeper,29/3/1984,Livorno
soccer/www.footymania.com/2346.html,"Pavullo nel Frignano, Italy",Italy,Striker,26/5/1977,Fiorentina
soccer/www.footymania.com/2777.html,"Sainte-Catherine-lès-Arras, France",France,Forward,6/2/1980,Osasuna
soccer/www.footymania.com/355.html,", Switzerland",Switzerland,Midfielder,20/4/1979,VfB Stuttgart
soccer/www.footymania.com/2155.html,"Porto Recanati, Italy",Italy,Midfield,19/10/1973,Fiorentina
soccer/www.footymania.com/2403.html,"Cremona, Italy",Italy,Goalkeeper,27/1/1970,Sampdoria
soccer/www.footymania.com/46.html,"Gijon, Spain",Spain,Attacking Midfielder,8/5/1970,
soccer/www.footymania.com/951.html,"Oviedo, Spain",Spain,Forward,6/2/1981,Mallorca
soccer/www.footymania.com/459.html,"Fundo, Brazil",Brazil,Manager,11/9/1948,
soccer/www.footymania.com/2828.html,"Rio de Janeiro, Brazil",Brazil,Defender,1/12/1977,Real Sociedad
soccer/www.footymania.com/3608.html,"Tychy, Poland",Germany,Defender,9/10/1985,Bayer Leverkusen
soccer/www.footymania.com/859.html,"Cambridge, England",England,"Midfield Right, Wing Right",18/11/1980,Stoke City
soccer/www.footymania.com/1534.html,"Peterborough, England",England,Goalkeeper,24/9/1984,Manchester United
soccer/www.footymania.com/1144.html,"Harlow, England",England,"Back Right, Defender Center",19/7/1979,Middlesbrough FC
soccer/www.footymania.com/99.html,", Spain",Spain,Right back,22/10/1975,Real Madrid
soccer/www.footymania.com/807.html,", Norway",Norway,Forward,13/10/1980,FC København
soccer/www.footymania.com/192.html,", Sweden",Sweden,Goalkeeper,19/3/1973,Chelsea FC
soccer/www.footymania.com/477.html,"Eindhoven, Netherlands",Netherlands,Goalkeeper,26/6/1976,Feyenoord Rotterdam
soccer/www.footymania.com/4752.html,", Senegal",Senegal,Midfielder,11/1/1986,Marseille
soccer/www.footymania.com/332.html,", Portugal",Portugal,Midfielder Left/Center,11/11/1977,Inter Milan
soccer/www.footymania.com/3833.html,", Angola",Angola,Forward,18/3/1982,Benfica
soccer/www.footymania.com/2889.html,"Vigo, Spain",Spain,Defender,2/4/1981,Real Zaragoza
soccer/www.footymania.com/4573.html,", France",France,Midfielder,12/5/1980,Nice
soccer/www.footymania.com/132.html,", Netherlands",Netherlands,Left midfielder,29/3/1973,
soccer/www.footymania.com/2228.html,"Mulhouse, France",France,Back Right,21/5/1981,Livorno
soccer/www.footymania.com/2562.html,"Montevideo, Uruguay",Uruguay,Midfield,2/6/1978,Atletico Madrid
soccer/www.footymania.com/2221.html,"Frascati, Italy",Italy,Goalkeeper,2/4/1982,Livorno
soccer/www.footymania.com/528.html,", Italy",Italy,,18/6/1982,Reggina
soccer/www.footymania.com/962.html,"Finale Ligure, Italy",Italy,Striker,4/6/1976,Siena
soccer/www.footymania.com/2434.html,"Noale, Italy",Italy,Goalkeeper,8/7/1974,Siena
soccer/www.footymania.com/2313.html,"Roma, Italy",Italy,Midfield,22/7/1980,Parma
soccer/www.footymania.com/319.html,", Italy",Italy,Defender Center,19/8/1973,Inter Milan
soccer/www.footymania.com/530.html,"San Giovanni Bianco, Italy",Italy,Defender,15/4/1977,FC Messina Peloro
soccer/www.footymania.com/353.html,", Switzerland",Switzerland,Defender,24/10/1971,
soccer/www.footymania.com/324.html,"Roma, Italy",Italy,Attacking Midfielder/Forward Left,15/7/1976,Monaco
soccer/www.footymania.com/845.html,"Utrecht, Netherlands",Netherlands,Striker,31/10/1964,
soccer/www.footymania.com/784.html,"Negrais, Portugal",Portugal,Defender,9/2/1979,Sporting
soccer/www.footymania.com/753.html,"Lisboa, Portugal",Portugal,Midfielder,5/5/1979,Belenenses
soccer/www.footymania.com/2727.html,"Palma de Mallorca, Spain",Spain,Midfield,17/8/1968,Mallorca
soccer/www.footymania.com/3255.html,"Houston, United states",United states,Forward,9/11/1982,Houston Dynamo
soccer/www.footymania.com/197.html,"Olomouc, Czech republic",Czech republic,Forward,4/8/1977,
soccer/www.footymania.com/225.html,", Bulgaria",Bulgaria,"Central midfielder, Attacking midfielder",29/7/1973,Kaiserslautern
soccer/www.footymania.com/2339.html,"Tandil, Argentina",Argentina,Midfield Attack,5/5/1981,US Città di Palermo
soccer/www.footymania.com/264.html,", Latvia",Latvia,Attacking Midfielder/Forward,5/8/1976,Southampton FC
soccer/www.footymania.com/29.html,"Amsterdam, Netherlands",Netherlands,Defender/Midfielder Right/Center,29/4/2011,Wigan Athletic
soccer/www.footymania.com/752.html,", Portugal",Portugal,Midfielder,0/0/2000,Sporting
soccer/www.footymania.com/403.html,"Zagreb, Croatia",Croatia,"Right-back, Central defender",23/7/1975,
soccer/www.footymania.com/2338.html,"Comodoro Rivadavia, Argentina",Argentina,Midfield,23/12/1981,US Città di Palermo
soccer/www.footymania.com/337.html,", Latvia",Latvia,,2/6/1976,
soccer/www.footymania.com/1588.html,"Broxburn, Scotland",Scotland,Forward,18/8/1980,Dunfermline Athletic
soccer/www.footymania.com/904.html,", England",England,Striker,0/0/2000,
soccer/www.footymania.com/532.html,"Guildford, England",England,Defender Center,30/3/1982,Crystal Palace
soccer/www.footymania.com/693.html,"Liverpool, England",England,Forward,2/10/1978,
soccer/www.footymania.com/615.html,"Crewe, England",England,Forward,26/11/1975,Carlisle United
soccer/www.footymania.com/138.html,", Netherlands",Netherlands,"Central midfielder, Attacking midfielder",22/4/1977,Bayern Munich
soccer/www.footymania.com/1147.html,"Cape Town, South africa",South africa,Defender Center,14/3/1974,Charlton Athletic
soccer/www.footymania.com/541.html,"Dublin, Ireland",Ireland,Midfielder Center,12/8/1972,Walsall
soccer/www.footymania.com/408.html,"Osijek, Croatia",Croatia,Defender/Midfielder Left,28/1/1981,Bayer Leverkusen
soccer/www.footymania.com/651.html,"Munich, Germany",Germany,Defender,8/9/1972,VfB Stuttgart
soccer/www.footymania.com/711.html,", Morocco",Morocco,Midfielder,0/0/2000,
soccer/www.footymania.com/623.html,"Herlev,, Denmark",Denmark,Defender Center,31/3/1980,West Bromwich Albion
soccer/www.footymania.com/863.html,"Alexandria, nr Dumbarton, Scotland",Scotland,Midfield Attack,22/4/1976,
soccer/www.footymania.com/161.html,", Denmark",Denmark,"Right midfielder, Left midfielder, Attacking midfi",6/10/1975,Udinese
soccer/www.footymania.com/452.html,", Czech republic",Czech republic,"Right-back, Central defender",25/5/1979,FC Spartak Moskva
soccer/www.footymania.com/515.html,"Oxford, England",England,Defender Center,24/7/1966,
soccer/www.footymania.com/155.html,"Farvoug, Denmark",Denmark,Defender Center,26/7/1977,Aston Villa
soccer/www.footymania.com/647.html,"Exeter, England",England,Midfielder,13/3/1976,Torquay United
soccer/www.footymania.com/1111.html,"Ashington, England",England,Defender Center,9/11/1979,Norwich City
soccer/www.footymania.com/3025.html,"Tampico, Mexico",Mexico,Goalkeeper,6/8/1970,
soccer/www.footymania.com/620.html,", Hungary",Hungary,Goalkeeper,3/5/1983,Leicester City
soccer/www.footymania.com/1513.html,"Sanguan, Trinidad and tobago",Trinidad and tobago,Defender Center,22/12/1975,Rangers
soccer/www.footymania.com/827.html,"Aosta, Italy",Italy,Midfield,17/7/1979,Chievo Verona
soccer/www.footymania.com/75.html,", Italy",Italy,Right back,14/6/1976,Lazio
soccer/www.footymania.com/553.html,"Zemun, Serbia and montenegro",Serbia and montenegro,Striker,12/4/1979,Atletico Madrid
soccer/www.footymania.com/404.html,", Croatia",Croatia,Defender/Midfielder Left,3/6/1979,
soccer/www.footymania.com/898.html,", England",England,Defender,4/9/1984,
soccer/www.footymania.com/3008.html,"Aurora, United states",United states,Goalkeeper,13/10/1975,Colorado Rapids
soccer/www.footymania.com/71.html,", Algeria",Italy,Central defender,5/12/1979,Everton FC
soccer/www.footymania.com/4780.html,", Afghanistan",Afghanistan,Midfielder,0/0/0000,
soccer/www.footymania.com/677.html,", England",England,Goalkeeper,0/0/2000,Wycombe Wanderers
soccer/www.footymania.com/3499.html,"Nuneaton, England",England,Striker,5/3/1986,Leicester City
soccer/www.footymania.com/967.html,", England",England,Striker,0/0/2000,
soccer/www.footymania.com/5370.html,"San Bernardino, United states",United states,Midfielder,18/4/1986,Toronto FC
soccer/www.footymania.com/67.html,", Italy",Italy,Right midfielder,4/10/1976,Juventus
soccer/www.footymania.com/984.html,"Villa Maria, Argentina",Argentina,Forward,24/2/1981,
soccer/www.footymania.com/3402.html,"Leimuiden, Netherlands",Netherlands,"Defender Center, Midfield Defensive",2/3/1972,AZ Alkmaar
soccer/www.footymania.com/573.html,"South Shields, England",England,Striker,5/8/1978,Carlisle United
soccer/www.footymania.com/956.html,"Carrick, England",England,Midfielder Center,27/7/1981,Manchester United
soccer/www.footymania.com/972.html,"Newcastle, England",England,Striker,23/12/1983,Cardiff City
soccer/www.footymania.com/763.html,", Ghana",Ghana,Midfielder,0/0/2000,Chelsea FC
soccer/www.footymania.com/952.html,"Newport, Wales",Wales,Midfielder,17/10/1980,Gillingham
soccer/www.footymania.com/919.html,"Copenhagen, Denmark",Denmark,Attacking Midfielder/Striker,15/6/1964,Brøndby IF
soccer/www.footymania.com/641.html,"Graignamanagh, Ireland",Ireland,Forward,24/3/1980,Grimsby Town
soccer/www.footymania.com/814.html,"Yarmouth, England",England,Striker,31/10/1983,Bradford City
soccer/www.footymania.com/596.html,"Hilden, Germany",Germany,Midfield Defensive,27/10/1969,Hannover 96
soccer/www.footymania.com/1276.html,"Liverpool, England",England,Defender Left,2/10/1979,Manchester City
soccer/www.footymania.com/47.html,"Amstelveen, Netherlands",Netherlands,Defender Right,3/5/1973,PSV Eindhoven
soccer/www.footymania.com/213.html,", Greece",Greece,Central defender,18/10/1973,Olympiacos CFP
soccer/www.footymania.com/3501.html,"Angers, France",France,Forward,17/8/1973,Marseille
soccer/www.footymania.com/566.html,"Steinfurt, Finland",Finland,Striker,15/3/1981,Birmingham City
soccer/www.footymania.com/1651.html,"San Sebastian, Spain",Spain,Attacking Midfielder/Forward,26/3/1982,Everton FC
soccer/www.footymania.com/492.html,"Vigantice, Czech republic",Czech republic,Forward/Striker,28/10/1981,Lyon
soccer/www.footymania.com/412.html,", Croatia",Croatia,"Left midfielder, Attacking midfielder",16/8/1973,
soccer/www.footymania.com/5626.html,", 0",0,,0/0/0000,FC Porto
soccer/www.footymania.com/4342.html,", 0",0,Midfielder,15/2/1977,Lille
soccer/www.footymania.com/2503.html,"Sa Pobla, Spain",Spain,Defender,4/3/1980,Albacete
soccer/www.footymania.com/740.html,", Tunisia",Tunisia,Attacker,0/0/2000,
soccer/www.footymania.com/755.html,", Ghana",Ghana,Goalkeeper,0/0/2000,
soccer/www.footymania.com/463.html,", Denmark",Denmark,Manager,8/14/1949,
soccer/www.footymania.com/628.html,"Holstebro, Denmark",Denmark,Striker,30/6/1980,Real Sociedad
soccer/www.footymania.com/167.html,", Denmark",Denmark,Central midfielder,25/2/1971,Brøndby IF
soccer/www.footymania.com/971.html,"Vadsø, Norway",Norway,Midfielder Left,8/9/1981,Blackburn Rovers
soccer/www.footymania.com/1960.html,", Zimbabwe",Zimbabwe,Midfielder,10/5/1981,
soccer/www.footymania.com/356.html,", Switzerland",Switzerland,Central defender,15/9/1974,
soccer/www.footymania.com/568.html,"Hackney, England",England,,31/10/1974,Birmingham City
soccer/www.footymania.com/2965.html,"Eugene, United states",United states,Forward,28/10/1981,Houston Dynamo
soccer/www.footymania.com/832.html,"Cardiff, Wales",Wales,Forward,27/1/1972,Leicester City
soccer/www.footymania.com/856.html,", England",England,Goalkeeper,0/0/2000,Partick Thistle
soccer/www.footymania.com/994.html,", Scotland",Scotland,Midfield,0/0/2000,Dundee
soccer/www.footymania.com/1731.html,", Scotland",Scotland,Midfield,9/3/1983,Dundee
soccer/www.footymania.com/3291.html,"Houston, United states",United states,"Back Left, Defender Center",4/2/1982,Real Salt Lake
soccer/www.footymania.com/478.html,"Hull, England",England,Attacking Midfielder/Forward Center,11/2/1974,Hull City
soccer/www.footymania.com/5427.html,"Charleston, United states",United states,Goalkeeper,1/9/1984,Chicago Fire
soccer/www.footymania.com/59.html,"Manchester, England",England,Central midfielder,21/1/1975,Newcastle United
soccer/www.footymania.com/2273.html,"Cerignola, Italy",Italy,Forward,29/8/1974,FC Messina Peloro
soccer/www.footymania.com/1023.html,"Bari, Italy",Italy,Striker,24/5/1978,Atalanta
soccer/www.footymania.com/19.html,"St. Austell, England",England,Goalkeeper,11/8/1966,Everton FC
soccer/www.footymania.com/1189.html,"Amsterdam, Netherlands",Netherlands,Defender/Defensive Midfielder Right,30/11/1984,Hamburg SV
soccer/www.footymania.com/2843.html,"Istanbul, Turkey",Turkey,Striker,23/11/1979,PFC CSKA Moskva
soccer/www.footymania.com/209.html,", Greece",Greece,Central defender,3/8/1973,Leicester City
soccer/www.footymania.com/4112.html,"Williamsburg, United states",United states,Goalkeeper,21/4/1983,Columbus Crew
soccer/www.footymania.com/1767.html,"Waterford, Ireland",Ireland,Forward,26/12/1982,Dundee United
soccer/www.footymania.com/544.html,"Callao, Peru",Peru,Midfielder Right,12/12/1974,West Ham FC
soccer/www.footymania.com/114.html,", Portugal",Portugal,Forward,5/7/1976,Benfica
soccer/www.footymania.com/111.html,"Lisbon, Portugal",Portugal,Left back,12/9/1974,Everton FC
soccer/www.footymania.com/561.html,"Owerri, Nigeria",Nigeria,Striker,1/8/1976,Portsmouth
soccer/www.footymania.com/256.html,", Latvia",Latvia,Defender Right/Left/Center,16/5/1973,
soccer/www.footymania.com/178.html,", Germany",Germany,Goalkeeper,15/6/1969,Bayern Munich
soccer/www.footymania.com/203.html,", Sweden",Sweden,Central defender,3/9/1977,Aston Villa
soccer/www.footymania.com/701.html,", Morocco",Morocco,Goalkeeper,0/0/2000,
soccer/www.footymania.com/913.html,"Rotterdam, Netherlands",Netherlands,Attacking Midfielder/Striker,24/8/1979,Twente Enschede
soccer/www.footymania.com/915.html,", Spain",Spain,Defender,11/5/1980,Betis Sevilla
soccer/www.footymania.com/461.html,", Croatia",Austria,Manager,19/6/1932,
soccer/www.footymania.com/847.html,"Craiova, Romania",Romania,"Midfield Center, Midfield Right",5/12/1972,Helmond Sport
soccer/www.footymania.com/659.html,"Glasgow, Ireland",Ireland,Striker,14/7/1966,
soccer/www.footymania.com/293.html,"Calgary, Canada",England,Midfield,20/1/1981,Manchester United
soccer/www.footymania.com/2324.html,"Vimercate, Italy",Italy,Goalkeeper,5/3/1984,US Città di Palermo
soccer/www.footymania.com/1401.html,"Aosta, Italy",Italy,Midfield,17/9/1986,Juventus
soccer/www.footymania.com/1239.html,"Milan, Italy",Italy,Defender Left,26/6/1968,AC Milan
soccer/www.footymania.com/1277.html,"Varese, Italy",Italy,Defender Left,12/8/1972,Rangers
soccer/www.footymania.com/5202.html,", Afghanistan",Afghanistan,Striker,0/0/0000,Twente Enschede
soccer/www.footymania.com/367.html,", Switzerland",Switzerland,Defender Right/Center,17/12/1976,Lyon
soccer/www.footymania.com/3980.html,", Switzerland",Switzerland,Defender,17/12/1976,Lyon
soccer/www.footymania.com/304.html,"Dakar, Senegal",France,Midfield,26/6/1976,Juventus
soccer/www.footymania.com/760.html,", Ghana",Ghana,Defender,0/0/2000,
soccer/www.footymania.com/38.html,"Amsterdam, Netherlands",Netherlands,Striker Center,1/7/1976,Lille
soccer/www.footymania.com/1583.html,"Prague, Czech republic",Czech republic,Midfield Attack,10/11/1973,Aston Villa
soccer/www.footymania.com/124.html,", Netherlands",Netherlands,Central midfielder,26/3/1970,Heerenveen
soccer/www.footymania.com/172.html,", 0",0,"Right midfielder, Attacking midfielder",26/7/1979,
soccer/www.footymania.com/613.html,"Glasgow, Scotland",Scotland,Goalkeeper,16/8/1979,Dunfermline Athletic
soccer/www.footymania.com/4326.html,"Brighton, England",England,Midfield,20/101/0000,Sheffield United
soccer/www.footymania.com/1420.html,"Manchester, England",England,Defender,26/8/1981,
soccer/www.footymania.com/1837.html,"Whisaw, Scotland",Scotland,Defender Center,21/7/1985,Motherwell
soccer/www.footymania.com/53.html,", 0",England,Goalkeeper,15/10/1979,Tottenham Hotspur
soccer/www.footymania.com/55.html,"Salford, England",England,"Central midfielder, Attacking midfielder",16/11/1974,Manchester United
soccer/www.footymania.com/893.html,"Burnham, England",England,"Midfield Attack, Forward",4/9/1973,Rotherham United
soccer/www.footymania.com/818.html,"Edinburgh, Scotland",Scotland,Midfield,28/8/1974,
soccer/www.footymania.com/698.html,"Epsom, England",England,Goalkeeper,17/12/1979,Southampton FC
soccer/www.footymania.com/3574.html,"Kronenberg, Netherlands",Netherlands,Back Right,1/9/1983,Vitesse Arnhem
soccer/www.footymania.com/506.html,"Heywood, England",England,Goalkeeper,22/1/1973,Sheffield United
soccer/www.footymania.com/5837.html,", 0",0,,0/0/0000,Heerenveen
soccer/www.footymania.com/966.html,"Heredia, Costa rica",Costa rica,Striker,31/7/1976,
soccer/www.footymania.com/116.html,", Portugal",Portugal,Central midfielder,1/12/1974,FC Dinamo Moskva
soccer/www.footymania.com/112.html,"Cascais, Portugal",Portugal,Right back,18/1/1979,Chelsea FC
soccer/www.footymania.com/432.html,", Czech republic",Czech republic,Left-back,18/1/1976,FC Zenit St. Peterburg
soccer/www.footymania.com/448.html,", Czech republic",Czech republic,"Left midfielder, Attacking midfielder",30/8/1972,Juventus
soccer/www.footymania.com/121.html,"Punta de Algada, Portugal",Portugal,Forward,28/4/1973,Paris Saint Germain
soccer/www.footymania.com/503.html,"Guimarães, Portugal",Portugal,Midfielder,26/2/1979,Portsmouth
soccer/www.footymania.com/5704.html,", 0",0,,0/0/0000,West Bromwich Albion
soccer/www.footymania.com/575.html,"Copenhagen, Denmark",Denmark,Midfield Center,6/2/1970,
soccer/www.footymania.com/149.html,"Southport, England",England,central defender,3/1/1982,Blackpool
soccer/www.footymania.com/500.html,"Macclesfield, England",England,Striker,30/1/1981,Liverpool FC
soccer/www.footymania.com/347.html,", Denmark",Denmark,Forward,29/1/1980,Rangers
soccer/www.footymania.com/429.html,", Czech republic",Czech republic,Goalkeeper,20/5/1982,Chelsea FC
soccer/www.footymania.com/669.html,"Lahti, Finland",Finland,Defender Center,24/9/1980,Werder Bremen
soccer/www.footymania.com/371.html,", Sweden",Sweden,Defender Center,14/12/1976,Rennes
soccer/www.footymania.com/691.html,", Scotland",Scotland,Forward,0/0/2000,
soccer/www.footymania.com/1631.html,"London, England",England,Defender,18/11/1986,Southampton FC
soccer/www.footymania.com/50.html,"Bury, England",England,Defender Right/Left Defensive Midfielder,21/1/1977,Everton FC
soccer/www.footymania.com/182.html,", Germany",Germany,"Right back, Left back",11/11/1983,Bayern Munich
soccer/www.footymania.com/125.html,"Eindhoven, Netherlands",Netherlands,"Left back, Central midfielder, Left midfielder",29/10/1970,Yeovil Town
soccer/www.footymania.com/521.html,"Geneva, Switzerland",Switzerland,Defender Center,14/2/1985,Arsenal FC
soccer/www.footymania.com/2084.html,"Douala, Cameroon",Cameroon,Midfield,26/3/1979,Inter Milan
soccer/www.footymania.com/2779.html,"Bafoussam, Cameroon",Cameroon,Forward,20/1/1982,Osasuna
soccer/www.footymania.com/460.html,", Bulgaria",Bulgaria,Manager,9/11/1957,
soccer/www.footymania.com/375.html,", Sweden",Sweden,Attacking Midfielder Center,4/6/1980,Strasbourg
soccer/www.footymania.com/231.html,", Bulgaria",Bulgaria,Central defender,14/3/1973,
soccer/www.footymania.com/524.html,"Amsterdam, Netherlands",Netherlands,Forward,15/4/1986,Celta Vigo
soccer/www.footymania.com/1532.html,"Cape Town, South africa",South africa,"Midfield Left, Wing Left",21/5/1977,Bolton Wanderers
soccer/www.footymania.com/87.html,"Valencia, Spain",Spain,Defender Left/Center,14/4/1981,Real Madrid
soccer/www.footymania.com/5850.html,", 0",0,,0/0/0000,
soccer/www.footymania.com/141.html,"Heemskerk, Netherlands",Netherlands,Attacking midfielder Left/Center,11/2/1983,Hamburg SV
soccer/www.footymania.com/3046.html,"Tegucigalpa, Honduras",Honduras,Midfield Center,14/11/1985,Club Deportivo Chivas
soccer/www.footymania.com/238.html,"Waalwijk, Netherlands",Netherlands,Defender Left,16/0/2000,Sparta
soccer/www.footymania.com/361.html,", Switzerland",Switzerland,Central midfielder,26/4/1977,Hamburg SV
soccer/www.footymania.com/750.html,"Massarelos, Portugal",Portugal,"Midfielder Defensive, Midfield, Midfield Center, M",17/3/1983,Boavista
soccer/www.footymania.com/4124.html,"Prospect, United states",United states,Goalkeeper,2/10/1984,FC Dallas
soccer/www.footymania.com/5024.html,"Rotterdam, Netherlands",Netherlands,Goalkeeper,28/7/1983,Vitesse Arnhem
soccer/www.footymania.com/770.html,", Ghana",Ghana,Midfielder,0/0/2000,Empoli
soccer/www.footymania.com/776.html,", Ghana",Ghana,Striker,0/0/2000,FC København
soccer/www.footymania.com/703.html,", Morocco",Morocco,Defender,0/0/2000,
soccer/www.footymania.com/5105.html,"Apeldoorn, Netherlands",Netherlands,Midfield,6/7/1979,Heracles Almelo
soccer/www.footymania.com/1001.html,"Gland, Switzerland",Switzerland,"Back Left, Midfield Left",16/1/1986,Tottenham Hotspur
soccer/www.footymania.com/5950.html,", 0",0,,0/0/0000,Bradford City
soccer/www.footymania.com/123.html,", Portugal",Portugal,Right back,4/1/1980,Benfica
soccer/www.footymania.com/360.html,", Switzerland",Switzerland,"Right midfielder, Attacking midfielder",17/1/1979,Grasshopper-Club
soccer/www.footymania.com/113.html,"Amarante, Portugal",Portugal,Central defender,18/5/1978,Chelsea FC
soccer/www.footymania.com/723.html,", Portugal",Portugal,Defender,16/5/1981,FC Porto
soccer/www.footymania.com/2760.html,"Pamplona, Spain",Spain,Goalkeeper,8/4/1976,Osasuna
soccer/www.footymania.com/4946.html,", England",England,Midfielder,30/3/1978,Inverness CT
soccer/www.footymania.com/1801.html,"Prince George, Canada",Canada,Back Left,18/5/1977,Inverness CT
soccer/www.footymania.com/1582.html,"Glasgow, Scotland",Scotland,"Midfield Defensive, Midfield Left",25/7/1979,Portsmouth
soccer/www.footymania.com/5942.html,", 0",0,,0/0/0000,Huddersfield
soccer/www.footymania.com/17.html,"Ipswich, England",England,Goalkeeper,5/11/1977,Everton FC
soccer/www.footymania.com/1881.html,"Accrington, England",England,Midfield,2/2/1985,Southampton FC
soccer/www.footymania.com/1524.html,"Dublin, Ireland",Ireland,Defender Center,21/11/1979,Manchester City
soccer/www.footymania.com/435.html,"Peckham, England",England,Defender Center,7/11/1978,Manchester United
soccer/www.footymania.com/880.html,", England",England,Defender Center,0/0/2000,Stockport County
soccer/www.footymania.com/985.html,", Zambia",Wales,Forward,6/4/1981,Derby County
soccer/www.footymania.com/40.html,"Berlin, Germany",Germany,Defender Center,18/8/1984,Middlesbrough FC
soccer/www.footymania.com/1352.html,"Sutton-in-Ashfield, England",England,"Back Left, Back Right",5/8/1977,Sheffield United
soccer/www.footymania.com/305.html,"Reims, France",France,Midfield,29/10/1973,
soccer/www.footymania.com/1539.html,"Gosforth, England",England,Back Left,25/12/1973,Newcastle United
soccer/www.footymania.com/679.html,"Kendal, England",Wales,Defender Left,1/7/1973,Preston North End
soccer/www.footymania.com/146.html,"Caldogno, Italy",Italy,Attacking Midfielder/Forward Center,18/2/1967,Brescia
soccer/www.footymania.com/2128.html,"Manerbio, Italy",Italy,Midfield,11/12/1977,Udinese
soccer/www.footymania.com/983.html,"Montegnee, Belgium",Belgium,Midfielder,21/7/1973,Nice
soccer/www.footymania.com/5336.html,"Panama City, Panama",Panama,Forward,15/7/1977,Colorado Rapids
soccer/www.footymania.com/246.html,"Rotterdam, Netherlands",Netherlands,Attacking Midfielder Left/Center,6/8/1983,Arsenal FC
soccer/www.footymania.com/2866.html,"Marcos Paz, Argentina",Argentina,Defender,20/7/1975,AEK Athens FC
soccer/www.footymania.com/619.html,"Ribeiro Preto, Brazil",Brazil,Defender Center,0/0/2000,Udinese
soccer/www.footymania.com/1975.html,", Brazil",Brazil,Midfielder,6/3/1980,AS Roma
soccer/www.footymania.com/3453.html,", Netherlands",Netherlands,Defender,23/11/1986,FC Groningen
soccer/www.footymania.com/2262.html,"Maribor, Slovenia",Slovenia,Midfield,3/3/1987,FC Messina Peloro
soccer/www.footymania.com/391.html,", Russian federation",Russian federation,"Right midfielder, Attacking midfielder",17/9/1977,PFC CSKA Moskva
soccer/www.footymania.com/954.html,"Douai, France",France,Midfielder,8/8/1977,Sochaux
soccer/www.footymania.com/991.html,"Lyon, France",France,Defender Center,12/11/1982,Sedan
soccer/www.footymania.com/442.html,", Czech republic",Czech republic,Defender Left/Center,7/5/1977,TSV 1860 Munich
soccer/www.footymania.com/1.html,"Zaandam, Netherlands",Netherlands,Defender (ret) Manager,21/3/1963,Benfica
soccer/www.footymania.com/1663.html,"Manchester, England",England,Defender Center,10/9/1977,Huddersfield
soccer/www.footymania.com/145.html,"Hoorn, Netherlands",Netherlands,Midfielder Right/Center,15/5/1970,
soccer/www.footymania.com/21.html,"Porto Alegre, Brazil",Brazil,Attacking Midfielder,21/3/1980,Barcelona
soccer/www.footymania.com/3917.html,", Paraguay",Paraguay,Forward,16/8/1981,Blackburn Rovers
soccer/www.footymania.com/499.html,"Santa Rita Do Supucai, Brazil",Brazil,Defender Center,30/8/1976,Bayer Leverkusen
soccer/www.footymania.com/1701.html,"Dundee, Scotland",Scotland,Midfield,23/5/1985,Celtic
soccer/www.footymania.com/252.html,"Cork, Ireland",Ireland,Central Midfield,10/8/1971,Celtic
soccer/www.footymania.com/86.html,", Spain",Spain,Central midfielder,11/7/1975,Valencia
soccer/www.footymania.com/662.html,"Santiago de Compostela, Spain",Spain,Defender Center,29/1/1982,Real Madrid
soccer/www.footymania.com/464.html,", Germany",Germany,Manager,0/0/2000,
soccer/www.footymania.com/107.html,", Portugal",Portugal,Left back,27/3/1973,Sporting C.P.
soccer/www.footymania.com/142.html,"Oss, Netherlands",Netherlands,Forward,1/7/1976,Real Madrid
soccer/www.footymania.com/533.html,"Leicester, England",England,Midfielder Right,11/10/1983,Northampton Town
soccer/www.footymania.com/1354.html,"Christchurch, New zealand",New zealand,"Defender, Midfield",18/10/1977,Blackburn Rovers
soccer/www.footymania.com/520.html,"Islington, England",England,Midfielder,10/11/1986,Arsenal FC
soccer/www.footymania.com/663.html,"Bradford, England",England,Forward,26/12/1980,
soccer/www.footymania.com/250.html,"Cardiff, Wales",Wales,Left Winger,29/11/1973,Manchester United
soccer/www.footymania.com/441.html,", Italy",Italy,Goalkeeper,18/7/1963,
soccer/www.footymania.com/702.html,", Morocco",Morocco,Defender,0/0/2000,
soccer/www.footymania.com/2207.html,"San Dona di Piave, Italy",Italy,Midfield Center,6/2/1981,Lecce
soccer/www.footymania.com/88.html,"Madrid, Spain",Spain,Goalkeeper,18/12/1969,Valencia
soccer/www.footymania.com/673.html,", England",England,Defender Center,0/0/2000,Walsall
soccer/www.footymania.com/32.html,"Lambeth, England",England,Midfielder Right/Center,13/10/1980,Newcastle United
soccer/www.footymania.com/179.html,", Germany",Germany,Central midfielder,13/2/1980,Borussia Dortmund
soccer/www.footymania.com/876.html,", Argentina",Argentina,Midfield Left,0/0/2000,Ajax Amsterdam
soccer/www.footymania.com/518.html,"Hividovre, Denmark",Denmark,Midfielder Center,15/1/1983,Stoke City
soccer/www.footymania.com/1382.html,"Palizzi Marrina, Italy",Italy,Defender,29/3/1973,Lazio
soccer/www.footymania.com/2295.html,", France",France,Goalkeeper,18/3/1980,Fiorentina
soccer/www.footymania.com/1664.html,"Barnako, Mali",Mali,Defender,7/10/1977,West Bromwich Albion
soccer/www.footymania.com/4409.html,", Togo",Togo,Striker,7/5/1987,Monaco
soccer/www.footymania.com/5530.html,", Argentina",Argentina,Midfield,0/0/0000,Juventus
soccer/www.footymania.com/895.html,", Portugal",Portugal,Wing Right,0/0/2000,
soccer/www.footymania.com/780.html,"Cormons, Italy",Italy,Goalkeeper,9/11/1970,Chievo Verona
soccer/www.footymania.com/4183.html,"Ludwigschafen, Germany",Germany,,12/10/1988,Blackburn Rovers
soccer/www.footymania.com/2759.html,"Madrid, Spain",Spain,Forward,19/8/1978,Numancia
soccer/www.footymania.com/4029.html,", Poland",Poland,Defender,22/11/1981,
soccer/www.footymania.com/4592.html,", Mali",Mali,Midfielder,16/1/1980,Lens
soccer/www.footymania.com/1711.html,", Scotland",Scotland,Forward,24/1/1983,Aston Villa
soccer/www.footymania.com/3229.html,"London, England",England,"Midfield Right, Wing Right",25/10/1981,Chelsea FC
soccer/www.footymania.com/1274.html,"Lifford, Ireland",Ireland,Goalkeeper,20/4/1976,Newcastle United
soccer/www.footymania.com/1272.html,"Tbilisi, Georgia",Georgia,Striker,22/2/1973,AZ Alkmaar
soccer/www.footymania.com/2364.html,", Japan",Japan,Midfield,24/6/1978,Celtic
soccer/www.footymania.com/109.html,", Portugal",Portugal,"Right midfielder, Left midfielder",31/10/1979,Atletico Madrid
soccer/www.footymania.com/1759.html,"Glasgow, Scotland",Scotland,Forward,1/11/1974,Dunfermline Athletic
soccer/www.footymania.com/4826.html,", Afghanistan",Afghanistan,Striker,0/0/0000,Celtic
soccer/www.footymania.com/922.html,", England",England,Defender Center,17/11/1981,Kilmarnock
soccer/www.footymania.com/1666.html,", Australia",Australia,Goalkeeper,5/9/1969,West Bromwich Albion
soccer/www.footymania.com/879.html,", Canada",Canada,Goalkeeper,0/0/2000,Lincoln City
soccer/www.footymania.com/5582.html,", 0",0,,0/0/0000,Macclesfield Town
soccer/www.footymania.com/133.html,"Huddersfield, England",England,Defender Left,25/10/1971,Norwich City
soccer/www.footymania.com/77.html,", Italy",Italy,Central midfielder,17/9/1977,AS Roma
soccer/www.footymania.com/823.html,"Vukovar, Serbia and montenegro",Serbia and montenegro,Defender,20/2/1969,Inter Milan
soccer/www.footymania.com/60.html,", 0",England,Central defender,18/9/1974,Portsmouth
soccer/www.footymania.com/5143.html,"Fukuoka, Japan",Japan,Forward,6/6/1985,Heracles Almelo
soccer/www.footymania.com/348.html,", Switzerland",Switzerland,Forward,28/6/1969,
soccer/www.footymania.com/1119.html,"Perth, Australia",Australia,"Midfield Left, Wing Left",16/8/1972,Birmingham City
soccer/www.footymania.com/320.html,", Italy",Italy,Attacking Midfielder Right,17/4/1975,Valencia
soccer/www.footymania.com/803.html,"Oslo, Norway",Norway,Striker,10/11/1976,
soccer/www.footymania.com/248.html,", Denmark",Denmark,Goalkeeper,26/0/2000,Charlton Athletic
soccer/www.footymania.com/556.html,"Nantes, France",France,Midfielder,9/12/1971,Bastia
soccer/www.footymania.com/767.html,"Accra, Ghana",Ghana,Midfielder,24/12/1980,
soccer/www.footymania.com/153.html,"Stirling, Scotland",Scotland,Defender Center,12/9/1980,Sunderland
soccer/www.footymania.com/909.html,"Glasgow, Scotland",Scotland,Defender Left,22/6/1981,Leeds United
soccer/www.footymania.com/597.html,"Dublin, Ireland",Ireland,Forward,6/1/1984,Wolverhampton Wanderers
soccer/www.footymania.com/5017.html,"Cork, Ireland",Ireland,Midfield,22/8/1988,Manchester City
soccer/www.footymania.com/1702.html,"Lanark, Scotland",Scotland,Midfield Attack,2/10/1982,Celtic
soccer/www.footymania.com/577.html,"Wokingham, England",England,Midfield Left,18/9/1976,Coventry City
soccer/www.footymania.com/576.html,"Sunderland, England",England,Defender Center,26/10/1971,Hartlepool United
soccer/www.footymania.com/960.html,"Sunderland, England",England,Defender Center,26/10/1971,
soccer/www.footymania.com/1275.html,"Dublin, Scotland",Scotland,Defender,29/8/1976,Newcastle United
soccer/www.footymania.com/315.html,"Pithiviers, France",France,Forward,1/10/1974,Marseille
soccer/www.footymania.com/1495.html,"Limerick, Ireland",Ireland,Back Right,20/4/1976,Liverpool FC
soccer/www.footymania.com/1203.html,"Hexham, England",England,Defender (ret) Manager,31/12/1960,Birmingham City
soccer/www.footymania.com/1687.html,"Blackburn, England",England,Striker,5/2/1981,Aberdeen
soccer/www.footymania.com/970.html,"Sheffield, England",England,Defensive Midfielder Right/Center,6/9/1979,Bury
soccer/www.footymania.com/1241.html,"Liverpool, England",England,,2/11/1972,Manchester City
soccer/www.footymania.com/809.html,"Liverpool, England",England,Midfield,30/4/1984,Bradford City
soccer/www.footymania.com/4417.html,"Wandsworth, England",England,Midfield Center,14/12/1982,Chelsea FC
soccer/www.footymania.com/1093.html,"Kingston-on-Thames, England",England,Wing Left,10/3/1981,Blackburn Rovers
soccer/www.footymania.com/1331.html,"Aarhus, Denmark",Denmark,Midfielder,14/8/1969,
soccer/www.footymania.com/407.html,"Bugojno, Bosnia and herzegovina",Bosnia and herzegovina,"Central defender, Central midfielder",6/3/1976,
soccer/www.footymania.com/457.html,", Bulgaria",Bulgaria,Goalkeeper,3/2/1976,PFC Lokomotiv Plovdiv
soccer/www.footymania.com/4910.html,", Afghanistan",Afghanistan,Defender,0/0/0000,Dundee United
soccer/www.footymania.com/4839.html,", Scotland",Scotland,Defender,20/9/1969,St. Mirren
soccer/www.footymania.com/764.html,", Ghana",Ghana,Midfielder,27/8/1984,Portsmouth
soccer/www.footymania.com/761.html,"Accra, Ghana",Ghana,Midfield,27/8/1984,Portsmouth
soccer/www.footymania.com/298.html,"Torsby, Sweden",Sweden,Manager,5/2/1948,
soccer/www.footymania.com/552.html,", Brazil",Brazil,Defender Right/Left/Center,12/4/1974,Barcelona
soccer/www.footymania.com/785.html,", Israel",Israel,Defender Center,31/3/1982,Chelsea FC
soccer/www.footymania.com/546.html,"Casablanca, Morocco",Morocco,Defender Center,6/7/1976,
soccer/www.footymania.com/5656.html,", 0",0,,0/0/0000,Bristol City
soccer/www.footymania.com/626.html,", Malawi",Malawi,Defender,28/5/1983,
soccer/www.footymania.com/201.html,", Sweden",Sweden,"Central defender, Central midfielder",15/4/1973,
soccer/www.footymania.com/330.html,"Higams Park, England",England,Forward,2/4/1966,West Ham FC
soccer/www.footymania.com/1770.html,"Oulu, Finland",Finland,Goalkeeper,12/12/1973,Hearts
soccer/www.footymania.com/3395.html,"Volendam, Netherlands",Netherlands,Goalkeeper,19/11/1982,AZ Alkmaar
soccer/www.footymania.com/299.html,"Les Ulis, France",France,Forward,17/8/1977,Barcelona
soccer/www.footymania.com/425.html,", Germany",Germany,Forward,23/1/1975,Hannover 96
soccer/www.footymania.com/3556.html,", England",England,Goalkeeper,0/0/0000,Macclesfield Town
soccer/www.footymania.com/154.html,"Fredericia, Denmark",Denmark,Goalkeeper,12/6/1976,Aston Villa
soccer/www.footymania.com/683.html,"Sydney, Australia",Australia,Midfielder,6/12/1979,Everton FC
soccer/www.footymania.com/1213.html,"Port au Prince, Haiti",Netherlands,Striker,25/11/1985,Twente Enschede
soccer/www.footymania.com/428.html,", Germany",Germany,Goalkeeper,5/4/1979,Valencia
soccer/www.footymania.com/836.html,"St. Albans, England",England,,2/2/1969,Coventry City
soccer/www.footymania.com/242.html,", Bulgaria",Bulgaria,Central midfielder,19/5/1976,PFC CSKA Sofia
soccer/www.footymania.com/434.html,", Czech republic",Czech republic,"Central defender, Central midfielder",15/1/1973,Ajax Amsterdam
soccer/www.footymania.com/835.html,"Rymarov, Czech republic",Czech republic,Defender,24/3/1978,Fiorentina
soccer/www.footymania.com/866.html,"Kraków, Poland",Poland,Back Left,11/3/1973,ADO Den Haag
soccer/www.footymania.com/420.html,", Croatia",Croatia,"Attacking midfielder, Forward",8/4/1977,Benfica
soccer/www.footymania.com/1037.html,"Venezia, Italy",Italy,Forward,19/11/1977,Lazio
soccer/www.footymania.com/148.html,"Liverpool, England",England,Right Back,20/2/1981,Everton FC
soccer/www.footymania.com/210.html,", Greece",Greece,Central defender,31/1/1976,AS Roma
soccer/www.footymania.com/365.html,", Switzerland",Switzerland,Midfielder,22/5/1985,Bayer Leverkusen
soccer/www.footymania.com/5355.html,"London, Canada",Canada,Midfielder,9/5/1985,Toronto FC
soccer/www.footymania.com/310.html,"Pointe-a-Pitre, Guadeloupe",France,Defender,1/1/1972,Barcelona
soccer/www.footymania.com/1268.html,"New Delhi, India",India,Defender Center,23/10/1979,
soccer/www.footymania.com/667.html,"Recife, Brazil",Brazil,Attacking Midfielder/Forward Left/Center,19/4/1972,AEK Athens FC
soccer/www.footymania.com/857.html,"Melnik, Czech republic",Czech republic,Defender Center,9/9/1980,Sparta
soccer/www.footymania.com/378.html,", Russian federation",Russian federation,Goalkeeper,4/3/1979,FC Zenit St. Peterburg
soccer/www.footymania.com/98.html,", Spain",Spain,Left midfielder,16/7/1981,Valencia
soccer/www.footymania.com/602.html,"Mar del Plata, Argentina",Argentina,Forward,3/11/1981,
soccer/www.footymania.com/917.html,"Deventer, Netherlands",Netherlands,Attacking Midfielder Forward/Striker Right/Left,11/4/1978,NAC Breda
soccer/www.footymania.com/2314.html,"Melbourne, Australia",Australia,Midfield,4/10/1979,
soccer/www.footymania.com/265.html,", Latvia",Latvia,Forward,21/6/1973,
soccer/www.footymania.com/4010.html,", Serbia and montenegro",Serbia and montenegro,Goalkeeper,28/7/1983,Nantes
soccer/www.footymania.com/935.html,"Belfast, Northern ireland",Northern ireland,Forward,17/1/1981,Swansea City
soccer/www.footymania.com/31.html,"Southampton, England",England,Defender/Defensive Midfielder Left,31/31/2031,Chelsea FC
soccer/www.footymania.com/538.html,"Dublin, Ireland",Ireland,Goalkeeper,16/9/1983,Brighton & Hove Albion
soccer/www.footymania.com/940.html,"Basildon, England",England,Forward,13/4/1980,
soccer/www.footymania.com/136.html,", Netherlands",Netherlands,"Right midfielder, Left midfielder",9/6/1984,Real Madrid
soccer/www.footymania.com/2966.html,"Overland Park, United states",United states,"Midfield, Forward",13/6/1985,Kansas City Wizards
soccer/www.footymania.com/4911.html,", Scotland",Scotland,Defender,17/7/1986,
soccer/www.footymania.com/589.html,"Glasgow, Scotland",Scotland,Midfield Center,22/4/1969,Fulham FC
soccer/www.footymania.com/736.html,", Tunisia",Tunisia,Midfielder,0/0/2000,
soccer/www.footymania.com/85.html,"Tolosa, Spain",Spain,Central midfielder,25/11/1981,Liverpool FC
soccer/www.footymania.com/2576.html,"Barcelona, Spain",Spain,Midfield Center,25/1/1980,Barcelona
soccer/www.footymania.com/545.html,"Tema, Ghana",Ghana,Midfielder Right/Center,18/12/1981,Vitesse Arnhem
soccer/www.footymania.com/708.html,", Morocco",Morocco,Midfielder,0/0/2000,Lens
soccer/www.footymania.com/817.html,"Caen, France",France,Defender,16/7/1979,Preston North End
soccer/www.footymania.com/720.html,", Morocco",Morocco,Midfielder,0/0/2000,
soccer/www.footymania.com/3230.html,"Hongcheon, Korea, republic of","Korea, republic of",Back Left,23/4/1977,Tottenham Hotspur
soccer/www.footymania.com/1098.html,"Lyon, France",France,Midfield Attack,9/3/1968,Red Bull
soccer/www.footymania.com/612.html,"Casablanca, Morocco",Morocco,Midfield,13/1/1977,Southampton FC
soccer/www.footymania.com/718.html,", Morocco",Morocco,Goalkeeper,0/0/2000,
soccer/www.footymania.com/1302.html,"Diredawa, Ethiopia",Netherlands,Midfield,20/8/1982,Twente Enschede
soccer/www.footymania.com/3657.html,", Belgium",Belgium,Goalkeeper,31/1/1986,Hibernian
soccer/www.footymania.com/430.html,", Czech republic",Czech republic,"Right-back, Central defender",14/5/1980,Juventus
soccer/www.footymania.com/455.html,", Bulgaria",Bulgaria,Forward,20/2/1976,
soccer/www.footymania.com/245.html,", Bulgaria",Bulgaria,Central defender,23/7/1979,PFC Litex Lovech
soccer/www.footymania.com/278.html,", Greece",Greece,,9/11/1973,
soccer/www.footymania.com/11.html,"Malmö, Sweden",Sweden,Striker,3/10/1981,Inter Milan
soccer/www.footymania.com/813.html,", Hungary",Hungary,Striker,0/0/2000,West Bromwich Albion
soccer/www.footymania.com/227.html,", Bulgaria",Bulgaria,"Attacking midfielder, Forward",8/2/1974,PFC Litex Lovech
