url,STRING : nationality,STRING : birthplace,DATE : birthdate,SPACE : height,MASS : weight,STRING : national_team,STRING : position
soccer/www.123football.com/julio-caceres.html,Paraguayan,"San Jose dos Arroyos, Paraguay","October 5, 1979",,,Paraguay,Defende
soccer/www.123football.com/cyrille-makanaky.html,Cameroons,Cameroon,,??? cm,?? kg,Cameroon,Forward
soccer/www.123football.com/hugo-sanchez.html,Mexican,Mexico City,11 June 1958,??? cm,?? kg,Mexico,Striker
soccer/www.123football.com/valdo.html,Brazilian,"Siderópolis, Brazil",12 January 1964,??? cm,?? kg,Brazil,Midfielder
soccer/www.123football.com/youssef-hadji.html,Moroccan,"Ifrane, Morocco",25 Feb 1980,??? cm,?? kg,Morocco,Forward
soccer/www.123football.com/luboslav-penev.html,Bulgarian,Bulgaria,"August 31, 1966",??? cm,?? kg,Bulgaria,Striker
soccer/www.123football.com/sven-eriksson.html,Swedish,"Torsby, Swden","February 5, 1948",??? cm,?? kg,Sweden,???
soccer/www.123football.com/roger-milla.html,Cameroonian,"Yaounde, Cameroon","May 20, 1952",??? cm,?? kg,Cameroon,Foward
soccer/www.123football.com/erwin-sanchez.html,Bolivian,"Santa Cruz, Bolivia","October 19, 1969",??? cm,?? kg,Bolivia,Striker
soccer/www.123football.com/marek-heinz.html,Czech,"Olomouc, Czech Republic",4/8/1977,,,Czech Republic,Forward
soccer/www.123football.com/rivelino.html,Brazilian,"São Paulo, Brazil","January 1st, 1946",,,Brazil,Forward
soccer/www.123football.com/ivan-klasnic.html,Croatian,"Hamburg, Germany","January 29, 1980",,,Croatia,Striker
soccer/www.123football.com/sergio-aguero.html,Argentinian,,"June 2, 1988",,,"Argentina- A, U21","Forward, Attacking Midfielder"
soccer/www.123football.com/eddie-lewis.html,American,"Cerritos, California, United States","May 17, 1974",,,USA,Midfielder
soccer/www.123football.com/eddie-johnson.html,American,"Palm Coast, FL, United States","31 March, 1984",6'0,,USA,Forward
soccer/www.123football.com/benedict-mccarthy.html,South African,"Kaapstad, South africa",12/11/1977,182 cm,,South Africa,Striker
soccer/www.123football.com/danny-mills.html,English,"Norwich, England",18 May 1977,5.10,12.00,England,Defender
soccer/www.123football.com/kieron-dyer.html,English,"Ipswich, England",29/12/1978,170 cm,60 kg,England,Attacking Midfielder
soccer/www.123football.com/robinho.html,Brazilian,"São Vicente, Brazil",25/01/1984,172 cm,60 kg,Brazil,Forward
soccer/www.123football.com/leandro-romagnoli.html,Argentinian,"Capital Federal, Argentina",17/03/1981,172 cm,61 kg,,"Left Midfielder, Attacking Midfielder"
soccer/www.123football.com/michael-laudrup.html,Danish,"Copenhagen, Denmark","June 15, 1964",173 cm,61 kg,Denmark,Midfielder
soccer/www.123football.com/ludovic-giuly.html,French,"Lyon, France",10/07/1976,164 cm,62 kg,France,"Right Midfielder, Attacking Midfielder"
soccer/www.123football.com/giovanni-hernandez.html,Colombian,"Cali, Colombia","June 16, 1976",170 cm,62 kg,,Attacking Midfielder
soccer/www.123football.com/nelson-cuevas.html,Paraguayan,"Asuncion, Paraguay","January 10, 1980",172 cm,63 kg,Paraguay,Forward
soccer/www.123football.com/franklin-salas.html,Ecuatorian,"Pichincha, Equator","August 30, 1981",165 cm,64 kg,Ecuador,Midfielder
soccer/www.123football.com/dennis-wise.html,English,"Kensington, England",15/12/1966,168 cm,64 kg,England,Central Midfielder
soccer/www.123football.com/shaun-wright-phillips.html,English,"Londres, England",25/10/1981,168 cm,64 kg,England,Midfielder
soccer/www.123football.com/eyal-berkovic.html,Israeli,"Haifa, Israel",02/04/1972,170 cm,64 kg,Israel,Central Midfielder
soccer/www.123football.com/nolberto-solano.html,Peruvian,"Callao, Peru",12/12/1974,174 cm,64 kg,Peru,Midfielder Right
soccer/www.123football.com/david-pizarro.html,Chilean,"Santiago, Chile",February 11 1979,176 cm,64 kg,Chile,Midfielder
soccer/www.123football.com/ergun-penbe.html,Turkish,"Zonduldak, Turkey","May 17, 1972",178 cm,64 kg,Turkey,Midfielder
soccer/www.123football.com/ariel-ibagaza.html,Argentinian,"Lanús, Argentina",27/10/1976,166 cm,65 kg,Argentina- U21,Midfielder
soccer/www.123football.com/clemente-rodriguez.html,Argentinian,"Capital Federal, Argentina",31/07/1981,167 cm,65 kg,Argentina,Defensive Midfielder
soccer/www.123football.com/yildiray-basturk.html,Turkish and German,"Herne, Germany",24/12/1978,169 cm,65 kg,Turkey,Attacking Midfielder
soccer/www.123football.com/jermaine-defoe.html,English,"Beckton, England",07/10/1982,170 cm,65 kg,England,Striker
soccer/www.123football.com/joaquin-botero.html,Bolivian,"La Paz, Bolivia","December 10, 1977",171 cm,65 kg,Bolivia,striker
soccer/www.123football.com/enzo-francescoli.html,Uruguayan,"Montevideo, Uruguay","November 12, 1961",182 cm,65 kg,Uruguay,Forward
soccer/www.123football.com/sergei-rebrov.html,Ukrainian,"Gorlovka, Ukraine",03/06/1974,173 cm,66 kg,Ukraine,Striker
soccer/www.123football.com/steven-pienaar.html,South African,"Johannesbourgh, South Africa",17/03/1982,176 cm,66 kg,South Africa,Forward
soccer/www.123football.com/maurizio-ganz.html,Italian,"Tolmezzo, Italy",13/10/1968,178 cm,66 kg,,Striker
soccer/www.123football.com/marco-van-basten.html,Dutch,"Utrecht, Holland","October 31, 1964",178 cm,66 kg,Holland,Forward
soccer/www.123football.com/ivica-olic.html,Croatian,"Raised, Croatia","September 14, 1979",,67 kg,Croatia,Forward
soccer/www.123football.com/thomas-hassler.html,German,"Berlin, Germany","May 30, 1966",166 cm,67 kg,,Attacking Midfielder
soccer/www.123football.com/benito-carbone.html,Italian,"Bagnara Calabra , Italy",14/08/1971,168 cm,67 kg,,Striker
soccer/www.123football.com/lionel-messi.html,Argentinian,"Santa Fe, Argentina",24/06/1987,169 cm,67 kg,"Argentina- A, U21",Forward
soccer/www.123football.com/wesley-sneijder.html,,"Utrecht, Holland",09/06/1984,170 cm,67 kg,,Midfielder
soccer/www.123football.com/claudio-caniggia.html,Argentinian,"Buenos Aires, Argentina",09/01/1967,172 cm,67 kg,Argentina,"Forward, Striker"
soccer/www.123football.com/gianluca-pessotto.html,Italian,"Latisana, Italy","11th August, 1970",173 cm,67 kg,Italy,Defender
soccer/www.123football.com/sylvinho.html,Brazilian,"Sao Paulo, Brazil",12/04/1974,173 cm,67 kg,Brazil,Defender
soccer/www.123football.com/ricardo-quaresma.html,Portuguese,"Lisbon, Portugal",26/9/1983,173 cm,67 kg,Portugal,Right Midfielder
soccer/www.123football.com/alex.html,Brazilian,"Curitiba, Brazil",14/09/1977,174 cm,67 kg,Brazil,Attacking Midfielder
soccer/www.123football.com/danny-murphy.html,English,Chester (England),18/03/1977,175 cm,67 kg,England,Midfielder
soccer/www.123football.com/steve-finnan.html,Irish,"Limerick, Ireland","April 20, 1976",175 cm,67 kg,Ireland,Defender
soccer/www.123football.com/tomas-rosicky.html,Czech,"Prague, Czech Republic",04/10/1980,179 cm,67 kg,Czech Republic,Central Midfielder
soccer/www.123football.com/kevin-kuranyi.html,,"Rio of Janeiro, Brazil","March 2, 1982",190 cm,67 kg,"Argentina- A, U21",Forward
soccer/www.123football.com/kevin-kuranyi.html,,"Rio of Janeiro, Brazil","March 2, 1982",190 cm,67 kg,"Argentina- A, U21",Forward
soccer/www.123football.com/edgar-davids.html,Dutch,"Paramaribo, Suriname",13/03/1973,169 cm,68 kg,"Holland- A, U21",Central Midfielder
soccer/www.123football.com/marcelo-gallardo.html,Argentinian,"Merlo, Argentina",18/01/1976,169 cm,68 kg,Argentina,"Right Midfielder, Central Midfielder"
soccer/www.123football.com/emre-belozoglu.html,Turkish,"Istanbul, Turkey",07/09/1980,171 cm,68 kg,Turkey,Midfielder
soccer/www.123football.com/tab-ramos.html,American,"Montevideo, Uruguay",21/09/1966,171 cm,68 kg,United States,"Right Midfielder, Attacking Midfielder"
soccer/www.123football.com/mauro-rosales.html,Argentinian,"Villa María, Argentina",24/02/1981,171 cm,68 kg,,Forward
soccer/www.123football.com/vincenzo-montella.html,Italian,"Pomigliano d'Arco, Italy",18/06/1974,172 cm,68 kg,Italy,Forward
soccer/www.123football.com/bernard-diomede.html,French,"Bourges, France",23/01/1974,172 cm,68 kg,France,Central Midfielder
soccer/www.123football.com/cicinho.html,Brazilian,"Pradópolis, São Paulo, Brazil","October 01, 1980",172 cm,68 kg,Brazil,Defender
soccer/www.123football.com/ashley-cole.html,English,"Stepney, England",20/12/1980,173 cm,68 kg,England,Left Back
soccer/www.123football.com/lee-bowyer.html,English,"London, England",03/01/1977,175 cm,68 kg,"England- A, U21",Right Midfielder
soccer/www.123football.com/bobby-charlton.html,English,"Ashington, England",11/10/1937,175 cm,68 kg,England,"Attacking Midfielder, Forward"
soccer/www.123football.com/craig-bellamy.html,Welsh,"Cardiff, Wales",13/07/1979,175 cm,68 kg,Wales,Striker
soccer/www.123football.com/jorge-campos.html,Mexican,"Acapulco, Mexico",15/10/1966,175 cm,68 kg,Mexico,"Goalkeeper, Forward"
soccer/www.123football.com/andrea-pirlo.html,Italian,"Brescia, Italy",19/05/1979,177 cm,68 kg,Italy,Midfielder
soccer/www.123football.com/christian-wilhelmsson.html,Swedish,Sweden,24/06/1987,177 cm,68 kg,Sweden,Midfield
soccer/www.123football.com/ivan-hurtado.html,Ecuadorean,"Esmeraldas, Ecuador","August 16, 1974",177 cm,68 kg,,Defender
soccer/www.123football.com/dennis-rommedahl.html,Danish,"Copenhagen, Denmark",22/07/1978,178 cm,68 kg,Denmark,Right Wing
soccer/www.123football.com/johan-cruyff.html,Dutch,"Amsterdam, Netherlands",25/04/1947,178 cm,68 kg,Holland,Forward
soccer/www.123football.com/ryan-giggs.html,Welsh,"Cardiff, Wales",29/11/1973,181 cm,68 kg,Wales,"Left Wing, Forward"
soccer/www.123football.com/ivan-de-la-pena.html,Spanish,"Santander, Spain",06/05/1976,169 cm,69 kg,Spain,Central Midfielder
soccer/www.123football.com/maniche.html,Portuguese,"Lisbon, Portugal",11/11/1977,173 cm,69 kg,Portugal,Midfielder
soccer/www.123football.com/pablo-zabaleta.html,Argentinian,"Buenos Aires, Argentina",16/01/1985,173 cm,69 kg,Argentina,Midfielder
soccer/www.123football.com/gaizka-mendieta.html,Spanish,Bilbao (Spain),17/03/1974,173 cm,69 kg,Spain,Midfielder
soccer/www.123football.com/francisco-farinos.html,Spanish,"Valencia, Spain",29/03/1978,173 cm,69 kg,Spain,Central Midfielder
soccer/www.123football.com/denis-irwin.html,Irish,"Cork, Ireland",31/10/1965,173 cm,69 kg,Ireland,Left Back
soccer/www.123football.com/cesar-delgado.html,Argentinian,Argentina,18 August 1981,174 cm,69 kg,Argentina,Forward
soccer/www.123football.com/victor-ikpeba.html,Nigerian,"Benin City, Nigeria","Jun 12, 1973",174 cm,69 kg,Nigeria,FW
soccer/www.123football.com/david-villa.html,Spanish,"Langreo, Spain",03/12/1981,175 cm,69 kg,Spain,forward
soccer/www.123football.com/shunsuke-nakamura.html,Japanese,"Yokohama, Japan",24/06/1978,178 cm,69 kg,Japan-A,Midfielder
soccer/www.123football.com/marcio-amoroso.html,Brazilian,"Brasilia, Brazil",05/10/1974,179 cm,69 kg,Brazil,Striker
soccer/www.123football.com/dario-silva.html,Uruguayan,"Treinta y Tres, Uruguay",02 11 1972,180 cm,69 kg,Uruguay,Forward
soccer/www.123football.com/savo-milosevic.html,Serbia-Montenegro,"Leytonstone, England",02/05/1975,180 cm,69 kg,Serbian,"Right Midfielder, Central Midfielder"
soccer/www.123football.com/cesc-fabregas.html,,Arenys of Mar,04/05/1987,180 cm,69 kg,Spain A,Midfielder
soccer/www.123football.com/dejan-stankovic.html,Serbian,"Belgrade, Yougoslavie",11/09/1978,180 cm,69 kg,Serbia-Montenegro,Midfielder
soccer/www.123football.com/marco-bresciano.html,Australian,"Melbourne, Australia",11th February 1980,180 cm,69 kg,Australia,Midfielder
soccer/www.123football.com/jon-dahl-tomasson.html,Danish,"Roskilde, Denmark","August 29, 1976",180 cm,69 kg,Denmark,Forward
soccer/www.123football.com/claudio-pizarro.html,Peruvian,"Callao, Peru","October 3, 1978",180 cm,69 kg,Peru,Foward
soccer/www.123football.com/stewart-downing.html,,"Moddlesbrough, England",22/07/1984,182 cm,69 kg,,Midfielder
soccer/www.123football.com/david-beckham.html,English,"Leytonstone, England",02/05/1975,180 cm,69kg,England,"Right Midfielder, Central Midfielder"
soccer/www.123football.com/roberto-carlos.html,Brazil,"Garca, Brazil",10/04/1973,168 cm,70 kg,Brazilian,Defender
soccer/www.123football.com/gaston-fernandez.html,Argentinian,"Avellaneda, Argentina",12/10/1983,170 cm,70 kg,,Forward
soccer/www.123football.com/obafemi-martins.html,Nigerian,"Lagos, Nigeria",28/10/1984,170 cm,70 kg,Nigeria,"Right Midfielder, Central Midfielder"
soccer/www.123football.com/denis-caniza.html,Paraguayan,"Bella Vista, Paraguay",02/05/1975,171 cm,70 kg,Paraguay,Defender
soccer/www.123football.com/alex-aguinaga.html,Ecuadorean,"Ibarra, Ecuador",07/06/1969,172 cm,70 kg,Ecuador,Midfielder
soccer/www.123football.com/stylianos-giannakopoulos.html,Greek,"Athens, Greece",12 07 1974,172 cm,70 kg,Greece,Midfielder
soccer/www.123football.com/ivan-cordoba.html,Colombian,"Medellin, Colombia",11/08/1976,173 cm,70 kg,Colombia,Defender
soccer/www.123football.com/claude-makelele.html,French,Kinshasa (Zaire),08/08/1992,174 cm,70 kg,France,Midfielder
soccer/www.123football.com/antonio-cassano.html,Italian,"Bari, Italy",12/07/1982,175 cm,70 kg,Italy,"Attacking Midfielder, Forward"
soccer/www.123football.com/jay-jay-okocha.html,Nigerian,"Enugu, Nigeria",14/08/1973,175 cm,70 kg,Nigeria,Midfielder
soccer/www.123football.com/marco-ferrante.html,Italian,"Velletri, Italy",04/02/1971,176 cm,70 kg,,Striker
soccer/www.123football.com/emmanuel-amunike.html,Nigerian,"Ezo Obodo, Nigeria",25/12/1970,176 cm,70 kg,Nigeria,Left Midfielder
soccer/www.123football.com/enrico-chiesa.html,Italian,"Genoa, Italy",29/12/1970,176 cm,70 kg,Italy,Striker
soccer/www.123football.com/damien-duff.html,Irish,"Ballyboden, Ireland",02/03/1979,177 cm,70 kg,Ireland,"Left Wing, Forward"
soccer/www.123football.com/antonio-di-natale.html,Italian,,13/10/1977,177 cm,70 kg,,Striker
soccer/www.123football.com/abdoulaye-cisse.html,French,"Azope, Ivory Coast",24/12/1983,177 cm,70 kg,,Striker
soccer/www.123football.com/pavel-nedved.html,Czech,"Cheb, Czech Republic",30/08/1972,177 cm,70 kg,Czech Republic,Midfielder
soccer/www.123football.com/jerome-rothen.html,,"Châtenay-Malabry, France",31/03/1978,177 cm,70 kg,,Midfielder
soccer/www.123football.com/denny-landzaat.html,,"Amsterdam, Holland","May 6, 1976",177 cm,70 kg,,Forward
soccer/www.123football.com/fernando-torres.html,Spanish,"Madrid, Spain",20/3/1984,178 cm,70 kg,Spain,Forward
soccer/www.123football.com/dmitry-alenichev.html,Russian,"Velike Luki, Russia",27/10/1972,178 cm,70 kg,Russia,"Right Midfielder, Central Midfielder"
soccer/www.123football.com/joseph-desire-job.html,Cameroon,"Venissieux, Cameroon","December 1, 1977",178 cm,70 kg,Cameroon,Forward
soccer/www.123football.com/luis-fernandez.html,French,"Tarifa, Spain",02/10/1959,180 cm,70 kg,France,Defensive Midfielder
soccer/www.123football.com/barry-ferguson.html,Scottish,"Glasgow, Scotland",09/02/1978,180 cm,70 kg,Scotland,Central Midfielder
soccer/www.123football.com/santiago-ezquerro.html,Spanish,"Calahorra, Spain",14/12/1976,180 cm,70 kg,,Striker
soccer/www.123football.com/raul-gonzalez.html,Spanish,"Madrid, Spain",27/06/1977,180 cm,70 kg,Spain,Striker
soccer/www.123football.com/hugo-rodallega.html,Colombian,"El Carmelo (Valle), Colombia","July 25, 1985",180 cm,70 kg,"Colombia- U21, U19",Forward
soccer/www.123football.com/lilian-thuram.html,French,Pointe-à-Pitre (Guadeloupe),01/01/1972,182 cm,70 kg,France,Defender
soccer/www.123football.com/juan-pablo-angel.html,Colombian,"Medelin, Colombia",24/10/1975,183 cm,70 kg,Colombia,Striker
soccer/www.123football.com/taylor-twellman.html,American,"St. Louis, Mo (United States)","February 29, 1980",170 cm,71 kg,United States,Forward
soccer/www.123football.com/alberto-garcia-aspe.html,Mexican,"Mexico City, Mexico",11/05/1967,171 cm,71 kg,Mexico,Midfielder
soccer/www.123football.com/ze-roberto.html,Brazilian,Ipiranga (Brazil),6 July 1974,172 cm,71 kg,Brazil,Midfielder
soccer/www.123football.com/didier-deschamps.html,French,"Bayonne, France",15/10/1968,174 cm,71 kg,France,Defensive Midfielder
soccer/www.123football.com/cristian-gonzalez.html,Argentinian,"Rosario, Argentina",04/08/1974,175 cm,71 kg,Argentina,"Attacking Midfielder, Forward"
soccer/www.123football.com/nick-barmby.html,English,"Hull, England",11/02/1974,178 cm,71 kg,England,"Attacking Midfielder, Forward"
soccer/www.123football.com/didier-domi.html,French,"Sarcelles, France",02/05/1978,179 cm,71 kg,,Left Back
soccer/www.123football.com/julen-guerrero.html,Spanish,"Portugalete, Spain",07/01/1974,179 cm,71 kg,Spain,Midfielder
soccer/www.123football.com/kieran-richardson.html,,Greenwich (England),21/10/1984,179 cm,71 kg,,Midfielder
soccer/www.123football.com/olivier-dacourt.html,French,"Montreuil, France",25/09/1974,180 cm,71 kg,France,Central Midfielder
soccer/www.123football.com/sebastian-deisler.html,German,"Lörrach, Germany",05/01/1980,181 cm,71 kg,"Germany- A, U21",Right Midfielder
soccer/www.123football.com/guti.html,Spanish,"Madrid, Spain",31/10/1976,181 cm,71 kg,Spain,Forward
soccer/www.123football.com/romario.html,Brazilian,"Rio de Janeiro, Brazil",29/01/1966,169 cm,72 kg,Brazil,Striker
soccer/www.123football.com/leonardo-astrada.html,Argentinian,"Capital Federal, Argentina",06/01/1970,174 cm,72 kg,Argentina,Midfielder
soccer/www.123football.com/bernardo-romeo.html,Argentinian,"Tandil, Argentina",10/09/1977,174 cm,72 kg,Argentina,Forward
soccer/www.123football.com/roberto-baggio.html,Italian,"Caldogno, Italy",18/02/1967,174 cm,72 kg,Italy,"Attacking Midfielder, Forward"
soccer/www.123football.com/just-fontaine.html,French,"Marrakech, Morocco",18/08/1933,174 cm,72 kg,France,Forward
soccer/www.123football.com/giovanni-tedesco.html,Italian,"Palerme, Italy",01/02/1976,175 cm,72 kg,Italy,Midfielder
soccer/www.123football.com/hidetoshi-nakata.html,Japanese,"Yamanashi, Japan",22/01/1977,175 cm,72 kg,Japan,Midfielder
soccer/www.123football.com/sidney-govou.html,,Le Puy-en-Velay (France),27/07/1979,175 cm,72 kg,,Forward
soccer/www.123football.com/paulo-futre.html,Portuguese,"Montijo, Portugal",28/02/1966,175 cm,72 kg,Portugal,"Midfielder, Attacking Midfielder, Forward"
soccer/www.123football.com/vicente.html,Spanish,"Valencia, Spain","July 16, 1981",175 cm,72 kg,Spain,Midfielder
soccer/www.123football.com/diego-placente.html,Argentinian,"Buenos Aires, Argentina",24/04/1977,176 cm,72 kg,Argentina,Defender
soccer/www.123football.com/niko-kovac.html,Croatian,"Berlin, Germany","October 15, 1971",176 cm,72 kg,Croatia,Midfielder
soccer/www.123football.com/matias-almeyda.html,Argentinian,"Azul, Argentina",21/12/1973,177 cm,72 kg,Argentina,Defensive Midfielder
soccer/www.123football.com/gheorghe-hagi.html,Romanian,"Brasov, Romania","February 5, 1965",177 cm,72 kg,,"Left Midfielder, Attacking Midfielder"
soccer/www.123football.com/simone-perrotta.html,Italian,"Ashon, England",17/09/1977,178 cm,72 kg,Italy,Midfielder
soccer/www.123football.com/claudio-reyna.html,American,"Livingston, New Jersey, United States",20/07/1973,178 cm,72 kg,United States,Central Midfielder
soccer/www.123football.com/carlos-bianchi.html,Argentinian,"Buenos Aires, Argentina",29/04/1949,178 cm,72 kg,Argentina,Striker
soccer/www.123football.com/gabriel-heinze.html,Argentinian,"Crespo, Argentina","March 19, 1978",178 cm,72 kg,,"Left Back, Central Defender"
soccer/www.123football.com/constantin-galca.html,Romanian,"Bucuresti, Romania",08/03/1972,179 cm,72 kg,Romania,Central Midfielder
soccer/www.123football.com/luciano-galletti.html,Argentinian,"La Plata, Argentina",09/04/1980,179 cm,72 kg,Argentina,Forward
soccer/www.123football.com/javier-portillo.html,Spanish,"Madrid, Spain",30/03/1982,180 cm,72 kg,,Striker
soccer/www.123football.com/salvador-cabanas.html,Paraguayan,"Asunción, Paraguay","August 5, 1980",180 cm,72 kg,"Paraguay- A, U21","Right Midfielder, Central Midfielder"
soccer/www.123football.com/luc-nilis.html,Belgian,"Birth Hasselt, Belgium","May 25, 1967",182 cm,72 kg,Belgium,Striker
soccer/www.123football.com/jared-borgetti.html,Mexican,"Culiacan, Mexico",14/08/1974,183 cm,72 kg,Mexico,Forward
soccer/www.123football.com/mustapha-hadji.html,Moroccan,"Ifrane, Morocco","November 16, 1971",184 cm,72 kg,,Midfielder
soccer/www.123football.com/vaclav-sverkos.html,Czech,Czech Republic,01/11/1983,185 cm,72 kg,Czech Republic,Forward
soccer/www.123football.com/marko-babic.html,Croatian,Croatia,28/01/1981,186 cm,72 kg,,Midfielder
soccer/www.123football.com/jefferson-farfan.html,Peruvian,"Lima, Peru",28/10/1984,74 cm,72 kg,Peru,Forward
soccer/www.123football.com/diego.html,Brazilian,"Ribeirão Preto, Brazil",28/02/1985,170 cm,73 kg,Brazil,"Attacking Midfielder, Forward"
soccer/www.123football.com/fabian-estay.html,Chilean,Chile,05/10/1968,172 cm,73 kg,Chile,Right Wing
soccer/www.123football.com/alessandro-del-piero.html,Italian,"Conegliano, Italy",09/11/1974,173 cm,73 kg,"Italy- A, U21","Attacking Midfielder, Forward"
soccer/www.123football.com/robert-warzycha.html,Polish,"Siemkowice, Poland",20/08/1963,173 cm,73 kg,Poland,"Midfielder, Right Wing"
soccer/www.123football.com/tomasz-radzinski.html,Canadian,"Poznan, Poland",14/12/1973,174 cm,73 kg,Canada,Forward
soccer/www.123football.com/deco.html,Portuguese,"São Bernardo do Campo, Brazil",27/08/1977,174 cm,73 kg,Portugal,Attacking Midfielder
soccer/www.123football.com/angelo-di-livio.html,Italian,"Roma, Italy",26/07/1966,175 cm,73 kg,Italy,Defensive Midfielder
soccer/www.123football.com/robbie-keane.html,Irish,"Dublin, Ireland",08/07/1980,176 cm,73 kg,Ireland,Forward
soccer/www.123football.com/ulises-de-la-cruz.html,Ecuadorian,"Quito, Equador",08/08/1974,176 cm,73 kg,Equador,Defender
soccer/www.123football.com/cuauhtemoc-blanco.html,Mexican,"Mexico City, Mexico",17/01/1973,177 cm,73 kg,Mexico,Forward
soccer/www.123football.com/javier-zanetti.html,Argentinian,"Buenos Aires, Argentina",10/08/1973,178 cm,73 kg,Argentina,"Right Back, Right Midfielder"
soccer/www.123football.com/eduardo-coudet.html,Argentinian,"Buenos Aires, Argentina",12/09/1974,178 cm,73 kg,,Midfielder
soccer/www.123football.com/ivan-zamorano.html,Chilean,"Colonia de Maipu, Chile",17/01/1967,178 cm,73 kg,Chile,Forward
soccer/www.123football.com/roberto-baronio.html,Italian,"Manerbio, Italy",11/12/1977,179 cm,73 kg,,Midfielder
soccer/www.123football.com/michel-platini.html,French,"Joeuf, France",21/06/1955,179 cm,73 kg,France,Midfielder
soccer/www.123football.com/massimo-maccarone.html,Italian,"Galliate, Italy",06/09/1979,180 cm,73 kg,Italy,Forward
soccer/www.123football.com/gonzalo-rodriguez.html,Argentinian,"Buenos Aires, Argentina",10/04/1984,180 cm,73 kg,Argentina,Defender
soccer/www.123football.com/josep-guardiola.html,Spanish,"Barcelona, Spain",18/01/1971,180 cm,73 kg,Spain,Central Midfielder
soccer/www.123football.com/hugo-viana.html,Portuguese,"Barcelos , Portugal",02/05/1975,181 cm,73 kg,Portugal,Midfielder
soccer/www.123football.com/giuseppe-favalli.html,Italian,"Ozinuovi, Italy",08/01/1972,181 cm,73 kg,Italy,Left Back
soccer/www.123football.com/florent-malouda.html,French Guiana,"Guyane, France",13/06/1980,181 cm,73 kg,France A-,Midfielder
soccer/www.123football.com/martijn-meerdink.html,,"Amsterdam, Holland",15/09/1976,181 cm,73 kg,,Forward
soccer/www.123football.com/paolo-guerrero.html,Peruvian,"Lima, Peru","January 1, 1984",183 cm,73 kg,Peru,Striker
soccer/www.123football.com/salif-diao.html,Senegalese,"Kendougou, Senegal",10/02/1977,184 cm,73 kg,Senegal,Midfielder
soccer/www.123football.com/roque-junior.html,Brazilian,"Mendoza, Argentina",31 August 1976,186 cm,73 kg,Brazil,"Right Back, Central Defender"
soccer/www.123football.com/philippe-christanval.html,French,,31/08/1978,190 cm,73 kg,France,"Sweeper, Defender"
soccer/www.123football.com/hugo-ibarra.html,Argentinian,"El Colorado, Argentina",01/04/1974,170 cm,74 kg,,Defender
soccer/www.123football.com/oliver-neuville.html,German,"Locarno, Switzerland",01/05/1973,171 cm,74 kg,Germany,Forward
soccer/www.123football.com/zinho.html,Brazilian,"Rio de Janeiro, Brazil",17/06/1967,172 cm,74 kg,Brazil,Attacking Midfielder
soccer/www.123football.com/ruben-sosa.html,Uruguayan,"Montevideo, Uruguay","April 25, 1966",172 cm,74 kg,Uruguay,Forward
soccer/www.123football.com/gabri.html,Spanish,"Barcelona, Spain",10/02/1979,174 cm,74 kg,Spain,"Right Back, Right Midfielder"
soccer/www.123football.com/lucas-castroman.html,Argentinian,"Villa Flandria, Argentina",10/02/1980,174 cm,74 kg,,Midfielder
soccer/www.123football.com/anders-andersson.html,Swedish,"Tomelilla, Sweden",15/03/1974,174 cm,74 kg,Sweden,Central Midfielder
soccer/www.123football.com/paulo-nunes.html,Brazilian,"Pontalina-GO, Brazil",30/10/1971,174 cm,74 kg,Brazil,Striker
soccer/www.123football.com/luigi-di-biagio.html,Italian,"Rome, Italy",03/06/1971,175 cm,74 kg,Italy,"Right Midfielder, Central Midfielder"
soccer/www.123football.com/luis-oliveira.html,Belgian,"São Luís, Maranhão, Brazil",24 March 1969,176 cm,74 kg,Belgium,Striker
soccer/www.123football.com/krasimir-balakov.html,Bulgarian,"Veliko Ternovo, Bulgaria",29/03/1966,176 cm,74 kg,Bulgaria,Central Midfielder
soccer/www.123football.com/flavio-conceicao.html,Brazilian,"São Paulo, Brazil",12/06/1974,178 cm,74 kg,Brazil,Defensive Midfielder
soccer/www.123football.com/adrian-ilie.html,Romanian,"Craiova, Romania",20/04/1974,178 cm,74 kg,Romania,"Attacking Midfielder, Forward"
soccer/www.123football.com/paul-ince.html,English,"Ilford, England",21/10/1967,178 cm,74 kg,England,Central Midfielder
soccer/www.123football.com/marcos-assuncao.html,Brazilian,,25/07/1976,178 cm,74 kg,Brazil,Attacking Midfielder
soccer/www.123football.com/john-harkes.html,American,"Kearney, New Jersey, United States","March 8, 1967",178 cm,74 kg,,Right Midfielder
soccer/www.123football.com/federico-insua.html,Argentinian,"Capital Federal, Argentina",03/01/1980,179 cm,74 kg,,Midfielder
soccer/www.123football.com/juninho-pernambucano.html,Brazilian,"Recife, Brazil",30/01/1975,179 cm,74 kg,Brazil,Midfielder
soccer/www.123football.com/paolo-montero.html,Uruguayan,"Montevideo, Uruguay","September 3, 1971",179 cm,74 kg,Uruguay,Defender
soccer/www.123football.com/cosmin-contra.html,Romanian,"Timisoara , Romania",02/05/1975,180 cm,74 kg,Romania,Defence
soccer/www.123football.com/junichi-inamoto.html,Japanese,"Osaka, Japan",18/09/1979,180 cm,74 kg,Japan,Central Midfielder
soccer/www.123football.com/sebastian-battaglia.html,Argentinian,"Santa Fe, Argentina",Nov 8 1980,180 cm,74 kg,Argentina,Midfielder
soccer/www.123football.com/costinha.html,Portuguese,"Lisboa, Portugal",01/12/1974,181 cm,74 kg,Portugal,Central Midfielder
soccer/www.123football.com/filippo-inzaghi.html,Italian,"Piacenza, Italy",09/08/1973,181 cm,74 kg,Italy,Striker
soccer/www.123football.com/harry-kewell.html,Australian,"Sydney, Australia",22/09/1978,181 cm,74 kg,Australia,Forward
soccer/www.123football.com/mateja-kezman.html,Serbian,"Belgrade, Serbia-Montenegro",12/04/1979,182 cm,74 kg,Serbia-Montenegro,Forward
soccer/www.123football.com/el-hadji-diouf.html,Senegalese,"Dakar, Senegal",15/01/1981,182 cm,74 kg,Senegal,"Right Wing, Forward"
soccer/www.123football.com/umit-karan.html,Turkish,Germany,"October 1, 1976",182 cm,74 kg,Turkey,Foward
soccer/www.123football.com/luciano-figueroa.html,Argentinian,"Rosario, Argentina",19/05/1981,183 cm,74 kg,"Argentina- A, U23",Striker
soccer/www.123football.com/michael-carrick.html,,"Wallsend, England",28/07/1981,183 cm,74 kg,,Midfielder
soccer/www.123football.com/miguel-angel-mista.html,Spanish,"Murcia, Spain",12/11/1978,184 cm,74 kg,,Striker
soccer/www.123football.com/philip-cocu.html,Dutch,"Eindhoven, Holland",29/10/1970,184 cm,74 kg,Holland,Central Midfielder
soccer/www.123football.com/didier-drogba.html,Ivorian,"Abidjan, Ivory Coast",11/03/1978,185 cm,74 kg,Ivory Coast,Striker
soccer/www.123football.com/lucas-radebe.html,South African,"Johannesburg, South Africa",12/04/1969,185 cm,74 kg,South Africa,Central Defender
soccer/www.123football.com/jose-chamot.html,Argentinian,"Rosario, Argentina",17/05/1969,185 cm,74 kg,Argentina,"Left Back, Left Midfielder"
soccer/www.123football.com/mario-melchiot.html,Dutch,"Amsterdam, Holland",04/11/1976,187 cm,74 kg,Holland,Defender
soccer/www.123football.com/diego-forlan.html,Uruguayan,"Montevideo, Uruguay",19/05/1979,174 cm,75 kg,Uruguay,Striker
soccer/www.123football.com/hugo-castillo.html,Argentinian,"Capiovi, Misiones, Argentina",17/03/1971,175 cm,75 kg,,Midfielder
soccer/www.123football.com/kahveci-nihat.html,Turkish,Istanbul,23/11/1979,175 cm,75 kg,Turkey,Forward
soccer/www.123football.com/aron-winter.html,Dutch,"Paramaribo, Suriname",01/03/1967,176 cm,75 kg,Holland,"Defensive Midfielder, Midfielder"
soccer/www.123football.com/fabio-cannavaro.html,Italian,"Napoli, Italy",13/09/1973,177 cm,75 kg,Italy,Central Defender
soccer/www.123football.com/emile-mpenza.html,,"Zellik, Belgium","July 4, 1978",177 cm,75 kg,Belgium,Striker
soccer/www.123football.com/michael-reiziger.html,Dutch,"Amstelveev, Holland",03/05/1973,178 cm,75 kg,Holland,Right Back
soccer/www.123football.com/giovanni-van-bronckhorst.html,Dutch,"Rotterdam , Netherlands",2/5/1975,178 cm,75 kg,Holland,"Defender, Midfielder"
soccer/www.123football.com/ray-parlour.html,English,"Romford, England",07/03/1973,179 cm,75 kg,England,Midfielder
soccer/www.123football.com/samuel-etoo.html,Cameroonian,"Nkon, Cameroon",10/03/1981,179 cm,75 kg,Cameroon,Striker
soccer/www.123football.com/joaquin.html,Spanish,"Cadiz, Spain",21/07/1981,179 cm,75 kg,Spain,Midfielder
soccer/www.123football.com/ian-wright.html,English,"Woolwich, England",02/11/1963,180 cm,75 kg,England,Striker
soccer/www.123football.com/gilles-de-bilde.html,Belgian,"Zellik, Belgium",09/06/1971,180 cm,75 kg,Belgium,Striker
soccer/www.123football.com/stephen-warnock.html,English,"Ormskirk, England",12/12/1981,180 cm,75 kg,England,Defender
soccer/www.123football.com/cristiano-zanetti.html,Italian,"Carrara, Italy",14/04/1977,180 cm,75 kg,Italy,Midfielder
soccer/www.123football.com/iker-casillas.html,Spanish,"San Sebastián, Spain",20/05/1981,180 cm,75 kg,Spain,Goalkeeper
soccer/www.123football.com/phil-neville.html,English,"Bury, England",21/01/1977,180 cm,75 kg,England,Defender
soccer/www.123football.com/duilio-davino.html,Mexican,"Leon, Mexico",21/03/1976,180 cm,75 kg,Mexico,Central Defender
soccer/www.123football.com/pedro-pauleta.html,Portuguese,"Punta de Algada, Portugal",April 28 1973,180 cm,75 kg,Portugal,Forward
soccer/www.123football.com/claudio-husain.html,Argentinian,"San Justo, Buenos Aires, Argentina","November 20, 1974",180 cm,75 kg,,Defensive Midfielder
soccer/www.123football.com/szilard-nemeth.html,Slovak,"Komarno, Slovakia",08/08/1977,181 cm,75 kg,Slovakia,Forward
soccer/www.123football.com/stefano-fiore.html,Italian,"Cosenza, Italy",17/04/1975,181 cm,75 kg,Italy,Midfielder
soccer/www.123football.com/stephane-chapuisat.html,Swiss,"Lausanne, Switzerland",28/06/1969,181 cm,75 kg,Switzerland,Striker
soccer/www.123football.com/thomas-hitzlsperger.html,,"Munich, Germany",05/04/1982,182 cm,75 kg,,Midfielder
soccer/www.123football.com/noureddine-naybet.html,Moroccan,Casablanca,10/02/1970,182 cm,75 kg,Marocco,Defender
soccer/www.123football.com/rafael-marquez.html,Mexican,"Zamora, Mexico",13/02/1979,182 cm,75 kg,Mexico,Defender
soccer/www.123football.com/gustavo-nery.html,,"Nova Friburgo, Brazil","July 22, 1977",182 cm,75 kg,,Defender
soccer/www.123football.com/mike-hanke.html,,"Hamm, Germany",05/11/1983,183 cm,75 kg,,Forward
soccer/www.123football.com/cristiano-ronaldo.html,Portuguese,"Funchal, Madeira, Portugal",05/02/1985,184 cm,75 kg,"Portugal - A, U21",Left Wing
soccer/www.123football.com/ernesto-farias.html,Argentinian,"Trenque Lauquen, Argentina",29/05/1980,184 cm,75 kg,,Striker
soccer/www.123football.com/romeo-castelen.html,,"Paramaribo, Surinam",03/05/1983,185 cm,75 kg,,Forward
soccer/www.123football.com/luis-gonzalez.html,Lucho,"Capital Federal, Argentina",19/01/1981,185 cm,75 kg,,Midfielder
soccer/www.123football.com/jorg-heinrich.html,German,,"December 6, 1969",185 cm,75 kg,,"Defender, Midfielder"
soccer/www.123football.com/fernando-redondo.html,Argentinian,"Buenos Aires, Argentina",06/07/1969,186 cm,75 kg,Argentina,Central Midfielder
soccer/www.123football.com/thiago-motta.html,Brazilian,"São Paulo, Brazil","August 28, 1982",186 cm,75 kg,Brazil,Midfielder
soccer/www.123football.com/francesco-coco.html,Italian,"Paternò, Italy",08/01/1977,187 cm,75 kg,Italy,Left Back
soccer/www.123football.com/david-trezeguet.html,French,"Rouen, France",15/10/1977,187 cm,75 kg,France,Forward
soccer/www.123football.com/peter-crouch.html,,"Macclesfield, England)",30/01/1981,198 cm,75 kg,,Forward
soccer/www.123football.com/fredrik-ljungberg.html,Swedish,Halmstad (Sweden),16/04/1977,176 cm,75kg,Sweden,Midfielder
soccer/www.123football.com/pablo-galdames.html,Chilean,"Santiago, Chile",26/04/1974,173 cm,76 kg,Chile,Central Midfielder
soccer/www.123football.com/sylvain-wiltord.html,French,Neuilly-sur-Marne,10/05/1974,174 cm,76 kg,France-A,Forward
soccer/www.123football.com/dario-husain.html,Argentinian,"Haedo, Argentina","May 2, 1976",174 cm,76 kg,,Forward
soccer/www.123football.com/samuel-kuffour.html,Ghana,"Kumasi, Ghana","September 3, 1976",175 cm,76 kg,Ghana,Defender
soccer/www.123football.com/laurent-robert.html,Argentinian,"Mendoza, Argentina",12/04/1973,178 cm,76 kg,Argentina,"Right Back, Central Defender"
soccer/www.123football.com/roberto-ayala.html,Argentinian,"Mendoza, Argentina",12/04/1973,178 cm,76 kg,Argentina,"Right Back, Central Defender"
soccer/www.123football.com/mario-regueiro.html,Uruguayan,"Montevideo, Uruguay",14/09/1978,178 cm,76 kg,Uruguay,Striker
soccer/www.123football.com/luizao.html,Brazilian,"Rubineia, Brazil",14/11/1975,178 cm,76 kg,Brazil,Striker
soccer/www.123football.com/marco-di-vaio.html,Italian,"Roma, Italy",15/07/1976,178 cm,76 kg,Italy,Striker
soccer/www.123football.com/rodolfo-cardoso.html,Argentinian,"Azul, Argentina",17/10/1968,178 cm,76 kg,Argentina,Midfielder
soccer/www.123football.com/paul-gascoigne.html,English,"Gateshead, England",27/05/1967,178 cm,76 kg,"England- A, U21",Central Midfielder
soccer/www.123football.com/dwight-yorke.html,Trinidadian and Tobagan,"Canaan, Trinidad & Tobago",03/11/1971,179 cm,76 kg,Trinidad & Tobago,Striker
soccer/www.123football.com/zlatko-zahovic.html,Slovenian,"Maribor, Slovenia",01/02/1971,180 cm,76 kg,Slovenia,Attacking Midfielder
soccer/www.123football.com/angelos-basinas.html,Greek,"Athens, Greece",03/01/1976,180 cm,76 kg,Greece,Midfielder
soccer/www.123football.com/nuno-valente.html,Portuguese,"Lisbon, Portugal",12 September 1974,180 cm,76 kg,Portugal,Defender
soccer/www.123football.com/karlheinz-riedle.html,German,"Simmerberg, Germany",16/09/1965,180 cm,76 kg,Germany,Forward
soccer/www.123football.com/emmanuel-olisadebe.html,Polish,"Warri, Nigéria",22/12/1978,180 cm,76 kg,Poland,Forward
soccer/www.123football.com/kiki-musampa.html,Dutch,"Kinshasa, DR Congo","July 20, 1977",180 cm,76 kg,Holland,Midfielder
soccer/www.123football.com/martin-jorgensen.html,Danish,"Orsted , Denmark","October 6, 1975",180 cm,76 kg,Denmark,Midfielder
soccer/www.123football.com/gianluca-zambrotta.html,Italian,"Como, Italy",19/02/1977,181 cm,76 kg,"Italy- A, U21","Right Back, Right Midfielder"
soccer/www.123football.com/jurgen-klinsmann.html,German,"Göppingen, Germany","July 30, 1964",181 cm,76 kg,Germany,Striker
soccer/www.123football.com/bosko-balaban.html,Croatian,Rijeka,"October 15, 1978",181 cm,76 kg,Croatia,Striker
soccer/www.123football.com/massimo-oddo.html,Italian,Citta Sant Angelo,14/06/1976,182 cm,76 kg,Italy,Defender
soccer/www.123football.com/ronaldinho.html,Brazilian,"Porto Alegre, Brazil",21/03/1980,182 cm,76 kg,Brazil,"Midfielder, Attacking Midfielder"
soccer/www.123football.com/rigobert-song.html,Cameroon,"Nkanglicock, Cameroon",01/07/1976,183 cm,76 kg,Cameroon,Defender
soccer/www.123football.com/kolo-toure.html,Ivory Coast,"Sokoura Bouake, Ivory Coast",19/03/1981,183 cm,76 kg,Ivory Coast,Defender
soccer/www.123football.com/frank-lampard.html,English,"Romford, England",20/06/1978,183 cm,76 kg,England,Midfielder
soccer/www.123football.com/marek-jankulovski.html,Czech,Ostrava (Czech Republic),09/05/1977,184 cm,76 kg,Czech Republic,Defender
soccer/www.123football.com/milan-baros.html,Czech,"Valassake Mezirici, Czech Republic",28/10/1981,184 cm,76 kg,Czech Republic,Forward
soccer/www.123football.com/joseph-yobo.html,Nigerian,"Kono, Nigeria",06/09/1980,185 cm,76 kg,Nigeria,Defender
soccer/www.123football.com/james-beattie.html,English,"Lancaster, England",27/02/1978,185 cm,76 kg,"England- A, U21",Striker
soccer/www.123football.com/kakha-kaladze.html,Georgia,"Samtredia, Georgia",27/02/1978,186 cm,76 kg,Georgia,Defendr
soccer/www.123football.com/jamie-carragher.html,English,"Liverpool, England","January 28, 1978",186 cm,76 kg,England,Defender
soccer/www.123football.com/maximiliano-lopez.html,Argentinian,"Capital Federal, Argentina",03/04/1984,188 cm,76 kg,Argentina- U17,Forward
soccer/www.123football.com/mark-hughes.html,Welsh,"Wrexham, Wales","November 1, 1963",174 cm,77 kg,,Striker
soccer/www.123football.com/joseba-etxeberria.html,Spanish,"Elgoíbar, Spain",05/09/1977,177 cm,77 kg,Spain,Right Wing
soccer/www.123football.com/gennaro-gattuso.html,Italian,"Cosenza, Italy",09/01/1978,177 cm,77 kg,"Italy- A, U21","Right Midfielder, Central Midfielder"
soccer/www.123football.com/anders-svensson.html,Swedish,"Elfsborg, Sweden",17/07/1976,177 cm,77 kg,Sweden,Midfielder
soccer/www.123football.com/giuseppe-giannini.html,Italian,"Rome, Italy",20/08/1964,177 cm,77 kg,Italy,Attacking Midfielder
soccer/www.123football.com/jose-luis-calderon.html,Argentinian,"La Plata, Argentina",24/10/1970,177 cm,77 kg,,Forward
soccer/www.123football.com/francisco-arce.html,Paraguayan,"San Jose dos Arroyos, Paraguay","October 5, 1979",178 cm,77 kg,Paraguay,Defender
soccer/www.123football.com/stilian-petrov.html,Bulgarian,Bulgaria,05/07/1979,180 cm,77 kg,Bulgaria,Midfielder
soccer/www.123football.com/fernando-caceres.html,Argentinian,"Buenos Aires, Argentina",07/02/1969,180 cm,77 kg,Argentina,Central Defender
soccer/www.123football.com/christian-panucci.html,Italian,"Savona, Italy",12/04/1973,180 cm,77 kg,Italy,Defender
soccer/www.123football.com/pablo-cavallero.html,Argentinian,,13/04/1974,180 cm,77 kg,Argentina,Goalkeeper
soccer/www.123football.com/tomas-galasek.html,Czech,"Ostrava, Czech Republic",15 Jan 1973,180 cm,77 kg,Czech Republic,Midfielder
soccer/www.123football.com/fernando-cavenaghi.html,Argentinian,"O'Brien (Buenos Aires), Argentina",21/09/1983,180 cm,77 kg,Argentina,Striker
soccer/www.123football.com/wayne-rooney.html,English,"Liverpool, England",24/10/1985,180 cm,77 kg,England,Striker
soccer/www.123football.com/shabani-nonda.html,RD Congo,Bujumbura ( Burundi ),06/03/1977,182 cm,77 kg,France,Forward
soccer/www.123football.com/diego-cagna.html,Argentinian,"Capital Federal, Argentina",19/04/1970,182 cm,77 kg,,Central Midfielder
soccer/www.123football.com/diego-fuser.html,Italian,"Torino, Italy",11/11/1968,183 cm,77 kg,Italy,"Right Midfielder, Central Midfielder"
soccer/www.123football.com/daniel-fonseca.html,Uruguayan,"Montevideo, Uruguay",13/09/1969,183 cm,77 kg,Uruguay,Striker
soccer/www.123football.com/markus-rosenberg.html,Swedish,Sweden,"September 22, 1982",183 cm,77 kg,Sweden,Midfielder
soccer/www.123football.com/dario-hubner.html,Italian,"Muggia, Italy","April 28, 1967",184 cm,77 kg,,Striker
soccer/www.123football.com/francisco-pavon.html,Spanish,"Madrid , Spain",1/9/1980,188 cm,77 kg,Spain,Defender
soccer/www.123football.com/limberg-gutierrez.html,Bolivian,Santa Cruz (Bolivia),19/11/1977,174 cm,78 kg,Bolivia,Midfielder
soccer/www.123football.com/ian-harte.html,Irish,"Drogheda, Ireland","August 31, 1977",177 cm,78 kg,,Left Back
soccer/www.123football.com/carles-puyol.html,Spanish,"Lleida, Spain",13/04/1978,178 cm,78 kg,Spain,Defender
soccer/www.123football.com/trevor-sinclair.html,English,"Dulwich, England",02/03/1973,179 cm,78 kg,England,Midfielder
soccer/www.123football.com/diego-milito.html,Argentinian,"Buenos Aires, Argentina",12/06/1979,179 cm,78 kg,Argentina,Forward
soccer/www.123football.com/dario-simic.html,Croatian,"Zagreb, Croatia",02/05/1975,180 cm,78 kg,Croatia,Defender
soccer/www.123football.com/horacio-ameli.html,Argentinian,"Rosario, Santa Fe, Argentina",07/07/1974,180 cm,78 kg,,"Right Back, Central Defender"
soccer/www.123football.com/michael-essien.html,Ghanaian,"Accra, Ghana",08/12/1982,180 cm,78 kg,Ghana,Midfielder
soccer/www.123football.com/mauro-galvao.html,Brazilian,"Porto Alegre-RS, Brazil",19/12/1961,180 cm,78 kg,Brazil,"Sweeper, Central Defender, Defensive Midfielder"
soccer/www.123football.com/victor-zapata.html,Argentinian,"San Martin, Argentina",20/01/1979,180 cm,78 kg,,Central Midfielder
soccer/www.123football.com/hakan-yakin.html,Swiss and Turkish,"Basel, Switzerland",22/02/1977,180 cm,78 kg,Switzerland,"Attacking Midfielder, Forward"
soccer/www.123football.com/ruben-olivera.html,Uruguayan,"Montevideo, Uruguay",5/4/1983,180 cm,78 kg,Uruguay,Midfielder
soccer/www.123football.com/santiago-canizares.html,Spanish,"Madrid, Spain",18/12/1969,181 cm,78 kg,Spain,Goalkeeper
soccer/www.123football.com/vincent-candela.html,French,"Bordeaux, France",24/10/1973,181 cm,78 kg,France,"Left Back, Left Midfielder"
soccer/www.123football.com/pier-luigi-casiraghi.html,Italian,"Monza, Italy",04/03/1969,182 cm,78 kg,Italy,Forward
soccer/www.123football.com/dennis-bergkamp.html,Dutch,"Amsterdam, Holland",10/05/1969,182 cm,78 kg,Holland,Forward
soccer/www.123football.com/fabricio-coloccini.html,Argentinian,"Cordoba, Argentina",22/01/1982,182 cm,78 kg,"Argentina- A, U21",Central Defender
soccer/www.123football.com/karl-heinz-rummenigge.html,German,"Lippstadt, Germany",25/09/1955,182 cm,78 kg,Germany,Striker
soccer/www.123football.com/daniel-amokachi.html,Nigerian,"Gboko, Nigeria","December 30, 1972",182 cm,78 kg,Nigeria,Striker
soccer/www.123football.com/djibril-cisse.html,French,"Arles, France",12/08/1981,183 cm,78 kg,France,Striker
soccer/www.123football.com/sunday-oliseh.html,Nigerian,"Abavo, Nigeria",14/09/1974,183 cm,78 kg,Nigeria,Midfielder
soccer/www.123football.com/carlos-marchena.html,Spanish,"Sevilla, Spain",7/31/1979,183 cm,78 kg,Spain,Defender
soccer/www.123football.com/gareth-southgate.html,English,"Watford, England",03/09/1970,184 cm,78 kg,England,Defender
soccer/www.123football.com/hernan-crespo.html,Argentinian,"Florida, Argentina",05/07/1975,185 cm,78 kg,Argentina,Striker
soccer/www.123football.com/ryan-babel.html,,"Amsterdam, Holland",19/12/1986,185 cm,78 kg,,Forward
soccer/www.123football.com/john-arne-riise.html,Norwegian,"Molde, Norway",24/09/1980,185 cm,78 kg,"Norway- A, U21, U19, U18, U17, U16","Left Back, Left Midfielder"
soccer/www.123football.com/luca-toni.html,Italian,"Pavullo, Italy",26/05/1977,185 cm,78 kg,Italy,Forward
soccer/www.123football.com/german-lux.html,Argentinian,"Carcaraña, Santa Fe (Argentina)",07 June 1982,186 cm,78 kg,Argentina,Goalkeeper
soccer/www.123football.com/umit-davala.html,Turkish and German,"Mannheim, Germany",30/07/1973,186 cm,78 kg,Turkey,"Right Back, Right Midfielder"
soccer/www.123football.com/alvaro-recoba.html,Uruguayan,"Montevideo, Uruguay",17/03/1976,179 cm,79 kg,Uruguay,Attacking Midfielder
soccer/www.123football.com/helder-postiga.html,Portuguese,"Povoa de Varzim, Portugal",August 2 1982,179cm,79 kg,Portugal,Forward
soccer/www.123football.com/gary-neville.html,English,"Bury, England",18/02/1975,180 cm,79 kg,England,Defender
soccer/www.123football.com/andy-van-der-meyde.html,Dutch,"Arnheim, Netherlands",30/09/1979,181 cm,79 kg,Holland,Attacking Midfielder/Forward Right
soccer/www.123football.com/juan-carlos-henao.html,Colombian,"Medellín, Colombia","December 30, 1971",181 cm,79 kg,,Goalkeeper
soccer/www.123football.com/giovane-elber.html,Brazilian,"Londrina-PR, Brazil",23/07/1972,182 cm,79 kg,Brazil,Striker
soccer/www.123football.com/ricardo-oliveira.html,Brazilian,"Sao Paulo, Brazil",06/05/1980,183 cm,79 kg,Brazil,Forward
soccer/www.123football.com/alberto-gilardino.html,Italian,"Biella, Italy",05/07/1982,184 cm,79 kg,Italy,Forward
soccer/www.123football.com/ricardo-carvalho.html,Portuguese,"Amarante, Portugal",18/05/1978,184 cm,79 kg,Portugal,Defender
soccer/www.123football.com/carlos-diogo.html,Uruguayan,"Montevideo, Uruguay",18/07/1983,185 cm,79 kg,Uruguay,Defender
soccer/www.123football.com/kaka.html,Brazilian,"Brasilia, Brazil",22/04/1982,185 cm,79 kg,Brazil,Attacking Midfielder
soccer/www.123football.com/alessandro-nesta.html,Italian,"Rome, Italy",19/03/1976,187 cm,79 kg,Italy,Defender
soccer/www.123football.com/nicos-dabizas.html,Greek,"Amindeo, Greece",03/08/1973,188 cm,79 kg,Greece,Central Defender
soccer/www.123football.com/vincenzo-iaquinta.html,Italian,"Crotone, Italy",21/11/1979,188 cm,79 kg,Italy,Forward
soccer/www.123football.com/dimitar-berbatov.html,Bulgarian,"Blagoevgrad, Bulgaria",30/01/1981,188 cm,79 kg,Bulgaria,Forward
soccer/www.123football.com/gabriel-milito.html,Argentinian,"Buenos Aires, Argentina",07/09/1980,176 cm,80 kg,"Argentina- A, 21, 17",Defender
soccer/www.123football.com/lukas-podolski.html,Germany,"Gleiwitz, Poland",04/06/1985,180 cm,80 kg,Germany,Forward
soccer/www.123football.com/aldo-duscher.html,Argentinian,"Esquel, Argentina",22/03/1979,180 cm,80 kg,,Defensive Midfielder
soccer/www.123football.com/francesco-totti.html,Italian,"Rome, Italy",27/09/1976,180 cm,80 kg,Italy,Forward
soccer/www.123football.com/rolando-zarate.html,Argentinian,"Haedo, Argentina",06/08/1978,182 cm,80 kg,,Forward
soccer/www.123football.com/fabio-rochemback.html,Brazilian,,10/12/1981,182 cm,80 kg,Brazil,Defender
soccer/www.123football.com/fabian-ernst.html,German,"Hanovre, Germany",30/05/1979,183 cm,80 kg,Germany,Midfielder
soccer/www.123football.com/walter-gaitan.html,Argentinian,"Buenos Aires, Argentina",13/03/1977,184 cm,80 kg,,Attacking Midfielder
soccer/www.123football.com/martin-demichelis.html,Argentinian,"Justiniano Posse, Argentina",20/12/1980,184 cm,80 kg,,Defender
soccer/www.123football.com/enzo-scifo.html,Belgian,Italy,"February 19, 1966",184 cm,80 kg,Belgium,Midfielder
soccer/www.123football.com/john-aloisi.html,Australian,"Adelaïde, Australia",05/02/1976,185 cm,80 kg,Australia,Forward
soccer/www.123football.com/miroslav-djukic.html,Serbia and Montenegro,"Stitar Sabac, Yugoslavia","19 February, 1966",185 cm,80 kg,Yugoslavia,Defender
soccer/www.123football.com/carsten-ramelow.html,German,"Berlin, Germany",20/03/1974,185 cm,80 kg,Germany,"Sweeper, Defensive Midfielder"
soccer/www.123football.com/zinedine-zidane.html,French,"Marseille, France",23/06/1972,185 cm,80 kg,France,Attacking Midfielder
soccer/www.123football.com/ricardo-pereira.html,Portuguese,"Montijo, Portugal","February 11, 1976",185 cm,80 kg,Portugal,Goalkeeper
soccer/www.123football.com/patrick-mboma.html,Cameroon,"Douala, Cameroon","November 15, 1970",185 cm,80 kg,Cameroon,Striker
soccer/www.123football.com/juan-sebastian-veron.html,Argentinian,"La Plata, Argentina",09/03/1975,186 cm,80 kg,Argentina,Midfielder
soccer/www.123football.com/sebastian-kehl.html,,"Fulda, Germany",13/02/1980,186 cm,80 kg,,Midfielder
soccer/www.123football.com/nicolas-anelka.html,French,"Versailles, France",14/03/1979,186 cm,80 kg,France,Striker
soccer/www.123football.com/milenko-acimovic.html,Slovenian,"Belgrade, Yugoslavia",15/02/1977,186 cm,80 kg,Slovenia,Attacking Midfielder
soccer/www.123football.com/julio-cesar.html,Brazilian,"Sao Luís, Maranhao, Brazil","November 17, 1978",186 cm,80 kg,Brazil,Defense
soccer/www.123football.com/vitor-baia.html,Portuguese,"Afurada, Vila Nova de Gaia - Portugal","October, 15, 1969",186 cm,80 kg,Portugal,Goalkeeper
soccer/www.123football.com/patrick-owomoyela.html,German,"Hambourg, Germany",05/11/1979,187 cm,80 kg,Germany,Midfielder
soccer/www.123football.com/mark-iuliano.html,Italian,"Cosenza, Italy",12/08/1973,187 cm,80 kg,Italy,Central Defender
soccer/www.123football.com/finidi-george.html,Nigerian,"Port Harcourt, Nigeria",15/04/1971,187 cm,80 kg,Nigeria,"Right Midfielder, Right Wing"
soccer/www.123football.com/alessio-tacchinardi.html,Italian,"Crema, Italy",23/07/1975,187 cm,80 kg,Italy,Defender
soccer/www.123football.com/patrick-kluivert.html,Dutch,"Amsterdam, Holland",01/07/1976,188 cm,80 kg,Holland,Forward
soccer/www.123football.com/ruud-van-nistelrooy.html,Dutch,"Oss, Holland",01/07/1976,188 cm,80 kg,Holland,Forward
soccer/www.123football.com/jonathan-woodgate.html,English,"Middlesbrough, England",22/01/1980,188 cm,80 kg,England,Central Defender
soccer/www.123football.com/michael-ballack.html,German,"Chemnitz, Germany",26/09/1976,188 cm,80 kg,Germany,Central Midfielder
soccer/www.123football.com/lucio.html,Brazilian,"Planaltina, Brazil",02/05/1975,189 cm,80 kg,Brazil,Defender
soccer/www.123football.com/christophe-dugarry.html,French,"Bordeaux, France",24/03/1972,189 cm,80 kg,France,"Right Midfielder, Attacking Midfielder, Forward"
soccer/www.123football.com/roque-santa-cruz.html,Paraguayan,"Asuncion, Paraguay",August 16 1981,189 cm,80 kg,Paraguay,Forward
soccer/www.123football.com/rashidi-yekini.html,Nigerian,"Kaduna, Nigeria",23/10/1964,190 cm,80 kg,Nigeria,Forward
soccer/www.123football.com/albert-luque.html,Spanish,Barcelona (Spain),11/03/1978,183 cm,80kg,Spain,Forward
soccer/www.123football.com/roberto-soldado.html,Spanish,"Valence, Spain",27/05/1985,179 cm,81 kg,Spain,Forward
soccer/www.123football.com/jari-litmanen.html,Finn,"Lahti, Finland",Feb 20 1971,183 cm,81 kg,Finland,Forward
soccer/www.123football.com/walter-samuel.html,Argentinian,"Firmat, Argentina",22/03/1978,184 cm,81 kg,Argentina,Defender
soccer/www.123football.com/oscar-ruggeri.html,Argentinian,"Corral de Bustos, Argentina",26/01/1962,184 cm,81 kg,Argentina,Central Defender
soccer/www.123football.com/elvir-bolic.html,Bosnian,"Zenica, Bosnia-Herzegovina",10/10/1971,185 cm,81 kg,Bosnia-Herzegovina,Striker
soccer/www.123football.com/jesper-gronkjaer.html,Danish,"Nuuk, Denmark",12/08/1977,187 cm,81 kg,Denmark,Midfielder
soccer/www.123football.com/jerzy-dudek.html,Polish,"Rybnik, Poland",23/03/1973,187 cm,81 kg,Poland,Goalkeeper
soccer/www.123football.com/giovanni-galli.html,Italian,"Pisa, Italy",29/04/1958,187 cm,81 kg,Italy,Goalkeeper
soccer/www.123football.com/markus-babbel.html,German,"Munich, Germany",08/09/1972,189 cm,81 kg,Germany,Right Back
soccer/www.123football.com/georgios-samaras.html,Greek,"Heraklion, Greece","February 21, 1985",193 cm,81 kg,Greece,Forward
soccer/www.123football.com/abel-xavier.html,Portuguese and Mozambican,"Nampula, Mozambique",30/11/1972,289 cm,81 kg,Portugal,"Right Back, Central Defender"
soccer/www.123football.com/rene-higuita.html,Colombian,"Medellin, Colombia","August 27, 1966",176 cm,82 kg,,Goalkeeper
soccer/www.123football.com/wilfred-bouma.html,Dutch,"Helmond, Holland",15/06/1978,180 cm,82 kg,Holland,Defender
soccer/www.123football.com/jamie-redknapp.html,English,"Barton-on-Sea, England",25/06/1973,183 cm,82 kg,England,Central Midfielder
soccer/www.123football.com/mikael-silvestre.html,French,"Chambray-Les-Tours, France",August 9 1977,184 cm,82 kg,France,Defender
soccer/www.123football.com/brian-laudrup.html,Danish,Copenhagen (Denmark),"February 22, 1969",185 cn,82 kg,Denmark,Attacking midfield
soccer/www.123football.com/christian-ziege.html,German,"Berlin, Germany",01/02/1972,186 cm,82 kg,Germany,"Left Back, Left Midfielder"
soccer/www.123football.com/jack-charlton.html,English,"Ashington, England",08/05/1935,186 cm,82 kg,England,Central Defender
soccer/www.123football.com/andreas-andersson.html,Swedish,"Stockholm, Sweden",10/04/1974,186 cm,82 kg,Sweden,Forward
soccer/www.123football.com/thomas-ravelli.html,Swedish,,13/08/1959,186 cm,82 kg,Sweden,Goalkeeper
soccer/www.123football.com/mario-basler.html,German,"Neustadt, Germany",18/12/1968,186 cm,82 kg,Germany,"Right Midfielder, Attacking Midfielder"
soccer/www.123football.com/ali-daei.html,Iranian,"Ardabil, Iran",21/05/1969,188 cm,82 kg,Iran,Striker
soccer/www.123football.com/carlos-hermosillo.html,Mexican,"Cerro Azul, Mexico","August 24, 1964",188 cm,82 kg,,Striker
soccer/www.123football.com/miguel-calero.html,Colombian,"Ginebra Valle, Colombia",14/04/1971,189 cm,82 kg,Colombia,Goalkeeper
soccer/www.123football.com/frederic-kanoute.html,French,Sainte-Foy-Les-Lyon (France),02/09/1977,192 cm,82 kg,France,Forward
soccer/www.123football.com/marco-materazzi.html,Italian,Lecce (Italy),19/08/1973,193 cm,82 kg,Italy,Defender
soccer/www.123football.com/nicolas-burdisso.html,Argentinian,"Altos de Chipion, Argentina",12/04/1981,183 cm,83 kg,,"Right Back, Central Defender"
soccer/www.123football.com/jose-saturnino-cardozo.html,Paraguayan,"Nueva Italia, Paraguay",19/03/1971,183 cm,83 kg,Paraguay,Forward
soccer/www.123football.com/ronaldo.html,Brazilian,Rio de Janeiro,22/09/1976,183 cm,83 kg,Brazil,Foward
soccer/www.123football.com/fernando-couto.html,Portuguese,"Espinho, Portugal",02/08/1969,184 cm,83 kg,Portugal,Defender
soccer/www.123football.com/jan-kromkamp.html,Dutch,"Makkinga, Holland",17/08/1980,184 cm,83 kg,Holland,Defender
soccer/www.123football.com/daniele-de-rossi.html,Italian,"Roma, Italy",7/24/1983,184 Kg,83 kg,,Midfielder
soccer/www.123football.com/aljosa-asanovic.html,Croatian,"Split, Croatia",14/12/1965,185 cm,83 kg,Croatia,Left Wing
soccer/www.123football.com/martin-petrov.html,Bulgarian,"Vratza, Bulgaria",15/01/1979,185 cm,83 kg,Bulgaria,Midfielder
soccer/www.123football.com/nestor-fabbri.html,Argentinian,"Buenos Aires, Argentina",29/04/1968,185 cm,83 kg,Argentina,Central Defender
soccer/www.123football.com/marco-delvecchio.html,Italian,"Milano, Italy",07/04/1973,186 cm,83 kg,Italy,"Left Wing, Forward"
soccer/www.123football.com/mario-yepes.html,Colombian,"Cali, Colombia",13/01/1976,186 cm,83 kg,Colombia,Central Defender
soccer/www.123football.com/arjen-robben.html,Dutch,"Bedum, Holland",23/01/1984,186 cm,83 kg,"Holland- A, U21",Left Wing
soccer/www.123football.com/roberto-bonano.html,Argentinian,"Rosario, Argentina",24/01/1970,186 cm,83 kg,Argentina,Goalkeeper
soccer/www.123football.com/david-ginola.html,French,"Gassin, France",25/01/1967,186 cm,83 kg,France,"Left Midfielder, Left Wing"
soccer/www.123football.com/dino-baggio.html,Italian,"Camposampiero, Italy",24/07/1971,188 cm,83 kg,Italy,Midfielder
soccer/www.123football.com/thierry-henry.html,French,"Les Ulis, France","August 17, 1977",188 cm,83 kg,,Striker
soccer/www.123football.com/mido.html,Egyptian,"Cairo, Egypt","February 23, 1983",190 cm,83 kg,Egypt,Striker
soccer/www.123football.com/oliver-bierhoff.html,German,"Karlsruhe, Germany",01/03/1968,191 cm,83 kg,Germany,Forward
soccer/www.123football.com/sebastian-abreu.html,Uruguayan,"Minas, Uruguay",17/10/1976,193 cm,83 kg,,Forward
soccer/www.123football.com/vicente-engonga.html,Spanish,"Barcelona, Spain",20/10/1965,181 cm,84 kg,Spain,Midfielder
soccer/www.123football.com/oswaldo-sanchez.html,Mexican,"Guadalajara, Jalisco (Mexico)",02/05/1975,184 cm,84 Kg,Mexico,Goalkeeper
soccer/www.123football.com/martin-dahlin.html,Swedish,"Lund, Sweden",16/04/1968,186 cm,84 kg,Sweden,Striker
soccer/www.123football.com/franco-costanzo.html,Argentinian,"Rio Cuarto, Argentina",05/09/1980,187 cm,84 kg,,Goalkeeper
soccer/www.123football.com/fabrizio-ravanelli.html,Italian,"Perugia, Italy",11/12/1968,188 cm,84 kg,Italy,Forward
soccer/www.123football.com/zlatan-ibrahimovic.html,Swedish and Bosnian,"Malmö, Sweden",03/10/1981,192 cm,84 kg,Sweden,Striker
soccer/www.123football.com/mauricio-pellegrino.html,Argentinian,"Cordoba, Argentina",05/10/1971,193 cm,84 kg,Argentina,Defender
soccer/www.123football.com/christoph-metzelder.html,German,"Haltern, Germany",05.11.1980,194 cm,84 kg,Germany,Defender
soccer/www.123football.com/edwin-van-der-sar.html,Dutch,"Voorhout, Holland",29/10/1970,197 cm,84 kg,Holland,Goalkeeper
soccer/www.123football.com/gerald-asamoah.html,,"Mampong, Ghana",03/10/1978,180 cm,85 kg,,Forward
soccer/www.123football.com/les-ferdinand.html,English,"Paddington, England",18/12/1966,180 cm,85 kg,England,Striker
soccer/www.123football.com/andreas-herzog.html,Austrian,"Wien, Austria","September 10, 1968",184 cm,85 kg,,"Central Midfielder, Left Midfielder"
soccer/www.123football.com/frank-rijkaard.html,Dutch,"Amsterdam, Holland",30/09/1962,187 cm,85 kg,Holland,"Central Defender, Defensive Midfielder"
soccer/www.123football.com/mark-van-bommel.html,Dutch,"Maasbracht, Netherlands",April 22 1977,187 cm,85 kg,Holland,Midfielder
soccer/www.123football.com/sebastien-frey.html,French,,18/03/1980,188 cm,85 kg,,Goalkeeper
soccer/www.123football.com/fabian-carini.html,Uruguayan,"Montevideo, Uruguay",26/12/1979,189 cm,85 kg,Uruguay,Goalkeeper
soccer/www.123football.com/martin-laursen.html,Danish,"Farvoug, Denmark","July 26, 1977",189 cm,85 kg,Denmark,Defender
soccer/www.123football.com/ruud-hesp.html,Dutch,"Bussum, Holland","October 31, 1965",191 cm,85 kg,,Goalkeeper
soccer/www.123football.com/dida.html,Brazilian,"Irara, Brazil",07/10/1973,195 cm,85 kg,Brazil,Goalkeeper
soccer/www.123football.com/sami-hyypia.html,Finnish,"Porvoo, Finland","October 7, 1973",196 cm,85 kg,,Central Defender
soccer/www.123football.com/bruno-n-gotty.html,French,"Lyon, France",10/6/1971,185 cm,86 kg,France,Defender Center
soccer/www.123football.com/mark-viduka.html,Australian,"Melbourne, Australia",09/01/1975,188 cm,86 kg,Australia,Forward
soccer/www.123football.com/dado-prso.html,Croatian,"Zadar, Croatia",5/11/1974,190 cm,86 kg,Croatia,Forward
soccer/www.123football.com/stan-collymore.html,English,"Cannock, England",22/01/1971,191 cm,86 kg,England,Forward
soccer/www.123football.com/laurent-blanc.html,French,"Alès, France",19/11/1965,192 cm,86 kg,France,"Sweeper, Central Defender"
soccer/www.123football.com/tore-andre-flo.html,Norwegian,"Stryn, Norway",15/06/1973,193 cm,86 kg,Norway,Striker
soccer/www.123football.com/lorenzo-amoruso.html,Italian,"Bari, Italy",28/06/1971,179 cm,87 kg,,Central Defender
soccer/www.123football.com/ruben-capria.html,Argentinian,General Belgrano (Buenos Aires)Argentina,06/01/1970,181 cm,87 kg,,Midfielder
soccer/www.123football.com/taribo-west.html,Nigerian,"Lagos, Nigeria",26/03/1974,186 cm,87 kg,Nigeria,Central Defender
soccer/www.123football.com/oliver-kahn.html,German,"Karlsruhe, Germany",02/05/1975,188 cm,87 kg,Germany,Goalkeeper
soccer/www.123football.com/jens-lehmann.html,German,Essen (Germany),10/11/1969,190 cm,87 kg,Germany,Goalkeeper
soccer/www.123football.com/petr-cech.html,Czech,"Plzen, Czech Republic",20/05/1982,197 cm,87 kg,Czech Republic,Goalkeeper
soccer/www.123football.com/angelo-peruzzi.html,Italian,"Viterbo, Italy",16/02/1970,181 cm,88 kg,Italy,Goalkeeper
soccer/www.123football.com/mikael-forssell.html,Finnish,"Steinfurt, Germany",15/03/1981,184 cm,88 kg,"Finland- A, U21, U19, U18, U17, U16",Striker
soccer/www.123football.com/brian-ching.html,American,"Haleiwa, HI, United States","24 May, 1978",185 cm,88 kg,USA,Forward
soccer/www.123football.com/jorge-bermudez.html,Colombian,,18/06/1971,187 cm,88 kg,,Central Defender
soccer/www.123football.com/diego-lugano.html,Uruguayan,"Canelones , Uruguay",1980-11-02,188 cm,88 kg,Uruguay,Defense
soccer/www.123football.com/sol-campbell.html,English,"Newham, England",18/09/1974,189 cm,88 kg,England,Central Defender
soccer/www.123football.com/sander-westerveld.html,Dutch,"Enschede, Holland",23/10/1974,190 cm,88 kg,Holland,Goalkeeper
soccer/www.123football.com/emile-heskey.html,English,"Leicester, England","January 11, 1978",190 cm,88 kg,,"Left Midfielder, Striker"
soccer/www.123football.com/igor-tudor.html,Croatian,"Spalato, Croatia",16/04/1978,192 cm,88 kg,Croatia,Defender
soccer/www.123football.com/esteban-fuertes.html,Argentinian,"Coronel Dorrego, Argentina",26/12/1972,182 cm,89 kg,,Forward
soccer/www.123football.com/luis-islas.html,Argentinian,"Capital Federal, Argentina",22/12/1965,192 cm,89 kg,,Goalkeeper
soccer/www.123football.com/eduardo-hurtado.html,Ecuadorean,"Esmeralda, Ecuador","January 12, 1969",190 cm,90 kg,,"Forward, Striker"
soccer/www.123football.com/paul-robinson.html,English,"Beverley, England",02/05/1975,193 cm,90 kg,England,Goalkeeper
soccer/www.123football.com/francesco-toldo.html,Italian,"Padoue, Italy",02/05/1975,196 cm,90 kg,Italy,Goalkeeper
soccer/www.123football.com/nigel-martyn.html,English,"Saint-Austell, England",11/08/1966,187 cm,91 kg,England,Goalkeeper
soccer/www.123football.com/tim-flowers.html,English,"Kenilworth, England",03/02/1967,188 cm,91 kg,England,Goalkeeper
soccer/www.123football.com/brad-friedel.html,American,"Lakewood, Ohio, United States",18/05/1971,190 cm,92 kg,United States,Goalkeeper
soccer/www.123football.com/tim-borowski.html,German,"Neubrandenburg, Germany",02/05/1980,184 cm,94 kg,Germany,Midfielder
soccer/www.123football.com/john-carew.html,Norwegian,"Lørenskog, Norway",05/09/1979,195 cm,94 kg,"Norway- A, U21, U18, U17, U16",Forward
soccer/www.123football.com/josh-wolff.html,American,,"February 15, 1977",173 cm,,USA,Forward
soccer/www.123football.com/jose-luis-chilavert.html,Paraguayan,"Luque, Paraguay",27/07/1965,189 cm,,Paraguay,Goalkeeper
soccer/www.123football.com/benoit-cauet.html,French,"Châtellerault, France",02/05/1969,,,,Midfielder
soccer/www.123football.com/albert-ferrer.html,Spanish,"Barcelona, Spain",06/06/1970,,,Spain,Right Back
soccer/www.123football.com/blas-giunta.html,Argentinian,"Buenos Aires, Argentina",06/09/1963,,,Argentina,Midfielder
soccer/www.123football.com/ali-benarbia.html,Algerian,"Oran, Algeria",08/10/1968,,,"Algeria- A,",Central Midfielder
soccer/www.123football.com/roberto-donadoni.html,Italian,"Cisano Bergamasco, Bergamo, Italy",09/09/1963,,,Italy,"Right Midfielder, Central Midfielder"
soccer/www.123football.com/jorge-burruchaga.html,Argentinian,"Gualeguay, Argentina",09/10/1962,,,Argentina,Attacking Midfielder
soccer/www.123football.com/zetti.html,Brazilian,"Porto Feliz-SP, Brazil",10/01/1965,,,Brazil,Goalkeeper
soccer/www.123football.com/franz-beckenbauer.html,German,"München, Germany",11/09/1945,,,Germany,"Sweeper, Defensive Midfielder"
soccer/www.123football.com/nestor-gorosito.html,Argentinian,"San Fernando, Argentina",14/05/1964,,,Argentina,Attacking Midfielder
soccer/www.123football.com/carlos-roa.html,Argentinian,"Santa Fé, Argentina",15/08/1969,,,Argentina,Goalkeeper
soccer/www.123football.com/antonio-rattin.html,Argentinian,"Campana/Buenos Aires, Argentina",16/05/1937,,,Argentina,
soccer/www.123football.com/juan-ramon-carrasco.html,Uruguayan,"Sarandi del Yi, Uruguay",16/09/1956,,,Uruguay,Forward
soccer/www.123football.com/hector-cuper.html,Argentinian,"Chabas, Argentina",16/11/1955,,,Argentina,Defender
soccer/www.123football.com/sergio-goycoechea.html,Argentinian,"Buenos Aires, Argentina",17/10/1963,,,Argentina,Goalkeeper
soccer/www.123football.com/bobby-robson.html,English,"Sacriston, England",18/02/1933,,,"England- A, U23","Midfielder, Forward"
soccer/www.123football.com/richard-witschge.html,Dutch,"Amsterdam, Holland",20/09/1969,,,Holland,Left Midfielder
soccer/www.123football.com/quinton-fortune.html,South African,"Cape Town, South Africa",21/05/1977,,,South Africa,"Left Midfielder, Left Wing"
soccer/www.123football.com/haim-revivo.html,Israeli,"Ashdod, Israel",22/02/1972,,,"Israel- A, U17","Right Midfielder, Attacking Midfielder"
soccer/www.123football.com/winston-bogarde.html,Dutch,"Rotterdam, Holland",22/10/1970,,,Holland,"Left Back, Right Back, Central Defender"
soccer/www.123football.com/michel.html,Spanish,,23/03/1963,,,Spain,Midfielder
soccer/www.123football.com/paolo-rossi.html,Italian,"Prato, Italy",23/09/1956,,,Italy,Striker
soccer/www.123football.com/americo-gallego.html,Argentinian,"Morteros, Argentina",25/04/1955,,,Argentina,Midfielder
soccer/www.123football.com/tijani-babangida.html,Nigerian,"Kaduna, Nigeria",25/09/1973,,,"Nigeria- A,",Right Wing
soccer/www.123football.com/ze-elias.html,Brazilian,,25/09/1976,,,,Midfielder
soccer/www.123football.com/walter-zenga.html,Italian,"Milan, Italy",28/04/1960,,,Italy,Goalkeeper
soccer/www.123football.com/garrincha.html,Brazilian,"Pau Grande-SP, Brazil",28/10/1933,,,Brazil,Right Wing
soccer/www.123football.com/jean-marc-bosman.html,Belgian,,30/10/1964,,,,Midfielder
soccer/www.123football.com/alex-ferguson.html,Scottish,"Govan, Scotland",31/12/1941,,,,
