url,STRING : publisher,STRING : developer,STRING : esrb
videogame/videogames.yahoo.com/gc_lego-star-wars-the-video-game.html,Eidos Interactive,Traveller's Tales,E (Everyone)
videogame/videogames.yahoo.com/gc_timesplitters-2.html,Eidos Interactive,Free Radical Design,T (Teen)
videogame/videogames.yahoo.com/psp_guitar-hits-canceled.html,,TBA,
videogame/videogames.yahoo.com/gc_godzilla-destroy-all-monsters-melee.html,Atari,"Pipeworks Software, Inc.",T (Teen)
videogame/videogames.yahoo.com/gc_crouching-tiger-hidden-dragon-canceled.html,Ubisoft Entertainment,Ubisoft,
videogame/videogames.yahoo.com/psp_nba-live-08.html,,EA Canada,E (Everyone)
videogame/videogames.yahoo.com/gc_kao-the-kangaroo-round-2.html,Atari,Tate Interactive,E (Everyone)
videogame/videogames.yahoo.com/psp_gunpey.html,"Namco Bandai Games America, Inc.","Namco Bandai Games America, Inc.",
videogame/videogames.yahoo.com/gc_hot-wheels-velocity-x.html,THQ,Beyond Games,E (Everyone)
videogame/videogames.yahoo.com/psp_arthur-and-the-invisibles.html,Atari,Etranges Libellules,
videogame/videogames.yahoo.com/psp_world-tour-soccer-06.html,Sony,Sony Computer Entertainment Europe,E (Everyone)
videogame/videogames.yahoo.com/gc_namco-museum-50th-anniversary.html,EA,EA Los Angeles,E (Everyone)
videogame/videogames.yahoo.com/psp_7-wonders.html,,Hot Lava,E (Everyone)
videogame/videogames.yahoo.com/psp_mlb-08-the-show.html,Sony,SCE Studios San Diego,E (Everyone)
videogame/videogames.yahoo.com/psp_medievil-resurrection.html,Sony,SCEE Cambridge Studios,T (Teen)
videogame/videogames.yahoo.com/gc_fifa-soccer-2002-major-league-soccer.html,EA,EA Canada,E (Everyone)
videogame/videogames.yahoo.com/gc_strike-force-bowling.html,Crave,Lab Rats Games,E (Everyone)
videogame/videogames.yahoo.com/gc_nascar-thunder-2003.html,EA,EA Tiburon,E (Everyone)
videogame/videogames.yahoo.com/psp_pursuit-force-extreme-justice.html,,BigBig Studios,T (Teen)
videogame/videogames.yahoo.com/gc_naruto-clash-of-ninja.html,D3Publisher of America,"Eighting Co., Ltd. (8ing)",T (Teen)
videogame/videogames.yahoo.com/psp_after-burner-black-falcon.html,,Planet Moon Studios,T (Teen)
videogame/videogames.yahoo.com/psp_virtua-tennis-3.html,Sega,"Sega of America, Inc.",E (Everyone)
videogame/videogames.yahoo.com/gc_madden-nfl-08.html,EA,Tiburon,E (Everyone)
videogame/videogames.yahoo.com/gc_tak-the-great-juju-challenge.html,THQ,Avalanche Studios,E (Everyone)
videogame/videogames.yahoo.com/gc_rayman-3-hoodlum-havoc.html,Ubisoft Entertainment,Ubisoft Entertainment SA,E (Everyone)
videogame/videogames.yahoo.com/psp_mega-man-powered-up.html,Capcom,Capcom,E (Everyone)
videogame/videogames.yahoo.com/psp_brooktown-high.html,Konami,Backbone Entertainment,T (Teen)
videogame/videogames.yahoo.com/gc_pikmin.html,Nintendo,Nintendo Co. Ltd.,E (Everyone)
videogame/videogames.yahoo.com/gc_soul-calibur-ii.html,"Namco Bandai Games America, Inc.",Namco Ltd.,T (Teen)
videogame/videogames.yahoo.com/gc_ininja.html,"Namco Bandai Games America, Inc.",Argonaut Software Ltd.,T (Teen)
videogame/videogames.yahoo.com/psp_dungeon-maker-hunting-ground.html,,Global A Entertainment,E10+
videogame/videogames.yahoo.com/gc_bratz-forever-diamondz.html,THQ,Blitz Games,E (Everyone)
videogame/videogames.yahoo.com/gc_die-hard-vendetta.html,Sierra,BITS Studios,M (Mature)
videogame/videogames.yahoo.com/gc_conflict-desert-storm.html,Gotham Games,Pivotal Games Ltd.,T (Teen)
videogame/videogames.yahoo.com/psp_hellboy-the-science-of-evil.html,Konami,Krome Studios,T (Teen)
videogame/videogames.yahoo.com/gc_chaos-field.html,O~3 Entertainment,"Milestone, Inc.",E (Everyone)
videogame/videogames.yahoo.com/gc_the-sims-2.html,EA,Maxis,T (Teen)
videogame/videogames.yahoo.com/gc_dragons-lair-3d-return-to-the-lair.html,Encore Software,EA Tiburon,T (Teen)
videogame/videogames.yahoo.com/gc_mario-party-7-game-only.html,Nintendo,Hudson Soft,E
videogame/videogames.yahoo.com/gc_custom-robo.html,Nintendo,Noise (Marigul),T (Teen)
videogame/videogames.yahoo.com/gc_xiii.html,Ubisoft Entertainment,Ubisoft Montreal,M (Mature)
videogame/videogames.yahoo.com/gc_prince-of-persia-the-sands-of-time.html,Ubisoft Entertainment,Ubisoft Montreal,T (Teen)
videogame/videogames.yahoo.com/gc_grooverider-slot-car-thunder.html,Encore Software,King of the Jungle Ltd.,E (Everyone)
videogame/videogames.yahoo.com/gc_speed-kings.html,Acclaim,Climax Group,E (Everyone)
videogame/videogames.yahoo.com/gc_capcom-vs-snk-2-eo.html,Capcom,"Capcom Co., Ltd.",T (Teen)
videogame/videogames.yahoo.com/gc_nfl-street.html,EA,EA Tiburon,E (Everyone)
videogame/videogames.yahoo.com/gc_chibirobo.html,Gameloft S.A.,Skip Ltd.,E10+
videogame/videogames.yahoo.com/gc_metal-arms-glitch-in-the-system.html,Sierra,"Swingin' Ape Studios, Inc.",T (Teen)
videogame/videogames.yahoo.com/psp_nba-live-09.html,EA,EA Canada,E (Everyone)
videogame/videogames.yahoo.com/gc_ratatouille.html,,Heavy Iron Studios,E (Everyone)
videogame/videogames.yahoo.com/psp_tiger-woods-pga-tour.html,EA,EA SPORTS,E (Everyone)
videogame/videogames.yahoo.com/gc_tetris-worlds.html,THQ,Radical Entertainment,E (Everyone)
videogame/videogames.yahoo.com/gc_bionicle-heroes.html,Eidos Interactive,Traveller's Tales,E (Everyone)
videogame/videogames.yahoo.com/gc_puzzle-trouble.html,Crave,Cosmi Corporation,
videogame/videogames.yahoo.com/gc_king-arthur.html,Konami,Krome Studios,T (Teen)
videogame/videogames.yahoo.com/psp_the-legend-of-heroes-a-tear-of-vermillion.html,"Bandai America, Inc.",Falcom,T (Teen)
videogame/videogames.yahoo.com/gc_starcraft-ghost-canceled.html,Blizzard Entertainment,Blizzard Entertainment,RP (Rating Pending)
videogame/videogames.yahoo.com/psp_dungeons--dragons-tactics.html,Atari,Kuju Entertainment Ltd.,T (Teen)
videogame/videogames.yahoo.com/psp_shaun-white-snowboarding.html,Ubisoft Entertainment,Ubisoft Montreal,E
videogame/videogames.yahoo.com/gc_black--bruised.html,Majesco,"Digital Fiction, Inc.",T (Teen)
videogame/videogames.yahoo.com/psp_diner-dash-sizzle--serve.html,Eidos Interactive,PlayFirst,E (Everyone)
videogame/videogames.yahoo.com/gc_burnout-2-point-of-impact.html,Acclaim,Criterion Studios,E (Everyone)
videogame/videogames.yahoo.com/psp_brave-story-new-traveler.html,,Game Republic (JP),E10+
videogame/videogames.yahoo.com/gc_dreamworks-shark-tale.html,Activision,Edge of Reality Inc.,E (Everyone)
videogame/videogames.yahoo.com/gc_donkey-konga-with-bongos.html,Nintendo,Namco Ltd.,E (Everyone)
videogame/videogames.yahoo.com/psp_driver-76.html,,Sumo Digital,M (Mature)
videogame/videogames.yahoo.com/psp_power-stone-collection.html,Capcom,"Capcom Co., Ltd.",T (Teen)
videogame/videogames.yahoo.com/gc_et-the-extraterrestrial-search-for-dragora-canceled.html,NewKidCo LLC,Zed Two,E (Everyone)
videogame/videogames.yahoo.com/psp_world-championship-poker-featuring-howard-lederer-all-in.html,Crave,"Point of View, Inc.",T (Teen)
videogame/videogames.yahoo.com/gc_tak-and-the-power-of-juju.html,THQ,Avalanche Software,E (Everyone)
videogame/videogames.yahoo.com/gc_kelly-slaters-pro-surfer.html,Activision,"Treyarch Invention, LLC",E (Everyone)
videogame/videogames.yahoo.com/gc_sonic-adventure-2-battle.html,Sega,Sonic Team,E (Everyone)
videogame/videogames.yahoo.com/psp_aliens-vs-predator-requiem.html,,Rebellion,T (Teen)
videogame/videogames.yahoo.com/gc_donkey-konga.html,Nintendo,Namco Ltd.,E (Everyone)
videogame/videogames.yahoo.com/gc_zapper.html,Infogrames,Blitz Games,E (Everyone)
videogame/videogames.yahoo.com/gc_terminator-3-the-redemption.html,Atari,"Paradigm Entertainment, Inc.",T (Teen)
videogame/videogames.yahoo.com/psp_popolocrois.html,Agetec,Sony Computer Entertainment Inc. (Japan),E (Everyone)
videogame/videogames.yahoo.com/psp_nba-ballers-rebound.html,Midway,Backbone Entertainment,E (Everyone)
videogame/videogames.yahoo.com/psp_midway-arcade-treasures-extended-play.html,Midway,"Digital Eclipse Software, Inc.",M (Mature)
videogame/videogames.yahoo.com/gc_karaoke-revolution-party.html,Konami,"Harmonix Music Systems, Inc.",
videogame/videogames.yahoo.com/gc_evolution-snowboarding.html,Konami,Konami Computer Entertainment Osaka (KCEO),T (Teen)
videogame/videogames.yahoo.com/gc_mvp-baseball-2005.html,EA,EA Canada,E (Everyone)
videogame/videogames.yahoo.com/gc_puyo-pop-fever.html,Sega,Sonic Team,E (Everyone)
videogame/videogames.yahoo.com/psp_wild-arms-xf.html,XSEED Games,Media.Vision,E10+
videogame/videogames.yahoo.com/gc_mario-kart-double-dash.html,Nintendo,Nintendo Co. Ltd.,E (Everyone)
videogame/videogames.yahoo.com/gc_crazy-taxi.html,Acclaim,Acclaim Studios Cheltenham,T (Teen)
videogame/videogames.yahoo.com/gc_need-for-speed-most-wanted.html,EA,EA Canada,T (Teen)
videogame/videogames.yahoo.com/psp_superman-returns-the-video-game-canceled.html,EA,Santa Cruz Games,E (Everyone)
videogame/videogames.yahoo.com/psp_star-trek-tactical-assault.html,Bethesda Softworks,Quicksilver Software Inc.,E (Everyone)
videogame/videogames.yahoo.com/gc_gladius.html,LucasArts,LucasArts Entertainment Company,T (Teen)
videogame/videogames.yahoo.com/gc_casper-spirit-dimensions.html,TDK Mediactive,Lucky Chicken Games,E (Everyone)
videogame/videogames.yahoo.com/gc_james-bond-007-in-agent-under-fire.html,EA,EA Redwood Shores,T (Teen)
videogame/videogames.yahoo.com/psp_call-of-duty-4-modern-warfare.html,Activision,,M (Mature)
videogame/videogames.yahoo.com/psp_mvp-baseball.html,EA,Team Fusion,E (Everyone)
videogame/videogames.yahoo.com/gc_cabelas-big-game-hunter-2005-adventures.html,Activision,Magic Wand Productions,T (Teen)
videogame/videogames.yahoo.com/gc_fifa-soccer-07.html,EA,EA Canada,E (Everyone)
videogame/videogames.yahoo.com/gc_disney-sports-skateboarding.html,Konami,Konami Computer Entertainment Osaka (KCEO),E (Everyone)
videogame/videogames.yahoo.com/gc_conflict-desert-storm-ii--back-to-baghdad.html,Gotham Games,Pivotal Games Ltd.,T (Teen)
videogame/videogames.yahoo.com/psp_nfl-street-3.html,EA Sports Big,Tiburon,E (Everyone)
videogame/videogames.yahoo.com/psp_final-fantasy.html,Square Enix USA,"Square Enix Co., Ltd.",T (Teen)
videogame/videogames.yahoo.com/psp_brunswick-pro-bowling.html,Crave,Point of View,E (Everyone)
videogame/videogames.yahoo.com/gc_top-gun-combat-zones.html,Titus,Digital Integration,E (Everyone)
videogame/videogames.yahoo.com/psp_puzzle-challenge-crosswords-and-more.html,"Play at Joe's, Inc.",Craftgold Software,E (Everyone)
videogame/videogames.yahoo.com/psp_archer-macleans-mercury.html,Ignition,Awesome Studios,E (Everyone)
videogame/videogames.yahoo.com/gc_mortal-kombat-deadly-alliance.html,Midway,Midway Home Entertainment,M (Mature)
videogame/videogames.yahoo.com/gc_the-incredible-hulk-ultimate-destruction.html,Vivendi Universal,Radical Entertainment,T (Teen)
videogame/videogames.yahoo.com/gc_cabelas-dangerous-hunts-2.html,Activision,Sand Grain Studios,T (Teen)
videogame/videogames.yahoo.com/gc_eternal-darkness-sanitys-requiem.html,Nintendo,Silicon Knights,M (Mature)
videogame/videogames.yahoo.com/psp_monster-kingdom-jewel-summoner.html,,Gaia,T (Teen)
videogame/videogames.yahoo.com/psp_ace-combat-x-skies-of-deception.html,"Namco Bandai Games America, Inc.","Namco Bandai Games America, Inc.",T (Teen)
videogame/videogames.yahoo.com/psp_valhalla-knights-2.html,,K2 (Japan),E10+
videogame/videogames.yahoo.com/gc_room-zoom-canceled.html,Jaleco,Blade Interactive Studios,E (Everyone)
videogame/videogames.yahoo.com/psp_cabelas-dangerous-hunts-ultimate-challenge.html,Activision,Sand Grain Studios,T (Teen)
videogame/videogames.yahoo.com/psp_world-championship-poker-2-featuring-howard-lederer.html,Crave,"Point of View, Inc.",T (Teen)
videogame/videogames.yahoo.com/gc_mtx-mototrax-canceled.html,Activision,(Not Specified),E (Everyone)
videogame/videogames.yahoo.com/psp_the-sims-2.html,EA,Maxis,T (Teen)
videogame/videogames.yahoo.com/gc_dungeons--dragons-heroes.html,Infogrames,Infogrames,
videogame/videogames.yahoo.com/psp_nba-street-showdown.html,EA Sports Big,Team Fusion,E (Everyone)
videogame/videogames.yahoo.com/gc_the-legend-of-spyro-a-new-beginning.html,Vivendi Universal,Krome Studios,
videogame/videogames.yahoo.com/gc_mario-kart-double-dash-special-edition.html,Nintendo,Nintendo,E
videogame/videogames.yahoo.com/psp_midnight-club-3-dub-edition.html,Rockstar,Rockstar Leeds,E10+
videogame/videogames.yahoo.com/gc_mat-hoffmans-pro-bmx-2.html,Activision,Gratuitous Games,T (Teen)
videogame/videogames.yahoo.com/gc_nhl-2004.html,EA,EA Canada,E (Everyone)
videogame/videogames.yahoo.com/gc_codename-kids-next-door--operation-videogame.html,Global Star,"High Voltage Software, Inc.",E10+
videogame/videogames.yahoo.com/psp_from-russia-with-love.html,"Mastiff, LLC",EA Redwood Shores,T (Teen)
videogame/videogames.yahoo.com/gc_medal-of-honor-frontline.html,EA,Electronic Arts Los Angeles,T (Teen)
videogame/videogames.yahoo.com/psp_pacman-world-rally.html,"Namco Bandai Games America, Inc.",Smart Bomb Interactive,E (Everyone)
videogame/videogames.yahoo.com/gc_crash-bandicoot-the-wrath-of-cortex.html,Universal Interactive,Eurocom Developments Ltd.,E (Everyone)
videogame/videogames.yahoo.com/gc_tom-clancys-rainbow-six-lockdown.html,Ubisoft Entertainment,"Red Storm Entertainment, Inc.",M (Mature)
videogame/videogames.yahoo.com/gc_star-wars-rebel-strike--rogue-squadron-iii.html,Lucas Arts,Factor 5,RP (Rating Pending)
videogame/videogames.yahoo.com/gc_true-crime-streets-of-la.html,Activision,Luxoflux,M (Mature)
videogame/videogames.yahoo.com/psp_wwe-smackdown-vs-raw-2006.html,THQ,Yuke's Co. Ltd.,T (Teen)
videogame/videogames.yahoo.com/gc_frogger-ancient-shadow.html,Konami,"Hudson Soft Co., Ltd.",E (Everyone)
videogame/videogames.yahoo.com/gc_nfl-street-2.html,EA Sports Big,EA Tiburon,E (Everyone)
videogame/videogames.yahoo.com/psp_scarface-money-power-respect.html,"Destination Software, Inc.",FarSight Studios,M (Mature)
videogame/videogames.yahoo.com/psp_yugioh-gx-tag-force.html,Konami,Konami JPN (KCEJ),E (Everyone)
videogame/videogames.yahoo.com/gc_nhl-2003.html,EA,EA Canada,E (Everyone)
videogame/videogames.yahoo.com/gc_nhl-2005.html,EA,EA Games,RP (Rating Pending)
videogame/videogames.yahoo.com/psp_world-tour-soccer.html,Sony,SCEE Studio London,E (Everyone)
videogame/videogames.yahoo.com/gc_power-rangers-super-legends.html,Disney Interactive Studios,,
videogame/videogames.yahoo.com/psp_call-of-duty-roads-to-victory.html,Activision,Amaze Entertainment,T (Teen)
videogame/videogames.yahoo.com/gc_naruto-clash-of-ninja-2.html,D3Publisher of America,Eighting,T (Teen)
videogame/videogames.yahoo.com/gc_aggressive-inline.html,AKA Acclaim,"Z-AXIS, Ltd.",T (Teen)
videogame/videogames.yahoo.com/psp_street-supremacy.html,Konami,Genki Co. Ltd.,E (Everyone)
videogame/videogames.yahoo.com/gc_bad-boys-miami-takedown.html,Homebrew [Independently Developed/Distributed],Blitz Games,M (Mature)
videogame/videogames.yahoo.com/gc_mobile-suit-gundam-senshitachi-no-kiseki.html,Bandai,Bandai,
videogame/videogames.yahoo.com/gc_fifa-street.html,EA Sports Big,EA Canada,E (Everyone)
videogame/videogames.yahoo.com/gc_spirits--spells.html,Dreamcatcher,Wanadoo Edition,T (Teen)
videogame/videogames.yahoo.com/gc_sonic-heroes.html,Sega,Sonic Team,E (Everyone)
videogame/videogames.yahoo.com/gc_lemony-snickets-a-series-of-unfortunate-events.html,Activision,Amaze Entertainment,E (Everyone)
videogame/videogames.yahoo.com/psp_dragon-ball-z-shin-budokai--another-road.html,,Dimps,T (Teen)
videogame/videogames.yahoo.com/psp_worms-open-warfare-2.html,,Team17 Software,E10+
videogame/videogames.yahoo.com/gc_sega-soccer-slam.html,Sega,Black Box Games Ltd.,E (Everyone)
videogame/videogames.yahoo.com/gc_resident-evil-2.html,Capcom,"Capcom Co., Ltd.",M (Mature)
videogame/videogames.yahoo.com/gc_zoids-battle-legends.html,Atari,Tomy,T (Teen)
videogame/videogames.yahoo.com/gc_baten-kaitos-eternal-wings-and-the-lost-ocean.html,"Namco Bandai Games America, Inc.","Namco Hometek, Inc.",T (Teen)
videogame/videogames.yahoo.com/gc_xg3-extremeg-racing.html,Acclaim,Acclaim Studios Cheltenham,E (Everyone)
videogame/videogames.yahoo.com/gc_rally-championship.html,Conspiracy Entertainment Corporation,Warthog,E (Everyone)
videogame/videogames.yahoo.com/psp_world-series-of-poker-tournament-of-champions.html,Activision,"Activision, Inc.",T (Teen)
videogame/videogames.yahoo.com/psp_twisted-metal-headon.html,Sony,Incog Inc. Entertainment,T (Teen)
videogame/videogames.yahoo.com/psp_god-of-war-chains-of-olympus.html,SCEA,Ready At Dawn Studios,M (Mature)
videogame/videogames.yahoo.com/gc_star-wars-bounty-hunter.html,Lucas Arts,LucasArts Entertainment Company,T (Teen)
videogame/videogames.yahoo.com/gc_terminator-3-rise-of-the-machines.html,Atari,"Black Ops Entertainment, Inc.",RP (Rating Pending)
videogame/videogames.yahoo.com/gc_resident-evil-3-nemesis.html,Capcom,"Capcom Co., Ltd.",M (Mature)
videogame/videogames.yahoo.com/psp_super-collapse-3.html,,GameHouse,E (Everyone)
videogame/videogames.yahoo.com/psp_black--white-creatures-canceled.html,Majesco,,
videogame/videogames.yahoo.com/gc_galleon-islands-of-mystery-canceled.html,Interplay Entertainment,Confounding Factor,
videogame/videogames.yahoo.com/psp_the-elder-scrolls-travels-oblivion.html,Bethesda Softworks,Bethesda Softworks,M
videogame/videogames.yahoo.com/psp_nba-07.html,Sony,"Sony Computer Entertainment America, Inc. San Diego",E (Everyone)
videogame/videogames.yahoo.com/gc_nba-2k3.html,Sega,Visual Concepts,E (Everyone)
videogame/videogames.yahoo.com/gc_metroid-prime-2-echoes.html,Radica Games Limited,Retro Studios,T (Teen)
videogame/videogames.yahoo.com/gc_super-smash-bros-melee.html,Nintendo,HAL Laboratory Inc.,T (Teen)
videogame/videogames.yahoo.com/gc_tom-clancys-ghost-recon-2.html,Ubisoft Entertainment,"Red Storm Entertainment, Inc.",T (Teen)
videogame/videogames.yahoo.com/gc_tom-clancys-ghost-recon.html,Ubisoft Entertainment,"Red Storm Entertainment, Inc.",M (Mature)
videogame/videogames.yahoo.com/gc_wwe-wrestlemania-x8.html,THQ,Yuke's Co. Ltd.,T (Teen)
videogame/videogames.yahoo.com/gc_blood-omen-2.html,Eidos Interactive,Nixxes Software BV,M (Mature)
videogame/videogames.yahoo.com/gc_ribbit-king.html,"Bandai America, Inc.","Bandai Co., Ltd.",E (Everyone)
videogame/videogames.yahoo.com/gc_one-piece-pirates-carnival.html,H.A.N.D.,Hand,E (Everyone)
videogame/videogames.yahoo.com/psp_atv-offroad-fury-blazin-trails.html,Sony,Climax Group,E (Everyone)
videogame/videogames.yahoo.com/gc_nba-2k2.html,Sega,Visual Concepts,E (Everyone)
videogame/videogames.yahoo.com/gc_dark-summit.html,THQ,Radical Entertainment,T (Teen)
videogame/videogames.yahoo.com/gc_disneys-winnie-the-pooh-rumbly-tumbly-adventure.html,Ubisoft Entertainment,Phoenix Interactive,E (Everyone)
videogame/videogames.yahoo.com/gc_mc-groovz-dance-craze-with-beat-pad.html,Mad Catz,"Mad Catz, Inc.",E (Everyone)
videogame/videogames.yahoo.com/gc_home-run-king.html,Sega,WOW Entertainment,E (Everyone)
videogame/videogames.yahoo.com/psp_wipeout-pulse.html,Sony,SCE Studios Liverpool,E10+
videogame/videogames.yahoo.com/gc_top-gun-combat-zones-2004.html,"Mastiff, LLC",Digital Integration,E (Everyone)
videogame/videogames.yahoo.com/psp_harvest-moon-boy--girl.html,,Marvelous Interactive,E (Everyone)
videogame/videogames.yahoo.com/psp_locoroco.html,Sony,Sony Computer Entertainment Inc. (Japan),E (Everyone)
videogame/videogames.yahoo.com/gc_disney-sports-soccer.html,Konami,Konami Computer Entertainment Osaka (KCEO),E (Everyone)
videogame/videogames.yahoo.com/psp_crash-tag-team-racing.html,Vivendi Universal,Radical Entertainment,E10+
videogame/videogames.yahoo.com/psp_mortal-kombat-unchained.html,Midway,JGI (Just Games Interactive),M (Mature)
videogame/videogames.yahoo.com/gc_mlb-slugfest-2003.html,Midway,Gratuitous Games,E (Everyone)
videogame/videogames.yahoo.com/psp_riviera-the-promised-land.html,,Sting,T (Teen)
videogame/videogames.yahoo.com/gc_crash-clash-racing.html,Vivendi Universal,Radical Entertainment,E10+
videogame/videogames.yahoo.com/gc_seaworld-shamus-deep-sea-adventures.html,Activision,Magic Wand Productions,E (Everyone)
videogame/videogames.yahoo.com/gc_army-men-air-combat--the-elite-missions.html,3DO,Wide Games Ltd.,T (Teen)
videogame/videogames.yahoo.com/psp_hard-rock-casino.html,Crave,Cosmi Corporation,T (Teen)
videogame/videogames.yahoo.com/gc_extreme-force-grant-city-anticrime.html,"Namco Bandai Games America, Inc.","Namco Hometek, Inc.",
videogame/videogames.yahoo.com/psp_pocket-pool.html,,Hyper-Devbox,M (Mature)
videogame/videogames.yahoo.com/gc_pokemon-colosseum.html,Nintendo,Genius Sonority Inc.,E (Everyone)
videogame/videogames.yahoo.com/gc_dr-muto.html,Midway,Midway Home Entertainment,T (Teen)
videogame/videogames.yahoo.com/gc_gotcha-force.html,Capcom,"Capcom Co., Ltd.",E (Everyone)
videogame/videogames.yahoo.com/psp_puyo-pop-fever.html,Sega,"Sega of America, Inc.",
videogame/videogames.yahoo.com/psp_mx-vs-atv-on-the-edge.html,THQ,Tantalus Interactive,E (Everyone)
videogame/videogames.yahoo.com/psp_bloodrayne-canceled.html,Majesco,Full Fat,
videogame/videogames.yahoo.com/gc_futurama-canceled.html,Vivendi Universal,Unique Development Studios (UDS),T (Teen)
videogame/videogames.yahoo.com/gc_tak-2-the-staff-of-dreams.html,THQ,Avalanche Software,E (Everyone)
videogame/videogames.yahoo.com/gc_donkey-konga-2.html,Nintendo,Namco Ltd.,T (Teen)
videogame/videogames.yahoo.com/gc_four-horsemen-of-the-apocalypse-canceled.html,3DO,The 3DO Company,
videogame/videogames.yahoo.com/psp_50-cent-bulletproof--g-unit-edition.html,Firaxis Games,"High Voltage Software, Inc.",M (Mature)
videogame/videogames.yahoo.com/psp_star-wars-lethal-alliance.html,Ubisoft Entertainment,Ubisoft Montreal,T (Teen)
videogame/videogames.yahoo.com/psp_final-fantasy-tactics-the-war-of-the-lions.html,,Square Enix,T (Teen)
videogame/videogames.yahoo.com/psp_dynasty-warriors-vol-2.html,KOEI Corporation,Omega Force,T (Teen)
videogame/videogames.yahoo.com/psp_sega-rally-revo.html,,Bugbear Entertainment,E (Everyone)
videogame/videogames.yahoo.com/gc_hunter-the-reckoning.html,Interplay Entertainment,"High Voltage Software, Inc.",M (Mature)
videogame/videogames.yahoo.com/gc_mortal-kombat-deception.html,Midway,Midway Games,M (Mature)
videogame/videogames.yahoo.com/psp_untold-legends-brotherhood-of-the-blade.html,Sony Online Entertainment,Sony Online Entertainment,T (Teen)
videogame/videogames.yahoo.com/psp_the-simpsons-game.html,,Rebellion,T (Teen)
videogame/videogames.yahoo.com/gc_pokemon-xd-gale-of-darkness.html,Nintendo,Genius Sonority Inc.,E (Everyone)
videogame/videogames.yahoo.com/psp_xyanide-resurrection.html,Playlogic International,Playlogic International,
videogame/videogames.yahoo.com/gc_tales-of-the-abyss.html,"Namco Bandai Games America, Inc.","Namco Bandai Games America, Inc.",T (Teen)
videogame/videogames.yahoo.com/gc_mega-man-network-transmission.html,Capcom,"Capcom Co., Ltd.",E (Everyone)
videogame/videogames.yahoo.com/psp_burnout-dominator.html,,EA UK,E10+
videogame/videogames.yahoo.com/gc_ed-edd-n-eddy-the-misedventures.html,Midway,Artificial Mind and Movement,E (Everyone)
videogame/videogames.yahoo.com/gc_dakar-2-the-worlds-ultimate-rally.html,Acclaim,Acclaim Studios Cheltenham,E (Everyone)
videogame/videogames.yahoo.com/gc_pinball-hall-of-fame-the-gottlieb-collection.html,Crave,FarSight Studios,E (Everyone)
videogame/videogames.yahoo.com/psp_pilot-academy.html,Marvelous Interactive,Kuju Entertainment,
videogame/videogames.yahoo.com/gc_monster-4x4-masters-of-metal.html,Ubisoft Entertainment,"Inland Productions, Inc.",E (Everyone)
videogame/videogames.yahoo.com/psp_spectral-souls.html,"NIS America, Inc.",Andamiro,T (Teen)
videogame/videogames.yahoo.com/psp_tom-clancys-ghost-recon-advanced-warfighter-2.html,,Red Storm Entertainment,T (Teen)
videogame/videogames.yahoo.com/gc_donkey-konga-2-with-bongos.html,Nintendo,"Nintendo of America, Inc.",T (Teen)
videogame/videogames.yahoo.com/gc_ncaa-football-2003.html,EA,EA Tiburon,E (Everyone)
videogame/videogames.yahoo.com/gc_phantasy-star-online-episodes-i--ii--plus.html,Sega,Sonic Team,T (Teen)
videogame/videogames.yahoo.com/psp_juiced-2-hot-import-nights.html,,Juice Games,T (Teen)
videogame/videogames.yahoo.com/gc_fantastic-4.html,Activision,7 Studios,T (Teen)
videogame/videogames.yahoo.com/gc_avatar-the-last-airbender.html,THQ,THQ Studio Australia (Studio Oz),E10+
videogame/videogames.yahoo.com/psp_wtf-work-time-fun.html,D3Publisher of America,SCE Studios Japan,T (Teen)
videogame/videogames.yahoo.com/psp_winx-club-join-the-club.html,Konami,n-Space,E (Everyone)
videogame/videogames.yahoo.com/gc_cubix-robots-for-everyone-showdown.html,3DO,The 3DO Company,E (Everyone)
videogame/videogames.yahoo.com/gc_shrek-smash-n-crash-racing.html,Activision,"Activision, Inc.",E (Everyone)
videogame/videogames.yahoo.com/gc_finding-nemo.html,THQ,Traveller's Tales,E (Everyone)
videogame/videogames.yahoo.com/gc_barbarian-canceled.html,Titus,Saffire,T (Teen)
videogame/videogames.yahoo.com/psp_death-jr-2-root-of-evil.html,Konami,Backbone Entertainment,T (Teen)
videogame/videogames.yahoo.com/psp_destroy-all-humans-big-willy-unleashed-canceled.html,,Locomotive Games,T (Teen)
videogame/videogames.yahoo.com/psp_medal-of-honor-heroes-2.html,,EA Canada - Team Fusion,T (Teen)
videogame/videogames.yahoo.com/psp_battlezone.html,Atari,"Paradigm Entertainment, Inc.",E10+
videogame/videogames.yahoo.com/psp_tony-hawks-underground-2-remix.html,Activision,"Shaba Games, Inc.",T (Teen)
videogame/videogames.yahoo.com/psp_ratatouille.html,,Locomotive Games,E (Everyone)
videogame/videogames.yahoo.com/gc_tmnt-mutant-melee.html,Konami,"Konami Computer Entertainment Hawaii, Inc.",T (Teen)
videogame/videogames.yahoo.com/gc_lost-kingdoms-ii.html,Activision,"Activision, Inc.",T (Teen)
videogame/videogames.yahoo.com/gc_disneys-extreme-skate-adventure.html,Activision,Toys for Bob,E (Everyone)
videogame/videogames.yahoo.com/psp_winning-eleven-pro-evolution-soccer-2007.html,Konami,Konami Computer Entertainment Tokyo (KCET),E (Everyone)
videogame/videogames.yahoo.com/psp_burnout-legends.html,EA,Criterion Studios,E10+
videogame/videogames.yahoo.com/gc_pn03.html,Capcom,"Capcom Co., Ltd.",T (Teen)
videogame/videogames.yahoo.com/psp_the-godfather-mob-wars.html,EA,EA Redwood Shores,M (Mature)
videogame/videogames.yahoo.com/gc_dragon-ball-z-budokai-2.html,Atari,Dimps,T (Teen)
videogame/videogames.yahoo.com/gc_bratz-formal-funk-canceled.html,Ubisoft Entertainment,Ubi Soft Entertainment,E (Everyone)
videogame/videogames.yahoo.com/gc_ncaa-football-2005.html,EA,EA Games,E (Everyone)
videogame/videogames.yahoo.com/gc_pokemon-colosseum-bonus-disc.html,Nintendo,Nintendo,E
videogame/videogames.yahoo.com/gc_rocky.html,Ubisoft Entertainment,Steel Monkeys,T (Teen)
videogame/videogames.yahoo.com/gc_def-jam-vendetta.html,EA Sports Big,AKI Corporation,T (Teen)
videogame/videogames.yahoo.com/gc_defender.html,Midway,"Inevitable Entertainment, Inc.",T (Teen)
videogame/videogames.yahoo.com/gc_nfl-blitz-pro.html,Midway,Midway Home Entertainment,E (Everyone)
videogame/videogames.yahoo.com/gc_mega-man-x-command-mission.html,Capcom,"Capcom Co., Ltd.",E (Everyone)
videogame/videogames.yahoo.com/psp_downstream-panic.html,Atari,Eko System,E10+
videogame/videogames.yahoo.com/psp_dt-racer-refueled.html,,Axis Entertainment,RP
videogame/videogames.yahoo.com/gc_shadow-the-hedgehog.html,Sega,Sega Studio USA,T (Teen)
videogame/videogames.yahoo.com/psp_test-drive-unlimited.html,Atari,Eden Studios,EC (Early Childhood)
videogame/videogames.yahoo.com/psp_gurumin-a-monstrous-adventure.html,,"Big Fish Games, LLC",E10+
videogame/videogames.yahoo.com/psp_final-fantasy-ii.html,,Square Enix,T (Teen)
videogame/videogames.yahoo.com/gc_ultimate-muscle-legends-vs-new-generation.html,"Bandai America, Inc.",AKI Corporation,T (Teen)
videogame/videogames.yahoo.com/psp_the-warriors.html,,Rockstar Leeds,M (Mature)
videogame/videogames.yahoo.com/psp_peter-jacksons-king-kong-the-official-game-of-the-movie.html,Ubisoft Entertainment,Phoenix Interactive,T (Teen)
videogame/videogames.yahoo.com/gc_ncaa-football-2004.html,EA,EA Tiburon,E (Everyone)
videogame/videogames.yahoo.com/gc_drome-racers.html,EA,Attention To Detail Limited,E (Everyone)
videogame/videogames.yahoo.com/psp_luxor-wrath-of-set.html,,Mumbo Jumbo,E (Everyone)
videogame/videogames.yahoo.com/psp_crisis-core-final-fantasy-vii.html,Square Enix USA,"Square Enix Co., Ltd.",T (Teen)
videogame/videogames.yahoo.com/psp_advent-shadow-canceled.html,"Majesco Sales, Inc.",Full Fat,
videogame/videogames.yahoo.com/gc_burnout.html,Acclaim,Criterion Studios,E (Everyone)
videogame/videogames.yahoo.com/gc_gun.html,Activision,Neversoft Entertainment,M (Mature)
videogame/videogames.yahoo.com/gc_nfl-qb-club-2002.html,Acclaim,Acclaim Studios Austin,E (Everyone)
videogame/videogames.yahoo.com/gc_spiderman.html,Activision,"Treyarch Invention, LLC",E (Everyone)
videogame/videogames.yahoo.com/psp_mx-vs-atv-untamed.html,,Tantalus,E (Everyone)
videogame/videogames.yahoo.com/gc_harvest-moon-another-wonderful-life.html,Natsume Inc.,Natsume Inc.,E (Everyone)
videogame/videogames.yahoo.com/psp_kingdom-of-paradise.html,Sony,Climax Group,T (Teen)
videogame/videogames.yahoo.com/gc_haven-call-of-the-king-canceled.html,"Xicat Interactive, Ltd.",Traveller's Tales,T
videogame/videogames.yahoo.com/psp_transformers-the-game.html,,Savage Entertainment,EC (Early Childhood)
videogame/videogames.yahoo.com/gc_the-spongebob-squarepants-movie.html,THQ,Heavy Iron Studios,RP (Rating Pending)
videogame/videogames.yahoo.com/psp_activision-hits-remixed.html,Activision,Digital Eclipse Software,E (Everyone)
videogame/videogames.yahoo.com/gc_street-hoops.html,Activision,"Black Ops Entertainment, Inc.",T (Teen)
videogame/videogames.yahoo.com/gc_shrek-extra-large.html,TDK Mediactive,Digital Illusions CE AB,T (Teen)
videogame/videogames.yahoo.com/gc_lego-star-wars-ii-the-original-trilogy.html,Lucas Arts,Traveller's Tales,E10+
videogame/videogames.yahoo.com/gc_disneys-chicken-little.html,Buena Vista Games Inc.,Avalanche Software,E10+
videogame/videogames.yahoo.com/gc_resident-evil--code-veronica-x.html,Capcom,Capcom Production Studio 3,M (Mature)
videogame/videogames.yahoo.com/psp_cabelas-legendary-adventures.html,Activision,TBA,T (Teen)
videogame/videogames.yahoo.com/psp_ford-bold-moves-street-racing.html,Eidos Interactive,Eidos Interactive,E (Everyone)
videogame/videogames.yahoo.com/gc_odama-with-microphone.html,Nintendo,Vivarium,RP (Rating Pending)
videogame/videogames.yahoo.com/gc_disneys-the-haunted-mansion.html,TDK Mediactive,"High Voltage Software, Inc.",T (Teen)
videogame/videogames.yahoo.com/psp_cabelas-african-safari.html,Activision,Activision Value Publishing Inc.,T (Teen)
videogame/videogames.yahoo.com/gc_resident-evil-4.html,Capcom,Capcom Production Studio 4,M (Mature)
videogame/videogames.yahoo.com/gc_espionage-canceled.html,Midway,Midway Games,
videogame/videogames.yahoo.com/gc_hot-wheels-world-race.html,THQ,Climax Group,E (Everyone)
videogame/videogames.yahoo.com/psp_napoleon-dynamite.html,Crave,7 Studios,E10+
videogame/videogames.yahoo.com/gc_call-of-duty-finest-hour.html,Activision,Spark Unlimited,T (Teen)
videogame/videogames.yahoo.com/psp_spiderman-3.html,,Vicarious Visions,T (Teen)
videogame/videogames.yahoo.com/gc_the-polar-express.html,THQ,"THQ, Inc.",RP (Rating Pending)
videogame/videogames.yahoo.com/gc_ikaruga.html,Infogrames,Treasure,E
videogame/videogames.yahoo.com/psp_call-of-duty-3.html,Activision,"Treyarch Invention, LLC",
videogame/videogames.yahoo.com/gc_shox.html,EA,Electronic Arts,E (Everyone)
videogame/videogames.yahoo.com/gc_rayman-arena.html,Ubisoft Entertainment,Ubisoft Entertainment SA,E (Everyone)
videogame/videogames.yahoo.com/gc_wwe-day-of-reckoning-2.html,THQ,Yuke's Co. Ltd.,T (Teen)
videogame/videogames.yahoo.com/gc_tiger-woods-pga-tour-06.html,EA,EA Sports,E (Everyone)
videogame/videogames.yahoo.com/gc_espn-international-winter-sports-2002.html,Konami,Konami Computer Entertainment Osaka (KCEO),E (Everyone)
videogame/videogames.yahoo.com/gc_crushed-baseball-2004.html,BAM! Entertainment,Adrenium Games,
videogame/videogames.yahoo.com/gc_freestyle-street-soccer.html,AKA Acclaim,Silicon Dreams Studio Ltd.,T (Teen)
videogame/videogames.yahoo.com/gc_happy-feet.html,Midway,A2M (Artificial Mind and Movement),E (Everyone)
videogame/videogames.yahoo.com/psp_taito-legends-powerup.html,Destineer,Taito,E (Everyone)
videogame/videogames.yahoo.com/psp_traxion-canceled.html,Lucas Arts,Kuju Entertainment Ltd.,RP
videogame/videogames.yahoo.com/gc_the-incredibles.html,THQ,"THQ, Inc.",T (Teen)
videogame/videogames.yahoo.com/gc_cabelas-outdoor-adventures.html,Activision,Fun Labs,T (Teen)
videogame/videogames.yahoo.com/psp_aedis-eclipse-generation-of-chaos.html,,Never-Land Company,E10+
videogame/videogames.yahoo.com/gc_bratz-rock-angelz.html,THQ,Blitz Games,E (Everyone)
videogame/videogames.yahoo.com/gc_the-sum-of-all-fears.html,Ubisoft Entertainment,Ubisoft Shanghai,T (Teen)
videogame/videogames.yahoo.com/gc_geist.html,Nintendo,"n-Space, Inc.",E (Everyone)
videogame/videogames.yahoo.com/psp_need-for-speed-undercover.html,EA,Black Box,T (Teen)
videogame/videogames.yahoo.com/gc_nicktoons-unite.html,THQ,Blue Tongue Entertainment Limited,E (Everyone)
videogame/videogames.yahoo.com/gc_mario-party-6-with-microphone.html,Nintendo,"Hudson Soft Co., Ltd.",E (Everyone)
videogame/videogames.yahoo.com/gc_medal-of-honor-rising-sun.html,EA,Electronic Arts Los Angeles,T (Teen)
videogame/videogames.yahoo.com/gc_red-faction-ii.html,THQ,Cranky Pants Games,M (Mature)
videogame/videogames.yahoo.com/psp_space-invaders-extreme.html,Taito,Taito,E (Everyone)
videogame/videogames.yahoo.com/gc_charlies-angels.html,Ubisoft Entertainment,NEKO Entertainment,T (Teen)
videogame/videogames.yahoo.com/psp_steel-horizon.html,Konami,Konami,E10+
videogame/videogames.yahoo.com/gc_evolution-skateboarding.html,Konami,Konami Computer Entertainment Osaka (KCEO),T (Teen)
videogame/videogames.yahoo.com/gc_hitman-2-silent-assassin.html,Eidos Interactive,IO Interactive,M (Mature)
videogame/videogames.yahoo.com/gc_ty-the-tasmanian-tiger-3-night-of-the-quinkan.html,Activision,Krome Studios,E10+
videogame/videogames.yahoo.com/psp_greg-hastings-tournament-paintball-maxd-canceled.html,Activision,,E10+
videogame/videogames.yahoo.com/psp_cash-guns-chaos-canceled.html,Sony Online Entertainment,Sony Online Entertainment,M (Mature)
videogame/videogames.yahoo.com/gc_sphinx-and-the-cursed-mummy.html,THQ,Eurocom Developments Ltd.,T (Teen)
videogame/videogames.yahoo.com/gc_worms-blast.html,Ubisoft Entertainment,Team 17,E (Everyone)
videogame/videogames.yahoo.com/gc_wwe-day-of-reckoning.html,THQ,Yuke's Co. Ltd.,T (Teen)
videogame/videogames.yahoo.com/psp_dungeon-maker-ii-the-hidden-war.html,,Global A Entertainment,T
videogame/videogames.yahoo.com/gc_the-grim-adventures-of-billy--mandy.html,Midway,High Voltage Software,E10+
videogame/videogames.yahoo.com/gc_radio-allergy-canceled.html,,MileStone (JP),E (Everyone)
videogame/videogames.yahoo.com/gc_top-angler-real-bass-fishing.html,Xicat Interactive,Sims,E
videogame/videogames.yahoo.com/psp_pimp-my-ride.html,Activision,*TBA,T (Teen)
videogame/videogames.yahoo.com/psp_dt-racer.html,XS Games,,E
videogame/videogames.yahoo.com/psp_ultimate-ghosts-n-goblins.html,Capcom,"Capcom Co., Ltd.",M (Mature)
videogame/videogames.yahoo.com/psp_godzilla-unleashed-canceled.html,,Pipeworks Software,RP
videogame/videogames.yahoo.com/gc_xmen-the-official-game.html,Activision,"Z-AXIS, Ltd.",T (Teen)
videogame/videogames.yahoo.com/psp_hot-pixel.html,Atari,zSlide,T (Teen)
videogame/videogames.yahoo.com/psp_the-sims-2-pets.html,EA,EA Canada - Team Fusion,T (Teen)
videogame/videogames.yahoo.com/psp_swat-target-liberty.html,,3G Studios,T (Teen)
videogame/videogames.yahoo.com/gc_18wheeler-american-pro-trucker.html,Acclaim,AM2,E (Everyone)
videogame/videogames.yahoo.com/psp_the-fast-and-the-furious.html,"Namco Bandai Games America, Inc.",Glu Mobile,T (Teen)
videogame/videogames.yahoo.com/psp_mach-modified-air-combat-heroes.html,Vivendi Universal,"1st Playable Productions, LLC",E10+
videogame/videogames.yahoo.com/psp_pirates-of-the-caribbean-at-worlds-end.html,,Eurocom,T (Teen)
videogame/videogames.yahoo.com/gc_the-sims.html,EA,EA Games,T (Teen)
videogame/videogames.yahoo.com/gc_shrek-super-party.html,TDK Mediactive,Mass Media Inc.,E (Everyone)
videogame/videogames.yahoo.com/psp_spiderman-2.html,Activision,"Vicarious Visions, Inc.",T (Teen)
videogame/videogames.yahoo.com/psp_jeanne-darc.html,,Level-5,T (Teen)
videogame/videogames.yahoo.com/gc_final-fantasy-crystal-chronicles.html,Nintendo,"Square Enix Co., Ltd.",RP (Rating Pending)
videogame/videogames.yahoo.com/psp_hot-shots-golf-open-tee-2.html,Sony,Clap Hanz,E (Everyone)
videogame/videogames.yahoo.com/psp_cube.html,,Metia Interactive,E (Everyone)
videogame/videogames.yahoo.com/gc_army-men-rts.html,Global Star,Pandemic Studios,T (Teen)
videogame/videogames.yahoo.com/gc_road-trip-the-arcade-edition.html,Conspiracy Entertainment Corporation,"Takara Co., Ltd.",E (Everyone)
videogame/videogames.yahoo.com/gc_freestyle-metalx.html,Midway,Blitz Games,T (Teen)
videogame/videogames.yahoo.com/psp_ncaa-football-07.html,EA,EA Sports,E (Everyone)
videogame/videogames.yahoo.com/psp_ridge-racer.html,"Namco Bandai Games America, Inc.",Namco,E (Everyone)
videogame/videogames.yahoo.com/gc_world-series-of-poker.html,Activision,Left Field Productions,E10+
videogame/videogames.yahoo.com/psp_rush.html,,Midway Home Entertainment,T (Teen)
videogame/videogames.yahoo.com/psp_heroes-of-the-pacific-canceled.html,,*TBA,T
videogame/videogames.yahoo.com/psp_justice-league-heroes.html,Warner Brothers Interactive,"Visual Applications, Inc.",T (Teen)
videogame/videogames.yahoo.com/psp_fifa-soccer-09.html,EA,EA Canada,E (Everyone)
videogame/videogames.yahoo.com/psp_crash-mind-over-mutant.html,Vivendi Universal,Radical Entertainment,E10+
videogame/videogames.yahoo.com/gc_harvest-moon-a-wonderful-life.html,Natsume Inc.,Natsume Inc.,RP (Rating Pending)
videogame/videogames.yahoo.com/psp_uefa-champions-league-20062007.html,,EA Canada,E (Everyone)
videogame/videogames.yahoo.com/gc_rave-master-international.html,Konami,"Konami Computer Entertainment Japan Co., Ltd.",T (Teen)
videogame/videogames.yahoo.com/psp_pq-practical-intelligence-quotient.html,D3Publisher of America,Now Production,E (Everyone)
videogame/videogames.yahoo.com/gc_wwe-wrestlemania-xix.html,THQ,Yuke's Co. Ltd.,T (Teen)
videogame/videogames.yahoo.com/gc_mvp-baseball-2004.html,EA,EA Canada,E (Everyone)
videogame/videogames.yahoo.com/gc_enter-the-matrix.html,Atari,"Shiny Entertainment, Inc.",T (Teen)
videogame/videogames.yahoo.com/gc_legends-of-wrestling.html,Acclaim,"Acclaim Studios Salt Lake City, Inc.",T (Teen)
videogame/videogames.yahoo.com/gc_the-scorpion-king-rise-of-the-akkadian.html,Universal Interactive,"Point of View, Inc.",T (Teen)
videogame/videogames.yahoo.com/psp_puzzle-guzzle.html,Agetec,Irem Software Engineering,E (Everyone)
videogame/videogames.yahoo.com/gc_dinotopia-the-sunstone-odyssey.html,TDK Mediactive,"Vicious Cycle Software, Inc.",T (Teen)
videogame/videogames.yahoo.com/psp_the-legend-of-heroes-iii-song-of-the-ocean.html,,Microvision,E10+
videogame/videogames.yahoo.com/psp_brothers-in-arms-dday.html,Ubisoft Entertainment,Ubisoft Shanghai,M (Mature)
videogame/videogames.yahoo.com/psp_tmnt.html,,Ubisoft Quebec City,E10+
videogame/videogames.yahoo.com/psp_grand-theft-auto-liberty-city-stories.html,Rockstar,Rockstar Leeds,M (Mature)
videogame/videogames.yahoo.com/gc_nba-live-2003.html,EA,EA Canada,E (Everyone)
videogame/videogames.yahoo.com/psp_hannspree-ten-kate-honda-sbk-superbike-world-championship.html,,Milestone,E10+
videogame/videogames.yahoo.com/gc_fifa-street-2.html,EA Sports Big,EA Canada,E (Everyone)
videogame/videogames.yahoo.com/gc_dora-the-explorer-journey-to-the-purple-planet.html,Global Star,Monkey Bar Games,EC (Early Childhood)
videogame/videogames.yahoo.com/gc_judge-dredd-dredd-vs-death.html,Evolved Games,(Not Specified),M (Mature)
videogame/videogames.yahoo.com/gc_nhl-hitz-pro.html,Midway,Next Level Games,E (Everyone)
videogame/videogames.yahoo.com/psp_fifa-soccer-07.html,EA,,E (Everyone)
videogame/videogames.yahoo.com/psp_mega-man-maverick-hunter-x.html,Capcom,Capcom,E10+
videogame/videogames.yahoo.com/gc_outlaw-golf.html,Simon & Schuster,"Hypnotix, Inc.",T (Teen)
videogame/videogames.yahoo.com/psp_ncaa-football-09.html,EA,EA Canada - Team Fusion,E (Everyone)
videogame/videogames.yahoo.com/gc_tube-slider.html,"NEC Interchannel, Ltd.","NDCUBE Co., Ltd.",E (Everyone)
videogame/videogames.yahoo.com/gc_jacked-canceled.html,3DO,The 3DO Company,T (Teen)
videogame/videogames.yahoo.com/gc_batman-rise-of-sin-tzu-lithograph-commemorative-edition.html,Ubisoft Entertainment,Ubisoft Montreal,T (Teen)
videogame/videogames.yahoo.com/gc_wta-tour-tennis.html,Konami,Konami Computer Entertainment Osaka (KCEO),E (Everyone)
videogame/videogames.yahoo.com/psp_toca-race-driver-2-the-ultimate-racing-simulator.html,Codemasters,Codemasters USA,
videogame/videogames.yahoo.com/gc_nba-street.html,EA Sports Big,"NuFX, Inc.",E (Everyone)
videogame/videogames.yahoo.com/psp_crash-of-the-titans.html,,SuperVillain Studios,E10+
videogame/videogames.yahoo.com/psp_fifa-soccer-08.html,EA,EA Canada,E (Everyone)
videogame/videogames.yahoo.com/gc_the-movies-canceled.html,Activision,"Activision, Inc.",RP (Rating Pending)
videogame/videogames.yahoo.com/psp_outrun-2006-coast-2-coast.html,Sega,Sumo Digital,E (Everyone)
videogame/videogames.yahoo.com/gc_backyard-baseball-2007.html,Humongous Entertainment,Humongous Entertainment,E (Everyone)
videogame/videogames.yahoo.com/psp_madden-nfl-2006.html,EA,EA Tiburon,E (Everyone)
videogame/videogames.yahoo.com/psp_monster-hunter-freedom-2.html,,Capcom Production Studio 1,T (Teen)
videogame/videogames.yahoo.com/gc_karaoke-revolution-party-bundle.html,Konami,"Harmonix Music Systems, Inc.",E10+
videogame/videogames.yahoo.com/psp_payout-poker-and-casino.html,"Namco Bandai Games America, Inc.",BITS Studios,T (Teen)
videogame/videogames.yahoo.com/gc_fireblade.html,Midway,Kuju Entertainment Ltd.,T (Teen)
videogame/videogames.yahoo.com/psp_the-legend-of-heroes-ii-prophecy-of-the-moonlight-witch.html,"Namco Bandai Games America, Inc.",Falcom,E10+
videogame/videogames.yahoo.com/psp_pocket-racers.html,Konami,Blade Interactive,E (Everyone)
videogame/videogames.yahoo.com/gc_american-idol.html,Codemasters,Codemasters,
videogame/videogames.yahoo.com/gc_mtv-celebrity-deathmatch-canceled.html,Gotham Games,In Images,M (Mature)
videogame/videogames.yahoo.com/gc_go-go-hypergrind.html,"Atlus U.S.A., Inc.",Team Poponchi,T (Teen)
videogame/videogames.yahoo.com/gc_ssx-tricky.html,EA Sports Big,EA Canada,E (Everyone)
videogame/videogames.yahoo.com/psp_the-chronicles-of-narnia-the-lion-the-witch-and-the-wardrobe-canceled.html,Buena Vista Games Inc.,Traveller's Tales,RP
videogame/videogames.yahoo.com/gc_the-legend-of-zelda-four-swords-adventures.html,Nintendo,Nintendo Co. Ltd.,E (Everyone)
videogame/videogames.yahoo.com/gc_paper-mario-the-thousandyear-door.html,Nintendo,Intelligent Systems,E (Everyone)
videogame/videogames.yahoo.com/psp_smash-court-tennis-3.html,,Namco,E (Everyone)
videogame/videogames.yahoo.com/psp_metal-gear-solid-portable-ops-plus.html,,Kojima Productions,T (Teen)
videogame/videogames.yahoo.com/gc_nba-street-vol-3.html,EA Sports Big,EA Canada,E (Everyone)
videogame/videogames.yahoo.com/psp_shrek-smash-n-crash-racing.html,Activision,Torus Games,E (Everyone)
videogame/videogames.yahoo.com/gc_spyro-enter-the-dragonfly.html,Universal Interactive,Equinoxe Digital Entertainment,E (Everyone)
videogame/videogames.yahoo.com/psp_beowulf-the-game.html,,Ubisoft Tiwak,M (Mature)
videogame/videogames.yahoo.com/gc_ncaa-college-football-2k3.html,Sega,Avalanche Software,E (Everyone)
videogame/videogames.yahoo.com/gc_spongebob-squarepants-lights-camera-pants.html,THQ,THQ Studio Australia,E (Everyone)
videogame/videogames.yahoo.com/gc_carmen-sandiego-the-secret-of-the-stolen-drums.html,BAM! Entertainment,Artificial Mind and Movement,E (Everyone)
videogame/videogames.yahoo.com/psp_the-lord-of-the-rings-tactics.html,EA,EA Games,T (Teen)
videogame/videogames.yahoo.com/gc_1080-avalanche.html,Nintendo,Nintendo Software Technology Corporation,E (Everyone)
videogame/videogames.yahoo.com/gc_nfl-2k3.html,Sega,Visual Concepts,E (Everyone)
videogame/videogames.yahoo.com/psp_lumines.html,Ubisoft Entertainment,Q Entertainment,E10+
videogame/videogames.yahoo.com/gc_auto-modellista.html,Capcom,"Capcom Co., Ltd.",E (Everyone)
videogame/videogames.yahoo.com/psp_project-s.html,Sega,Sonic Team,
videogame/videogames.yahoo.com/gc_virtua-quest.html,Sega,AM2,T (Teen)
videogame/videogames.yahoo.com/gc_the-chronicles-of-narnia-the-lion-the-witch-and-the-wardrobe.html,Buena Vista Games Inc.,Traveller's Tales,T (Teen)
videogame/videogames.yahoo.com/psp_dead-to-rights-reckoning.html,"Namco Bandai Games America, Inc.",Rebellion,M (Mature)
videogame/videogames.yahoo.com/psp_pq2-practical-intelligence-quotient-2.html,,Now Production,E (Everyone)
videogame/videogames.yahoo.com/psp_socom-us-navy-seals--fireteam-bravo.html,Sony,Zipper Interactive,M (Mature)
videogame/videogames.yahoo.com/gc_fight-night-round-2.html,EA,EA Canada,T (Teen)
videogame/videogames.yahoo.com/psp_metal-gear-acd-2.html,Konami,"Konami Computer Entertainment Japan Co., Ltd.",M (Mature)
videogame/videogames.yahoo.com/gc_tony-hawks-underground.html,Activision,Neversoft Entertainment,T (Teen)
videogame/videogames.yahoo.com/psp_fifa-soccer-06.html,EA,EA Canada,E (Everyone)
videogame/videogames.yahoo.com/psp_dragoneers-aria.html,,Hitmaker,E10+
videogame/videogames.yahoo.com/gc_curious-george.html,"Namco Bandai Games America, Inc.",Monkey Bar Games,E (Everyone)
videogame/videogames.yahoo.com/psp_ghost-rider.html,2K Games,Climax Group,T (Teen)
videogame/videogames.yahoo.com/psp_metal-gear-acd.html,Konami,"Konami Computer Entertainment Japan Co., Ltd.",M (Mature)
videogame/videogames.yahoo.com/gc_smugglers-run-warzones.html,Rockstar,Angel Studios,T (Teen)
videogame/videogames.yahoo.com/gc_phantasy-star-online-episode-iii-card-revolution.html,Sega,Sonic Team,T (Teen)
videogame/videogames.yahoo.com/psp_tekken-dark-resurrection.html,"Namco Bandai Games America, Inc.",Namco,T (Teen)
videogame/videogames.yahoo.com/gc_battlebots-canceled.html,THQ,"THQ, Inc.",T (Teen)
videogame/videogames.yahoo.com/gc_mario-party-4.html,Nintendo,Nintendo Co. Ltd.,E (Everyone)
videogame/videogames.yahoo.com/gc_tiger-woods-pga-tour-2003.html,EA,Electronic Arts,E (Everyone)
videogame/videogames.yahoo.com/gc_def-jam-vendetta-ii.html,EA,AKI Corporation,RP (Rating Pending)
videogame/videogames.yahoo.com/gc_beyond-good--evil.html,Ubisoft Entertainment,Ubisoft Entertainment SA,T (Teen)
videogame/videogames.yahoo.com/gc_future-tactics-the-uprising.html,Zane Publishing,Craftgold Software,T (Teen)
videogame/videogames.yahoo.com/psp_chili-con-carnage.html,RedOctane,Eidos Interactive,M (Mature)
videogame/videogames.yahoo.com/psp_the-con.html,Sony,Think and Feel Inc.,T (Teen)
videogame/videogames.yahoo.com/gc_top-angler-ii.html,"Xicat Interactive, Ltd.","Sims Co., Ltd.",E
videogame/videogames.yahoo.com/gc_nhl-hitz-2003.html,,,
videogame/videogames.yahoo.com/gc_monster-house.html,THQ,Artificial Mind and Movement,T (Teen)
videogame/videogames.yahoo.com/gc_mario-party-5.html,Nintendo,Nintendo Co. Ltd.,E (Everyone)
videogame/videogames.yahoo.com/gc_metroid-prime.html,Nintendo,Retro Studios,T (Teen)
videogame/videogames.yahoo.com/psp_spiderman-friend-or-foe.html,,A2M (Artificial Mind and Movement),E10+
videogame/videogames.yahoo.com/gc_harry-potter-and-the-prisoner-of-azkaban.html,EA,EA UK,E (Everyone)
videogame/videogames.yahoo.com/psp_100-bullets.html,D3 Publisher,*TBA,RP
videogame/videogames.yahoo.com/psp_tom-clancys-splinter-cell-essentials.html,Ubisoft Entertainment,Ubisoft Montreal,M (Mature)
videogame/videogames.yahoo.com/psp_brave-a-warriors-tale.html,SouthPeak Games,Collision Studios,E10+
videogame/videogames.yahoo.com/psp_darkstalkers-chronicle-the-chaos-tower.html,Capcom,Capcom Production Studio 5,T (Teen)
videogame/videogames.yahoo.com/gc_rave-master-special-attack-force.html,Konami,"Konami Computer Entertainment Japan Co., Ltd.",T (Teen)
videogame/videogames.yahoo.com/gc_harry-potter-and-the-sorcerers-stone.html,EA,EA UK,E (Everyone)
videogame/videogames.yahoo.com/psp_gish.html,,Chronic Logic,
videogame/videogames.yahoo.com/gc_wwe-crush-hour.html,THQ,Pacific Coast Power & Light Co.,T (Teen)
videogame/videogames.yahoo.com/gc_wallace--gromit-in-project-zoo.html,BAM! Entertainment,Frontier Developments Ltd.,E (Everyone)
videogame/videogames.yahoo.com/gc_disneys-donald-duck-goin-quackers.html,Ubisoft Entertainment,Ubisoft Entertainment SA,E (Everyone)
videogame/videogames.yahoo.com/gc_tony-hawks-underground-2.html,Activision,Neversoft Entertainment,T (Teen)
videogame/videogames.yahoo.com/gc_mega-man-anniversary-collection.html,Capcom,"Capcom Co., Ltd.",E (Everyone)
videogame/videogames.yahoo.com/gc_dead-to-rights.html,"Namco Bandai Games America, Inc.","Namco Hometek, Inc.",M (Mature)
videogame/videogames.yahoo.com/psp_traxxpad.html,,Definitive Studios,E10+
videogame/videogames.yahoo.com/psp_eragon.html,Vivendi Universal,Amaze Entertainment,T (Teen)
videogame/videogames.yahoo.com/gc_james-bond-007-everything-or-nothing.html,EA,EA Redwood Shores,T (Teen)
videogame/videogames.yahoo.com/gc_monster-jam-maximum-destruction.html,Ubisoft Entertainment,Ubisoft Entertainment SA,T (Teen)
videogame/videogames.yahoo.com/gc_digimon-world-4.html,"Bandai America, Inc.","Bandai Co., Ltd.",E (Everyone)
videogame/videogames.yahoo.com/gc_scaler.html,Global Star,Artificial Mind and Movement,E (Everyone)
videogame/videogames.yahoo.com/gc_luigis-mansion.html,Nintendo,Nintendo Co. Ltd.,E (Everyone)
videogame/videogames.yahoo.com/gc_killer7.html,Capcom,Capcom Production Studio 4,RP (Rating Pending)
videogame/videogames.yahoo.com/gc_buffy-the-vampire-slayer-chaos-bleeds.html,Vivendi Universal,Eurocom Developments Ltd.,T (Teen)
videogame/videogames.yahoo.com/psp_cid-the-dummy.html,,Twelve Interactive,RP
videogame/videogames.yahoo.com/gc_toxic-grind.html,THQ,Blue Shift,
videogame/videogames.yahoo.com/gc_xmen-legends.html,Activision,Raven Software,T (Teen)
videogame/videogames.yahoo.com/gc_tiger-woods-pga-tour-2004.html,EA,EA Pacific,E (Everyone)
videogame/videogames.yahoo.com/psp_earthworm-jim-canceled.html,Atari,"Shiny Entertainment, Inc.",
videogame/videogames.yahoo.com/gc_spy-hunter-2.html,Midway,Midway Home Entertainment,T (Teen)
videogame/videogames.yahoo.com/psp_silent-hill-origins.html,Konami,Climax Studios,M (Mature)
videogame/videogames.yahoo.com/gc_family-guy-canceled.html,2K Games,"High Voltage Software, Inc.",
videogame/videogames.yahoo.com/gc_r-racing-evolution.html,"Namco Bandai Games America, Inc.",Namco Ltd.,T (Teen)
videogame/videogames.yahoo.com/gc_wave-race-blue-storm.html,Nintendo,Nintendo Software Technology Corporation,E (Everyone)
videogame/videogames.yahoo.com/psp_spongebob-squarepants-the-yellow-avenger.html,THQ,Tantalus Interactive,E (Everyone)
videogame/videogames.yahoo.com/psp_cabelas-alaskan-adventures-canceled.html,Activision,,T (Teen)
videogame/videogames.yahoo.com/gc_star-wars-the-clone-wars.html,Lucas Arts,Pandemic Studios,T (Teen)
videogame/videogames.yahoo.com/psp_avatar-the-last-airbender.html,THQ,THQ Studio Australia (Studio Oz),E10+
videogame/videogames.yahoo.com/gc_barnyard.html,THQ,Blue Tongue Entertainment Limited,E10+
videogame/videogames.yahoo.com/psp_warriors-of-the-lost-empire.html,,Goshow,T (Teen)
videogame/videogames.yahoo.com/gc_pacman-world-2.html,"Namco Bandai Games America, Inc.",Namco Ltd.,E (Everyone)
videogame/videogames.yahoo.com/gc_allstar-baseball-2002.html,Acclaim,Acclaim Studios Austin,E (Everyone)
videogame/videogames.yahoo.com/psp_bomberman.html,"Konami Digital Entertainment, Inc. (KDEI)","Konami Digital Entertainment, Inc. (KDEI)",T (Teen)
videogame/videogames.yahoo.com/gc_backyard-basketball-2007-canceled.html,Atari,Humongous,E (Everyone)
videogame/videogames.yahoo.com/gc_micro-machines-canceled.html,Atari,Infogrames Sheffield House,E (Everyone)
videogame/videogames.yahoo.com/gc_universal-studios-theme-park-adventure.html,Kemco,"NAI'A Digital Works Co., Ltd.",T (Teen)
videogame/videogames.yahoo.com/psp_frogger-helmet-chaos.html,Xseed Games,"Konami Digital Entertainment, Inc. (KDEI)",E (Everyone)
videogame/videogames.yahoo.com/psp_madden-nfl-08.html,EA,Tiburon,E (Everyone)
videogame/videogames.yahoo.com/gc_red-card-2003.html,Midway,"Point of View, Inc.",E (Everyone)
videogame/videogames.yahoo.com/gc_sergeant-cruise.html,Titus,Titus Software Corp.,T
videogame/videogames.yahoo.com/psp_dragon-ball-z-shin-budokai.html,Atari,Dimps,T (Teen)
videogame/videogames.yahoo.com/gc_big-air-freestyle.html,Infogrames,"Paradigm Entertainment, Inc.",T (Teen)
videogame/videogames.yahoo.com/psp_snoopy-vs-the-red-baron.html,"Namco Bandai Games America, Inc.","Namco Hometek, Inc.",E10+
videogame/videogames.yahoo.com/gc_goldeneye-rogue-agent.html,EA,Electronic Arts Los Angeles,T (Teen)
videogame/videogames.yahoo.com/gc_mario-golf-toadstool-tour-target-bullseye-tour-included--exclusive-version.html,Nintendo,Camelot Software Planning,E
videogame/videogames.yahoo.com/psp_metal-gear-solid-portable-ops.html,Konami,Kojima Productions,M (Mature)
videogame/videogames.yahoo.com/gc_dragon-ball-z-sagas.html,Atari,Avalanche Software,T (Teen)
videogame/videogames.yahoo.com/psp_gitaroo-man-lives.html,KOEI Corporation,Inis,E (Everyone)
videogame/videogames.yahoo.com/gc_2002-fifa-world-cup.html,EA,EA Canada,E (Everyone)
videogame/videogames.yahoo.com/psp_astonishia-story.html,Ubisoft Entertainment,Sonnori,E10+
videogame/videogames.yahoo.com/psp_pinball-hall-of-fame-the-williams-collection.html,Crave,FarSight Studios,E10+
videogame/videogames.yahoo.com/psp_manhunt-2.html,,Rockstar Leeds,M (Mature)
videogame/videogames.yahoo.com/gc_freedom-fighters.html,EA,IO Interactive,T (Teen)
videogame/videogames.yahoo.com/gc_nascar-2005-chase-for-the-cup.html,Capcom,Ready At Dawn Studios,T (Teen)
videogame/videogames.yahoo.com/psp_coded-arms-contagion.html,Konami,Creat Studio,T (Teen)
videogame/videogames.yahoo.com/psp_n-.html,,SilverBirch Studios,E (Everyone)
videogame/videogames.yahoo.com/gc_smashing-drive.html,"Namco Bandai Games America, Inc.","Point of View, Inc.",T (Teen)
videogame/videogames.yahoo.com/psp_yugioh-gx-tag-force-2.html,Konami,Konami JPN (KCEJ),E (Everyone)
videogame/videogames.yahoo.com/psp_prince-of-persia-revelations.html,Ubisoft Entertainment,"Pipeworks Software, Inc.",M (Mature)
videogame/videogames.yahoo.com/gc_the-incredibles-rise-of-the-underminer.html,THQ,Heavy Iron Studios,E10+
videogame/videogames.yahoo.com/gc_mario-golf-toadstool-tour.html,Nintendo,"Nintendo of America, Inc.",E (Everyone)
videogame/videogames.yahoo.com/gc_galidor-defenders-of-the-outer-dimension-canceled.html,EA,Asylum Entertainment,E (Everyone)
videogame/videogames.yahoo.com/psp_motogp.html,"Namco Bandai Games America, Inc.","Namco Bandai Games America, Inc.",E (Everyone)
videogame/videogames.yahoo.com/psp_gun-showdown.html,Activision,Rebellion,M (Mature)
videogame/videogames.yahoo.com/psp_biker-mice-from-mars.html,Game Factory,,RP
videogame/videogames.yahoo.com/psp_wwe-smackdown-vs-raw-2009-featuring-ecw.html,,Yuke's Media Creations,T (Teen)
videogame/videogames.yahoo.com/psp_exit.html,Ubisoft Entertainment,Taito Corporation,E (Everyone)
videogame/videogames.yahoo.com/psp_gretzky-nhl.html,Sony,"Page 44 Studios, LLC",E (Everyone)
videogame/videogames.yahoo.com/gc_enclave.html,Conspiracy Entertainment,Starbreeze AB,
videogame/videogames.yahoo.com/gc_narc.html,Midway,VIS entertainment plc,M (Mature)
videogame/videogames.yahoo.com/gc_animal-crossing.html,Nintendo,Nintendo Co. Ltd.,E (Everyone)
videogame/videogames.yahoo.com/gc_4x4-evo-2.html,Capcom,Ready At Dawn Studios,T (Teen)
videogame/videogames.yahoo.com/gc_allstar-baseball-2003.html,Acclaim,Acclaim Studios Austin,E (Everyone)
videogame/videogames.yahoo.com/gc_viewtiful-joe-2.html,Capcom,Clover Studio,RP (Rating Pending)
videogame/videogames.yahoo.com/gc_world-championship-poker-canceled.html,Crave,Craftgold Software,E (Everyone)
videogame/videogames.yahoo.com/gc_catwoman.html,EA,EA Games,T (Teen)
videogame/videogames.yahoo.com/gc_atv-quad-power-racing-2.html,AKA Acclaim,Climax Group,E (Everyone)
videogame/videogames.yahoo.com/psp_socom-us-navy-seals--tactical-strike.html,,Slant Six Games,T (Teen)
videogame/videogames.yahoo.com/gc_nintendo-gamecube-super-smash-bros-melee-bundle-set.html,Nintendo,"Nintendo of America, Inc.",
videogame/videogames.yahoo.com/psp_frantix.html,Sony Online Entertainment,Sony Online Entertainment,E (Everyone)
videogame/videogames.yahoo.com/gc_allstar-baseball-2004.html,Acclaim,Acclaim Studios Austin,E (Everyone)
videogame/videogames.yahoo.com/psp_snk-arcade-classics-vol-1.html,SNK Playmore,SNK,T (Teen)
videogame/videogames.yahoo.com/gc_phantasy-star-online-episode-i--ii.html,Sega,Sonic Team,T (Teen)
videogame/videogames.yahoo.com/gc_american-chopper-2-full-throttle.html,Activision,"Creat Studio, LLC",T (Teen)
videogame/videogames.yahoo.com/psp_world-series-of-poker-2008-battle-for-the-bracelets.html,,"Left Field Productions, Inc.",T (Teen)
videogame/videogames.yahoo.com/gc_pikmin-2.html,Nintendo,Nintendo Co. Ltd.,E (Everyone)
videogame/videogames.yahoo.com/gc_sonic-adventure-dx-directors-cut.html,Sega,Sonic Team,E (Everyone)
videogame/videogames.yahoo.com/psp_mercury-meltdown.html,Ignition Entertainment,Awesome Studios,E (Everyone)
videogame/videogames.yahoo.com/gc_nicktoons-battle-for-volcano-island.html,THQ,Blue Tongue,E (Everyone)
videogame/videogames.yahoo.com/gc_sonic-gems-collection.html,Sega,"Sega of America, Inc.",E (Everyone)
videogame/videogames.yahoo.com/gc_cubivore-survival-of-the-fittest.html,"Atlus U.S.A., Inc.","Saru Brunei Marigul Management, Inc.",E (Everyone)
videogame/videogames.yahoo.com/psp_parappa-the-rapper.html,,SCE Studios Japan,E (Everyone)
videogame/videogames.yahoo.com/gc_spongebob-squarepants-creature-from-the-krusty-krab.html,THQ,Blitz Games,E (Everyone)
videogame/videogames.yahoo.com/gc_the-lord-of-the-rings-the-third-age.html,EA,EA Redwood Shores,T (Teen)
videogame/videogames.yahoo.com/psp_mlb-07-the-show.html,Sony,SCE Studios San Diego,E (Everyone)
videogame/videogames.yahoo.com/psp_nba-ballers.html,Midway,Midway Home Entertainment,
videogame/videogames.yahoo.com/gc_beach-spikers.html,Sega,AM2,E (Everyone)
videogame/videogames.yahoo.com/gc_turok-evolution.html,Acclaim,Acclaim Studios Austin,M (Mature)
videogame/videogames.yahoo.com/gc_flushed-away.html,D3Publisher of America,Monkey Bar Games,E (Everyone)
videogame/videogames.yahoo.com/gc_pacman-world-rally.html,"Namco Bandai Games America, Inc.",Smart Bomb Interactive,E (Everyone)
videogame/videogames.yahoo.com/gc_fifa-soccer-2003.html,EA,EA Canada,E (Everyone)
videogame/videogames.yahoo.com/psp_bliss-island.html,Codemasters,PomPom,RP
videogame/videogames.yahoo.com/psp_xiaolin-showdown.html,Konami,BottleRocket Entertainment,E10+
videogame/videogames.yahoo.com/gc_darkened-skye.html,Simon & Schuster,Boston Animation,T (Teen)
videogame/videogames.yahoo.com/psp_virtua-tennis-world-tour.html,Sega,Sumo Digital,E (Everyone)
videogame/videogames.yahoo.com/psp_crazy-taxi-fare-wars.html,,Sniper Studios,E10+
videogame/videogames.yahoo.com/gc_little-league-baseball.html,NewKidCo,NewKidCo,
videogame/videogames.yahoo.com/gc_swingerz-golf.html,Eidos Interactive,Telenet Japan Co. Ltd.,E (Everyone)
videogame/videogames.yahoo.com/gc_gauntlet-dark-legacy.html,Midway,"Big Ape Productions, Inc.",T (Teen)
videogame/videogames.yahoo.com/psp_marvel-trading-card-game.html,Konami,Vicious Cycle,T (Teen)
videogame/videogames.yahoo.com/psp_the-bigs.html,2K Sports,Blue Castle Games,E
videogame/videogames.yahoo.com/psp_disgaea-afternoon-of-darkness.html,,NIS,T (Teen)
videogame/videogames.yahoo.com/psp_tom-clancys-endwar.html,,Funatics,T (Teen)
videogame/videogames.yahoo.com/psp_major-league-baseball-2k7.html,,Visual Concepts,E (Everyone)
videogame/videogames.yahoo.com/gc_starsky--hutch.html,Nintendo,Nintendo EAD Tokyo,E (Everyone)
videogame/videogames.yahoo.com/gc_trigger-man.html,Crave,"Point of View, Inc.",T (Teen)
videogame/videogames.yahoo.com/psp_harvey-birdman-attorney-at-law.html,,High Voltage Software,T (Teen)
videogame/videogames.yahoo.com/psp_world-poker-tour.html,2K Sports,Visual Concepts,E (Everyone)
videogame/videogames.yahoo.com/gc_prince-of-persia-warrior-within.html,Ubisoft Entertainment,Ubisoft Montreal,RP (Rating Pending)
videogame/videogames.yahoo.com/gc_baldurs-gate-dark-alliance.html,Interplay Entertainment,"High Voltage Software, Inc.",T (Teen)
videogame/videogames.yahoo.com/gc_fifa-soccer-2004.html,EA,EA Canada,E (Everyone)
videogame/videogames.yahoo.com/psp_over-the-hedge-hammy-goes-nuts.html,Activision,*unlisted (no company info),E (Everyone)
videogame/videogames.yahoo.com/psp_ape-escape-academy.html,Sony,Sony Computer Entertainment Inc. (Japan),E10+
videogame/videogames.yahoo.com/gc_xmen-legends-ii-rise-of-apocalypse.html,Activision,Raven Software,T (Teen)
videogame/videogames.yahoo.com/gc_jeremy-mcgrath-supercross-world.html,Acclaim,"Acclaim Studios Salt Lake City, Inc.",E (Everyone)
videogame/videogames.yahoo.com/psp_mind-quiz.html,,SEGA,E (Everyone)
videogame/videogames.yahoo.com/gc_the-lord-of-the-rings-the-two-towers.html,EA,Stormfront Studios,T (Teen)
videogame/videogames.yahoo.com/gc_harry-potter-and-the-goblet-of-fire.html,EA,EA UK,E10+
videogame/videogames.yahoo.com/gc_alien-hominid.html,O3 Entertainment,The Behemoth,T (Teen)
videogame/videogames.yahoo.com/psp_mlb.html,Sony,989 Sports,E (Everyone)
videogame/videogames.yahoo.com/psp_blitz-overtime.html,Midway,High Voltage Software,M (Mature)
videogame/videogames.yahoo.com/psp_hot-brain-fire-up-your-mind.html,,Midway Studios - San Diego,E (Everyone)
videogame/videogames.yahoo.com/gc_buttugly-martians-zoom-or-doom-canceled.html,Sierra,Knowledge Adventure,E (Everyone)
videogame/videogames.yahoo.com/gc_bomberman-generation.html,Majesco,"Hudson Soft Co., Ltd.",E (Everyone)
videogame/videogames.yahoo.com/gc_madden-nfl-2002.html,EA,"Tiburon Entertainment, Inc.",E (Everyone)
videogame/videogames.yahoo.com/psp_secret-agent-clank.html,,High Impact Games,E10+
videogame/videogames.yahoo.com/gc_fifa-soccer-2005.html,EA,EA Canada,E (Everyone)
videogame/videogames.yahoo.com/psp_world-championship-cards.html,Crave,Craftgold Software,E (Everyone)
videogame/videogames.yahoo.com/psp_dungeon-siege-throne-of-agony.html,2K Games,SuperVillain Studios,T (Teen)
videogame/videogames.yahoo.com/psp_every-extend-extra.html,Buena Vista Games Inc.,Q Entertainment,E (Everyone)
videogame/videogames.yahoo.com/gc_goblin-commander-unleash-the-horde.html,Jaleco,Jaleco,T (Teen)
videogame/videogames.yahoo.com/gc_the-sims-2-pets.html,EA,Maxis,T (Teen)
videogame/videogames.yahoo.com/psp_atari-classics-evolved.html,,,E (Everyone)
videogame/videogames.yahoo.com/psp_surfs-up.html,,Ubisoft Quebec City,E10+
videogame/videogames.yahoo.com/psp_asphalt-urban-gt-2.html,,Virtuos,RP
videogame/videogames.yahoo.com/psp_barnyard-blast-swine-of-the-night.html,,,RP
videogame/videogames.yahoo.com/gc_madden-nfl-2005.html,EA,EA Tiburon,RP (Rating Pending)
videogame/videogames.yahoo.com/psp_lego-batman-the-videogame.html,Warner Bros. Interactive,Traveller's Tales,E10+
videogame/videogames.yahoo.com/gc_espn-mls-extratime-2002.html,Konami,"Konami Computer Entertainment America, Inc. Honolulu Studio",E (Everyone)
videogame/videogames.yahoo.com/psp_marvel-nemesis-rise-of-the-imperfects.html,EA,EA Games,T (Teen)
videogame/videogames.yahoo.com/psp_major-league-baseball-2k8.html,2K Games,Kush Games,E (Everyone)
videogame/videogames.yahoo.com/gc_freaky-flyers.html,Midway,Midway Home Entertainment,T (Teen)
videogame/videogames.yahoo.com/psp_lego-star-wars-ii-the-original-trilogy.html,Lucas Arts,Traveller's Tales,E10+
videogame/videogames.yahoo.com/psp_capcom-classics-collection-reloaded.html,Capcom,"Digital Eclipse Software, Inc.",T (Teen)
videogame/videogames.yahoo.com/gc_charlie-and-the-chocolate-factory.html,Global Star,"High Voltage Software, Inc.",E (Everyone)
videogame/videogames.yahoo.com/gc_risk-global-domination-canceled.html,Infogrames,"Cyberlore Studios, Inc.",T (Teen)
videogame/videogames.yahoo.com/psp_star-wars-the-force-unleashed.html,Lucas Arts,Krome Studios,T (Teen)
videogame/videogames.yahoo.com/psp_open-season.html,Ubisoft Entertainment,Ubisoft Montreal,E10+
videogame/videogames.yahoo.com/gc_spyro-a-heros-tail.html,Vivendi Universal,Eurocom Developments Ltd.,RP (Rating Pending)
videogame/videogames.yahoo.com/gc_ncaa-college-basketball-2k3.html,Sega,Kush Games,E (Everyone)
videogame/videogames.yahoo.com/psp_thrillville-off-the-rails.html,,Frontier Developments,E (Everyone)
videogame/videogames.yahoo.com/gc_madden-nfl-2004.html,EA,EA Tiburon,E (Everyone)
videogame/videogames.yahoo.com/psp_mtx-mototrax.html,Activision,Left Field Productions,E (Everyone)
videogame/videogames.yahoo.com/gc_baten-kaitos-origins.html,"Namco Bandai Games America, Inc.","Monolith Software, Inc.",T (Teen)
videogame/videogames.yahoo.com/gc_bloody-roar-primal-fury.html,Activision,"Eighting Co., Ltd. (8ing)",T (Teen)
videogame/videogames.yahoo.com/gc_tom-clancys-splinter-cell-pandora-tomorrow.html,Ubisoft Entertainment,Ubisoft Shanghai,T (Teen)
videogame/videogames.yahoo.com/gc_nickelodeon-party-blast.html,Infogrames,Data Design Interactive,E (Everyone)
videogame/videogames.yahoo.com/gc_mario-party-7.html,Nintendo,"Hudson Soft Co., Ltd.",E (Everyone)
videogame/videogames.yahoo.com/gc_stage-debut-canceled.html,Nintendo,Nintendo Co. Ltd.,
videogame/videogames.yahoo.com/psp_buzz-master-quiz.html,,Relentless Software,E10+
videogame/videogames.yahoo.com/psp_rocky-balboa.html,Ubisoft Entertainment,Digital Fiction,T (Teen)
videogame/videogames.yahoo.com/gc_froggers-adventures-the-rescue.html,Konami,"Hudson Soft Co., Ltd.",E (Everyone)
videogame/videogames.yahoo.com/gc_harvest-moon-magical-melody.html,Capcom,Ready At Dawn Studios,T (Teen)
videogame/videogames.yahoo.com/gc_super-monkey-ball-2.html,Sega,Amusement Vision,E (Everyone)
videogame/videogames.yahoo.com/gc_crash-nitro-kart.html,Universal Interactive,"Vicarious Visions, Inc.",E (Everyone)
videogame/videogames.yahoo.com/gc_batman-rise-of-sin-tzu.html,Ubisoft Entertainment,Ubisoft Montreal,T (Teen)
videogame/videogames.yahoo.com/psp_chameleon.html,UFO Interactive,Starfish,E (Everyone)
videogame/videogames.yahoo.com/gc_power-rangers-dino-thunder.html,THQ,Pacific Coast Power & Light Co.,E (Everyone)
videogame/videogames.yahoo.com/gc_the-hobbit.html,Vivendi Universal Games,"Inevitable Entertainment, Inc.",E (Everyone)
videogame/videogames.yahoo.com/psp_ea-replay.html,EA,EA Canada - Team Fusion,T (Teen)
videogame/videogames.yahoo.com/gc_super-mario-sunshine.html,Nintendo,Nintendo Co. Ltd.,E (Everyone)
videogame/videogames.yahoo.com/gc_jimmy-neutron-boy-genius.html,THQ,"BigSky Interactive, Inc.",E (Everyone)
videogame/videogames.yahoo.com/psp_coded-arms.html,Konami,"Konami Co., Ltd.",T (Teen)
videogame/videogames.yahoo.com/gc_animaniacs-the-great-edgar-hunt.html,Ignition Entertainment,Warthog,E (Everyone)
videogame/videogames.yahoo.com/gc_lara-croft-tomb-raider--legend.html,Eidos Interactive,"Crystal Dynamics, Inc.",T (Teen)
videogame/videogames.yahoo.com/gc_madden-nfl-2006.html,EA,EA Tiburon,E (Everyone)
videogame/videogames.yahoo.com/gc_harry-potter-quidditch-world-cup.html,EA,EA UK,E (Everyone)
videogame/videogames.yahoo.com/psp_nhra-countdown-to-the-championship.html,,Pipeworks Software,E (Everyone)
videogame/videogames.yahoo.com/psp_go-sudoku.html,Ubisoft Entertainment,Sumo Digital,E (Everyone)
videogame/videogames.yahoo.com/psp_air-conflicts-aces-of-world-war-ii.html,Graffiti Entertainment,,T (Teen)
videogame/videogames.yahoo.com/gc_the-urbz-sims-in-the-city.html,EA,Maxis,RP (Rating Pending)
videogame/videogames.yahoo.com/gc_bustamove-3000.html,Ubisoft Entertainment,Taito Corporation,E (Everyone)
videogame/videogames.yahoo.com/gc_dragon-ball-z-budokai.html,Infogrames,Dimps,T (Teen)
videogame/videogames.yahoo.com/psp_thrillville.html,Lucas Arts,Frontier Developments Ltd.,T (Teen)
videogame/videogames.yahoo.com/gc_zoocube.html,Acclaim,PuzzleKings,E (Everyone)
videogame/videogames.yahoo.com/gc_dave-mirra-freestyle-bmx-2.html,Acclaim,"Z-AXIS, Ltd.",T (Teen)
videogame/videogames.yahoo.com/psp_need-for-speed-underground--rivals.html,EA,EA GAMES,E (Everyone)
videogame/videogames.yahoo.com/psp_rainbow-islands-evolution.html,Ignition Entertainment,Digital Whip,E (Everyone)
videogame/videogames.yahoo.com/psp_syphon-filter-logans-shadow.html,,Sony Bend,T (Teen)
videogame/videogames.yahoo.com/gc_pokemon-channel.html,Nintendo,Ambrella,E (Everyone)
videogame/videogames.yahoo.com/gc_ufc-throwdown.html,Cybiko,Anchor Inc.,T (Teen)
videogame/videogames.yahoo.com/psp_lego-indiana-jones-the-original-adventures.html,Lucas Arts,Traveller's Tales,E10+
videogame/videogames.yahoo.com/gc_wreckless-the-yakuza-missions.html,Auran,"Activision, Inc.",T (Teen)
videogame/videogames.yahoo.com/psp_rayman-raving-rabbids-canceled.html,Ubisoft Entertainment,Ubisoft Entertainment,E
videogame/videogames.yahoo.com/gc_the-legend-of-zelda-ocarina-of-time--master-quest-bonus-disc.html,Nintendo,Nintendo EAD,E
videogame/videogames.yahoo.com/psp_socom-us-navy-seals--fireteam-bravo-2.html,Sony,Zipper Interactive,T (Teen)
videogame/videogames.yahoo.com/psp_bomberman-land.html,Hudson Soft,Hudson Soft,E (Everyone)
videogame/videogames.yahoo.com/psp_worms-open-warfare.html,THQ,Team 17,E10+
videogame/videogames.yahoo.com/psp_hot-wheels-ultimate-racing.html,,Raylight Studios,E (Everyone)
videogame/videogames.yahoo.com/psp_tiger-woods-pga-tour-06.html,EA,EA Canada,E (Everyone)
videogame/videogames.yahoo.com/gc_metal-gear-solid-the-twin-snakes.html,Konami,Silicon Knights,M (Mature)
videogame/videogames.yahoo.com/psp_fifa-street-2.html,EA Sports Big,EA Canada,E (Everyone)
videogame/videogames.yahoo.com/gc_looney-tunes-back-in-action.html,EA,Warthog,E (Everyone)
videogame/videogames.yahoo.com/psp_ben-10-alien-force.html,,Monkey Bar Games,RP
videogame/videogames.yahoo.com/psp_valhalla-knights.html,,Big Blue Bubble,E10+
videogame/videogames.yahoo.com/gc_srs-street-racing-syndicate.html,"Namco Bandai Games America, Inc.","Eutechnyx, Limited",T (Teen)
videogame/videogames.yahoo.com/psp_wwe-smackdown-vs-raw-2008-featuring-ecw.html,,Yuke's Media Creations,T (Teen)
videogame/videogames.yahoo.com/gc_samurai-jack-the-shadow-of-aku.html,Sega,Amaze Entertainment,(Not Specified)
videogame/videogames.yahoo.com/gc_the-lord-of-the-rings-the-fellowship-of-the-ring.html,Universal Interactive,Surreal Software,T
videogame/videogames.yahoo.com/psp_uefa-euro-2008.html,,,E (Everyone)
videogame/videogames.yahoo.com/gc_batman-vengeance.html,Ubisoft Entertainment,Ubisoft Montreal,T (Teen)
videogame/videogames.yahoo.com/psp_race-driver-2006.html,O~3 Entertainment,Codemasters USA,T (Teen)
videogame/videogames.yahoo.com/gc_super-mario-strikers.html,Nintendo,Next Level Games,E (Everyone)
videogame/videogames.yahoo.com/gc_dance-dance-revolution-mario-mix-bundle.html,EA,EA Canada,E (Everyone)
videogame/videogames.yahoo.com/psp_star-wars-battlefront--renegade-squadron.html,,Rebellion,T (Teen)
videogame/videogames.yahoo.com/psp_gretzky-nhl-06.html,Sony,"Page 44 Studios, LLC",E
videogame/videogames.yahoo.com/psp_kao-challengers.html,Atari,"Atari, Inc.",E (Everyone)
videogame/videogames.yahoo.com/gc_tom-clancys-splinter-cell-double-agent.html,Ubisoft Entertainment,Ubisoft Entertainment,M (Mature)
videogame/videogames.yahoo.com/gc_disney-sports-football.html,Konami,Konami Computer Entertainment Osaka (KCEO),E (Everyone)
videogame/videogames.yahoo.com/gc_resident-evil.html,Capcom,"Capcom Co., Ltd.",M (Mature)
videogame/videogames.yahoo.com/gc_ty-the-tasmanian-tiger.html,EA,Krome Studios,E (Everyone)
videogame/videogames.yahoo.com/gc_need-for-speed-underground-2.html,EA,EA Canada,E (Everyone)
videogame/videogames.yahoo.com/gc_mark-davis-pro-bass-challenge.html,Natsume,Sims,E
videogame/videogames.yahoo.com/psp_nfl-street-2-unleashed.html,EA Sports Big,Team Fusion,E (Everyone)
videogame/videogames.yahoo.com/gc_need-for-speed-hot-pursuit-2.html,EA,EA Seattle,E (Everyone)
videogame/videogames.yahoo.com/psp_the-sims-2-castaway.html,,Maxis,E10+
videogame/videogames.yahoo.com/gc_the-legend-of-zelda-four-swords-adventures-with-nintendo-gamecube--game-boy-advance-cable.html,Nintendo,Nintendo Co. Ltd.,E (Everyone)
videogame/videogames.yahoo.com/psp_ratchet--clank-size-matters.html,Sony,High Impact Studios,E10+
videogame/videogames.yahoo.com/gc_nascar-dirt-to-daytona.html,Infogrames,"Monster Games, Inc.",E (Everyone)
videogame/videogames.yahoo.com/gc_007-nightfire.html,EA,Eurocom Developments Ltd.,T (Teen)
videogame/videogames.yahoo.com/psp_atv-offroad-fury-pro.html,Sony,"Sony Computer Entertainment America, Inc.",E (Everyone)
videogame/videogames.yahoo.com/psp_harry-potter-and-the-order-of-the-phoenix.html,EA,EA Games,E10+
videogame/videogames.yahoo.com/gc_need-for-speed-underground.html,EA,Black Box Games Ltd.,E (Everyone)
videogame/videogames.yahoo.com/gc_ice-age-2-the-meltdown.html,Sierra,Eurocom Entertainment Software,E10+
videogame/videogames.yahoo.com/gc_masters-of-the-universe--heman-defender-of-grayskull-canceled.html,TDK Mediactive,"Savage Entertainment, LLC",T (Teen)
videogame/videogames.yahoo.com/psp_tiger-woods-pga-tour-08.html,,Tiburon,E (Everyone)
videogame/videogames.yahoo.com/gc_big-mutha-truckers.html,Empire Interactive,"Eutechnyx, Limited",T (Teen)
videogame/videogames.yahoo.com/psp_nba-08-featuring-block-party.html,,SCE Studios San Diego,E (Everyone)
videogame/videogames.yahoo.com/gc_whirl-tour.html,Vivendi Universal,Papaya Studio,E (Everyone)
videogame/videogames.yahoo.com/gc_disney-presents-piglets-big-game.html,Gotham Games,Doki Denki,E (Everyone)
videogame/videogames.yahoo.com/psp_full-auto-2-battlelines.html,Sega,Deep Fried Entertainment,E10+
videogame/videogames.yahoo.com/gc_zatch-bell-mamodo-battles.html,"Bandai America, Inc.","Eighting Co., Ltd. (8ing)",T (Teen)
videogame/videogames.yahoo.com/gc_nfl-blitz-2002.html,Midway,"Point of View, Inc.",E (Everyone)
videogame/videogames.yahoo.com/gc_bloodrayne.html,Majesco,Terminal Reality,M (Mature)
videogame/videogames.yahoo.com/psp_sega-genesis-collection.html,Sega,Backbone Entertainment,T (Teen)
videogame/videogames.yahoo.com/gc_world-championship-pool-2004-canceled.html,Jaleco,Blade Interactive Studios,E (Everyone)
videogame/videogames.yahoo.com/gc_tales-of-symphonia.html,"Namco Bandai Games America, Inc.",Namco Tales Studio,RP (Rating Pending)
videogame/videogames.yahoo.com/gc_army-men-sarges-war.html,Global Star,Global Star Software Ltd.,T (Teen)
videogame/videogames.yahoo.com/gc_shrek-2.html,Activision,Luxoflux,E (Everyone)
videogame/videogames.yahoo.com/gc_digimon-rumble-arena-2.html,"Bandai America, Inc.","Bandai Co., Ltd.",T (Teen)
videogame/videogames.yahoo.com/gc_the-legend-of-zelda-the-wind-waker.html,Nintendo,Nintendo Co. Ltd.,E (Everyone)
videogame/videogames.yahoo.com/gc_nba-courtside-2002.html,Nintendo,Left Field Productions,E (Everyone)
videogame/videogames.yahoo.com/psp_blokus-portable-steambot-championship.html,Irem Software Engineering,,E (Everyone)
videogame/videogames.yahoo.com/gc_madagascar.html,Activision,Toys for Bob,E10+
videogame/videogames.yahoo.com/gc_rtx-red-rock.html,Lucas Arts,LucasArts,
videogame/videogames.yahoo.com/gc_beyblade-v-force--super-tournament-battle.html,Atari,Takara,E (Everyone)
videogame/videogames.yahoo.com/psp_warhammer-warcry-battle-for-atluma.html,"Namco Bandai Games America, Inc.",JV Games,T (Teen)
videogame/videogames.yahoo.com/gc_egg-mania-eggstreme-madness.html,Kemco,HotGen Studios,E (Everyone)
videogame/videogames.yahoo.com/gc_nhl-2k3.html,Sega,"Treyarch Invention, LLC",E (Everyone)
videogame/videogames.yahoo.com/gc_men-in-black-ii-alien-escape.html,Atari,Tantalus Interactive,T (Teen)
videogame/videogames.yahoo.com/psp_tales-of-the-world-radiant-mythology.html,,Namco Tales Studio,T (Teen)
videogame/videogames.yahoo.com/gc_tom-and-jerry-in-war-of-the-whiskers.html,NewKidCo LLC,NewKidCo LLC,T (Teen)
videogame/videogames.yahoo.com/gc_surfs-up.html,,Ubisoft Montreal,E10+
videogame/videogames.yahoo.com/psp_cars.html,THQ,Locomotive Games,E (Everyone)
videogame/videogames.yahoo.com/psp_naruto-ultimate-ninja-heroes-2--the-phantom-fortress.html,,CyberConnect2,T (Teen)
videogame/videogames.yahoo.com/gc_amazing-island.html,Sega,"Sega of America, Inc.",RP (Rating Pending)
videogame/videogames.yahoo.com/gc_the-legend-of-zelda-ocarina-of-timethe-legend-of-zelda-ocarina-of-time--master-quest.html,Nintendo,,E (Everyone)
videogame/videogames.yahoo.com/psp_need-for-speed-most-wanted-510.html,EA,EA Canada,E10+
videogame/videogames.yahoo.com/gc_super-monkey-ball.html,Sega,Amusement Vision,E (Everyone)
videogame/videogames.yahoo.com/gc_the-legend-of-zelda-collectors-edition.html,Nintendo,"Nintendo of America, Inc.",E (Everyone)
videogame/videogames.yahoo.com/gc_the-italian-job.html,Eidos Interactive,Climax Group,T (Teen)
videogame/videogames.yahoo.com/psp_chessmaster-the-art-of-learning.html,,Ubisoft,E (Everyone)
videogame/videogames.yahoo.com/gc_backyard-baseball.html,Humongous Entertainment,"Infogrames Interactive, Inc.",E (Everyone)
videogame/videogames.yahoo.com/gc_disneys-party.html,EA,"Hudson Soft Co., Ltd.",E (Everyone)
videogame/videogames.yahoo.com/psp_capcom-classics-collection-remixed.html,Capcom,"Digital Eclipse Software, Inc.",T (Teen)
videogame/videogames.yahoo.com/gc_disneys-hide--sneak.html,Capcom,Disney Interactive,E (Everyone)
videogame/videogames.yahoo.com/gc_monsters-inc-scream-arena.html,Capcom,Ready At Dawn Studios,T (Teen)
videogame/videogames.yahoo.com/psp_heatseeker.html,,IR Gurus Interactive Ltd.,T (Teen)
videogame/videogames.yahoo.com/gc_the-sims-bustin-out.html,EA,Maxis,E (Everyone)
videogame/videogames.yahoo.com/gc_battalion-wars.html,Nintendo,Kuju Entertainment Ltd.,RP (Rating Pending)
videogame/videogames.yahoo.com/gc_disneys-tarzan-untamed.html,Ubisoft Entertainment,Ubisoft Montreal,E (Everyone)
videogame/videogames.yahoo.com/psp_bboy.html,SouthPeak Interactive,FreeStyleGames,T (Teen)
videogame/videogames.yahoo.com/gc_worms-3d.html,Acclaim,Team 17,T (Teen)
videogame/videogames.yahoo.com/psp_medal-of-honor-heroes.html,EA,EA Canada,T (Teen)
videogame/videogames.yahoo.com/gc_x2-wolverines-revenge.html,Activision,"Activision, Inc.",T (Teen)
videogame/videogames.yahoo.com/psp_puzzle-quest-challenge-of-the-warlords.html,D3Publisher of America,D3Publisher of America,
videogame/videogames.yahoo.com/psp_ape-escape-on-the-loose-greatest-hits.html,Sony,Sony Computer Entertainment Inc. (Japan),E (Everyone)
videogame/videogames.yahoo.com/psp_dead-head-fred.html,D3Publisher of America,"Vicious Cycle Software, Inc.",M (Mature)
videogame/videogames.yahoo.com/psp_sonic-rivals-2.html,,Backbone Entertainment,E (Everyone)
videogame/videogames.yahoo.com/psp_warhammer-40000-squad-command.html,,,T (Teen)
videogame/videogames.yahoo.com/gc_the-adventures-of-jimmy-neutron-boy-genius-jet-fusion.html,THQ,Krome Studios,E (Everyone)
videogame/videogames.yahoo.com/psp_puzzle-scape.html,Got Game Entertainment,Farmind,E
videogame/videogames.yahoo.com/gc_187-ride-or-die-canceled.html,Ubisoft Entertainment,,
videogame/videogames.yahoo.com/psp_flatout-head-on.html,,Six By Nine,T (Teen)
videogame/videogames.yahoo.com/gc_star-wars-jedi-knight-ii--jedi-outcast.html,LucasArts,"Vicarious Visions, Inc.",T (Teen)
videogame/videogames.yahoo.com/gc_virtua-striker-2002.html,Sega,Amusement Vision,E (Everyone)
videogame/videogames.yahoo.com/psp_wrc-world-rally-championship.html,"Namco Bandai Games America, Inc.",Traveller's Tales,E (Everyone)
videogame/videogames.yahoo.com/gc_meet-the-robinsons.html,,Avalanche Software (USA),E10+
videogame/videogames.yahoo.com/gc_nba-ballers.html,Midway Games,Blitz Games,
videogame/videogames.yahoo.com/gc_lost-kingdoms.html,Activision,"FromSoftware, Inc.",T (Teen)
videogame/videogames.yahoo.com/gc_f1-2002.html,EA,Visual Sciences Ltd.,E (Everyone)
videogame/videogames.yahoo.com/gc_rocket-power-beach-bandits.html,THQ,Evolution Games,E (Everyone)
videogame/videogames.yahoo.com/psp_street-fighter-alpha-3-max.html,Capcom,"Capcom Co., Ltd.",T (Teen)
videogame/videogames.yahoo.com/gc_mx-superfly-featuring-ricky-carmichael.html,THQ,Pacific Coast Power & Light Co.,E (Everyone)
videogame/videogames.yahoo.com/psp_gran-turismo-4-mobile.html,Sony,Polyphony Digital,
videogame/videogames.yahoo.com/psp_my-spanish-coach.html,Ubisoft Entertainment,,E (Everyone)
videogame/videogames.yahoo.com/psp_sid-meiers-pirates.html,,Firaxis,E10+
videogame/videogames.yahoo.com/gc_backyard-football.html,Infogrames,Left Field Productions,E (Everyone)
videogame/videogames.yahoo.com/gc_greg-hastings-tournament-paintball-maxd-canceled.html,Activision,WXP Inc.,
videogame/videogames.yahoo.com/gc_mystic-heroes.html,KOEI Corporation,"KOEI Co., Ltd.",T (Teen)
videogame/videogames.yahoo.com/gc_medabots-infinity.html,Natsume Inc.,Victor Interactive,E (Everyone)
videogame/videogames.yahoo.com/gc_marykate-and-ashley-sweet-16--licensed-to-drive.html,Club Acclaim,"n-Space, Inc.",E (Everyone)
videogame/videogames.yahoo.com/psp_rapala-trophies.html,Activision,Sand Grain Studios,E (Everyone)
videogame/videogames.yahoo.com/gc_spyhunter.html,Midway,"Point of View, Inc.",T (Teen)
videogame/videogames.yahoo.com/gc_evolution-worlds.html,Ubisoft Entertainment,Sting,E (Everyone)
videogame/videogames.yahoo.com/gc_trinity-the-shatter-effect-canceled.html,Activision,"Gray Matter Studios, Inc.",
videogame/videogames.yahoo.com/gc_donkey-kong-jungle-beat.html,Nintendo,"Nintendo of America, Inc.",M (Mature)
videogame/videogames.yahoo.com/gc_star-fox-assault.html,Nintendo,Namco Ltd.,T (Teen)
videogame/videogames.yahoo.com/psp_tony-hawks-project-8.html,Activision,Neversoft Entertainment,T (Teen)
videogame/videogames.yahoo.com/gc_spongebob-squarepants-revenge-of-the-flying-dutchman.html,THQ,"BigSky Interactive, Inc.",E (Everyone)
videogame/videogames.yahoo.com/gc_resident-evil-4-premium-edition-tin-gamestop-exclusive.html,Capcom,Capcom Production Studio 4,M (Mature)
videogame/videogames.yahoo.com/psp_metal-slug-anthology.html,SNK Playmore USA,SNK Playmore Corporation,T (Teen)
videogame/videogames.yahoo.com/psp_ben-10-protector-of-earth.html,,High Voltage Software,
videogame/videogames.yahoo.com/psp_grand-theft-auto-vice-city-stories.html,Rockstar,Rockstar Leeds,M (Mature)
videogame/videogames.yahoo.com/psp_prostroke-golf-world-tour-2007.html,SouthPeak Interactive,SouthPeak Interactive,E (Everyone)
videogame/videogames.yahoo.com/gc_cars.html,THQ,Rainbow Studios,E (Everyone)
videogame/videogames.yahoo.com/gc_mario-party-6-game-only.html,Nintendo,Hudson Soft,E
videogame/videogames.yahoo.com/psp_hot-shots-golf-open-tee.html,Sony,Clap Hanz Limited,E10+
videogame/videogames.yahoo.com/gc_the-lord-of-the-rings-the-return-of-the-king.html,EA,"Hypnos Entertainment, Inc.",T (Teen)
videogame/videogames.yahoo.com/psp_tenchu-time-of-the-assassins.html,Sega,"Sega of America, Inc.",M (Mature)
videogame/videogames.yahoo.com/gc_midway-arcade-treasures-2.html,Midway,"Digital Eclipse Software, Inc.",RP (Rating Pending)
videogame/videogames.yahoo.com/psp_metal-gear-solid-digital-graphic-novel.html,Konami,Kojima Productions,M (Mature)
videogame/videogames.yahoo.com/psp_harry-potter-and-the-goblet-of-fire.html,EA,EA UK,E10+
videogame/videogames.yahoo.com/gc_scoobydoo-mystery-mayhem.html,THQ,Artificial Mind and Movement,E (Everyone)
videogame/videogames.yahoo.com/gc_army-men-platoon-command-canceled.html,3DO,The 3DO Company,
videogame/videogames.yahoo.com/gc_vexx.html,Acclaim,Acclaim Studios Austin,T (Teen)
videogame/videogames.yahoo.com/psp_wwe-smackdown-vs-raw-2009.html,THQ,Yuke's Media Creations,T (Teen)
videogame/videogames.yahoo.com/gc_knockout-kings-2003.html,EA,Electronic Arts,T (Teen)
videogame/videogames.yahoo.com/gc_tom-clancys-splinter-cell-chaos-theory--collectors-edition.html,Ubisoft Entertainment,Ubisoft Montreal,M (Mature)
videogame/videogames.yahoo.com/psp_shrek-the-third.html,,Amaze Entertainment,E10+
videogame/videogames.yahoo.com/psp_rengoku-ii-the-stairway-to-heaven.html,Konami,"Hudson Soft Co., Ltd.",T (Teen)
videogame/videogames.yahoo.com/psp_gradius-collection.html,Konami,Konami,E (Everyone)
videogame/videogames.yahoo.com/gc_hello-kitty-roller-rescue.html,"Namco Bandai Games America, Inc.",XPEC Entertainment Inc.,E (Everyone)
videogame/videogames.yahoo.com/gc_batman-dark-tomorrow.html,Kemco,KEMCO,T (Teen)
videogame/videogames.yahoo.com/gc_the-powerpuff-girls-relish-rampage--pickled-edition.html,BAM! Entertainment,VIS entertainment plc,E (Everyone)
videogame/videogames.yahoo.com/gc_midway-arcade-treasures-3.html,Midway,"Digital Eclipse Software, Inc.",E (Everyone)
videogame/videogames.yahoo.com/psp_juiced-eliminator.html,THQ,Juice Studio,T (Teen)
videogame/videogames.yahoo.com/gc_lotus-challenge.html,,"Mutable Realms, Inc.",E (Everyone)
videogame/videogames.yahoo.com/gc_tmnt.html,,Ubisoft Montreal,E10+
videogame/videogames.yahoo.com/psp_tiger-woods-pga-tour-09.html,,,E (Everyone)
videogame/videogames.yahoo.com/gc_blowout.html,Majesco,"KaosKontrol, Inc.",T (Teen)
videogame/videogames.yahoo.com/psp_carol-vordermans-sudoku.html,,Atomic Planet,E (Everyone)
videogame/videogames.yahoo.com/gc_jim-hensons-muppets-party-cruise.html,TDK Mediactive,Mass Media Inc.,E (Everyone)
videogame/videogames.yahoo.com/psp_need-for-speed-most-wanted--510.html,EA,EA Canada,
videogame/videogames.yahoo.com/psp_pro-evolution-soccer-2008.html,,Konami,E (Everyone)
videogame/videogames.yahoo.com/gc_armada-2-star-command.html,"Metro3D, Inc.","Metro3D, Inc.",
videogame/videogames.yahoo.com/psp_the-office.html,Mumbo Jumbo,Mumbo Jumbo,E10+
videogame/videogames.yahoo.com/gc_tony-hawks-pro-skater-3.html,Activision,Neversoft Entertainment,T (Teen)
videogame/videogames.yahoo.com/psp_sonic-rivals.html,Sega,"Sega of America, Inc.",E (Everyone)
videogame/videogames.yahoo.com/psp_xmen-legends-ii-rise-of-apocalypse.html,Activision,Raven Software,T (Teen)
videogame/videogames.yahoo.com/psp_patapon.html,Sony,Pyramid (JP),E (Everyone)
videogame/videogames.yahoo.com/gc_the-simpsons-road-rage.html,EA,Radical Entertainment,T (Teen)
videogame/videogames.yahoo.com/gc_space-raiders.html,Tommo,Taito Corporation,T (Teen)
videogame/videogames.yahoo.com/psp_alien-syndrome.html,,Totally Games,T (Teen)
videogame/videogames.yahoo.com/gc_city-racer.html,Ubisoft Entertainment,Ubisoft Entertainment SA,E (Everyone)
videogame/videogames.yahoo.com/psp_bubble-bobble-evolution.html,Codemasters,Codemasters USA,E (Everyone)
videogame/videogames.yahoo.com/psp_jackass-the-game.html,Red Mile Entertainment,MPS Labs,M (Mature)
videogame/videogames.yahoo.com/gc_disneys-magical-mirror-starring-mickey-mouse.html,Nintendo,Nintendo Co. Ltd.,E (Everyone)
videogame/videogames.yahoo.com/psp_fading-shadows-gamestop-exclusive.html,,Ivolgamus,E (Everyone)
videogame/videogames.yahoo.com/psp_ultimate-block-party.html,Conspiracy Entertainment Corporation,Conspiracy Entertainment Corporation,E (Everyone)
videogame/videogames.yahoo.com/psp_the-hustle-detroit-streets.html,Activision,Blade Interactive Studios,T (Teen)
videogame/videogames.yahoo.com/psp_wipeout-pure.html,Sony,"Sony Computer Entertainment America, Inc.",E (Everyone)
videogame/videogames.yahoo.com/psp_scoobydoo-whos-watching-who.html,THQ,Savage Entertainment,E (Everyone)
videogame/videogames.yahoo.com/gc_mission-impossible--operation-surma.html,Atari,"Paradigm Entertainment, Inc.",T (Teen)
videogame/videogames.yahoo.com/psp_armored-core-formula-front.html,Agetec,"FromSoftware, Inc.",T (Teen)
videogame/videogames.yahoo.com/psp_nba.html,Sony,989 Sports,E (Everyone)
videogame/videogames.yahoo.com/gc_prince-of-persia-the-two-thrones.html,Ubisoft Entertainment,Ubisoft Montreal,M (Mature)
videogame/videogames.yahoo.com/gc_viewtiful-joe.html,Capcom,Capcom Production Studio 4,T (Teen)
videogame/videogames.yahoo.com/gc_xgra-extremeg-racing.html,Acclaim,Acclaim Studios Cheltenham,T (Teen)
videogame/videogames.yahoo.com/psp_pacman-world-3.html,"Namco Bandai Games America, Inc.",Blitz Games,E (Everyone)
videogame/videogames.yahoo.com/psp_world-series-of-poker.html,Activision,Left Field Productions,E (Everyone)
videogame/videogames.yahoo.com/gc_star-wars-rogue-leader--rogue-squadron-ii.html,Lucas Arts,Factor 5,T (Teen)
videogame/videogames.yahoo.com/gc_tom-clancys-splinter-cell.html,Ubisoft Entertainment,Ubisoft Montreal,T (Teen)
videogame/videogames.yahoo.com/gc_ssx-3.html,EA Sports Big,EA Canada,E (Everyone)
videogame/videogames.yahoo.com/gc_one-piece-grand-battle.html,"Bandai America, Inc.",Ganbarion,T (Teen)
videogame/videogames.yahoo.com/gc_resident-evil-zero.html,Capcom,"Capcom Co., Ltd.",M (Mature)
videogame/videogames.yahoo.com/gc_transworld-surf-next-wave.html,Atari,Angel Studios,T (Teen)
videogame/videogames.yahoo.com/psp_walle.html,,Savage Entertainment,E (Everyone)
videogame/videogames.yahoo.com/psp_code-lyoko-quest-for-infinity.html,Game Factory,Neko Entertainment,E10+
videogame/videogames.yahoo.com/psp_bustamove-deluxe.html,Majesco,Taito Corporation,E (Everyone)
videogame/videogames.yahoo.com/psp_luxor-pharaohs-challenge.html,Mumbo Jumbo,*TBA,E (Everyone)
videogame/videogames.yahoo.com/gc_star-fox-adventures.html,Nintendo,Rare Ltd.,T (Teen)
videogame/videogames.yahoo.com/psp_spelling-challenges-and-more.html,Crave,Supersonic Software,E (Everyone)
videogame/videogames.yahoo.com/gc_the-suffering-canceled.html,Midway,Midway Games,M (Mature)
videogame/videogames.yahoo.com/gc_fire-emblem-path-of-radiance.html,Nintendo,Intelligent Systems,T (Teen)
videogame/videogames.yahoo.com/psp_castlevania-the-dracula-x-chronicles.html,Konami,Konami,T (Teen)
videogame/videogames.yahoo.com/psp_dave-mirra-bmx-challenge.html,Crave,Craftgold Software,E (Everyone)
videogame/videogames.yahoo.com/gc_tony-hawks-pro-skater-4.html,Activision,Neversoft Entertainment,T (Teen)
videogame/videogames.yahoo.com/psp_capcom-puzzle-world.html,Capcom,"Capcom USA, Inc.",E (Everyone)
videogame/videogames.yahoo.com/psp_iron-man.html,,A2M (Artificial Mind and Movement),T (Teen)
