url,STRING : publisher,STRING : genre,STRING : esrb
videogame/www.gamequestdirect.com/013388270095.html,Capcom,Sony PSP > Puzzle,Rated E
videogame/www.gamequestdirect.com/811930103149.html,Mumbo Jumbo,Sony PSP > Puzzle,Rated E
videogame/www.gamequestdirect.com/083717241089.html,Konami,Nintendo DS > Family,Rated E
videogame/www.gamequestdirect.com/742725275355.html,Atari,Nintendo DS > Fighting,
videogame/www.gamequestdirect.com/742725264182.html,Atari,Nintendo DS > Puzzle,Rated E
videogame/www.gamequestdirect.com/625904537911.html,Dreamcatcher Interactive,Nintendo DS > Simulation,Rated T
videogame/www.gamequestdirect.com/695771600124.html,Tommo,Sony PSP > Puzzle,Rated E
videogame/www.gamequestdirect.com/013388260539.html,Capcom,Playstation 2 > Platform,Rated E
videogame/www.gamequestdirect.com/093992058401.html,Ascii Software,Classic Platform > Sega Saturn,
videogame/www.gamequestdirect.com/02635992342.html,DVD,DVD Movies > Box Set,
videogame/www.gamequestdirect.com/014633152524.html,EA Sports,GameCube > Sports,Rated E
videogame/www.gamequestdirect.com/032264190410.html,Jaleco,GameCube > Action,
videogame/www.gamequestdirect.com/047875754454.html,Activision,Nintendo WII > Racing,Rated E
videogame/www.gamequestdirect.com/00888814002.html,Ubisoft,Game Boy Advance > Platform,
videogame/www.gamequestdirect.com/853333001318.html,Crave,Playstation 2 > Simulation,Rated E
videogame/www.gamequestdirect.com/00888813012.html,Ubisoft,Nintendo 64 > Action Adventure,Rated E
videogame/www.gamequestdirect.com/70805657004.html,Nintendo,GameCube > Accessory,
videogame/www.gamequestdirect.com/00888832031.html,Ubisoft,Playstation 2 > Action,Rated E
videogame/www.gamequestdirect.com/023272406639.html,Crave,Nintendo WII > Simulation,
videogame/www.gamequestdirect.com/78513832080.html,THQ,Game Boy Advance > Family,Rated E
videogame/www.gamequestdirect.com/08371740009.html,Konami,GameCube > Family,
videogame/www.gamequestdirect.com/711719864622.html,Sony Computer Entertainment,Sony PSP > Shooters,
videogame/www.gamequestdirect.com/08371720053.html,Konami,Playstation 2 > Action,Rated M
videogame/www.gamequestdirect.com/722674100618.html,Namco Bandai Games,Playstation 2 > Adventure,
videogame/www.gamequestdirect.com/788687400084.html,Eidos,Sony PSP > Adventure,Rated T
videogame/www.gamequestdirect.com/00888814025.html,Ubisoft,Game Boy Advance > Platform,Rated E
videogame/www.gamequestdirect.com/04555718013.html,Bandai,Playstation 2 > Role Playing,Rated T
videogame/www.gamequestdirect.com/00888814013.html,Ubisoft,Game Boy Advance > Puzzle,
videogame/www.gamequestdirect.com/045496960926.html,Nintendo,GameCube > Racing,
videogame/www.gamequestdirect.com/083717250319.html,Konami,Playstation 2 > Music Dancing,
videogame/www.gamequestdirect.com/01338821064.html,Capcom,Playstation > Fighting,Rated T
videogame/www.gamequestdirect.com/07429940692.html,Infogrames,Dreamcast > Platform,
videogame/www.gamequestdirect.com/008888152828.html,Ubisoft,GameCube > Action,Rated T
videogame/www.gamequestdirect.com/785138380261.html,THQ,GameCube > Adventure,
videogame/www.gamequestdirect.com/752919550496.html,THQ,Xbox 360 > Wrestling,Rated T
videogame/www.gamequestdirect.com/014633147582.html,EA Sports,Playstation 2 > Sports,Rated E
videogame/www.gamequestdirect.com/71171942882.html,Sony Computer Entertainment,Playstation > Family,Rated E
videogame/www.gamequestdirect.com/008888523956.html,Ubisoft,Xbox 360 > Shooters,Rated M
videogame/www.gamequestdirect.com/08371717035.html,Konami,Playstation > Fighting,Rated T
videogame/www.gamequestdirect.com/66333801351.html,Lego,Game Boy Advance > Family,Rated E
videogame/www.gamequestdirect.com/74272521347.html,Infogrames,Playstation > Action Adventure,
videogame/www.gamequestdirect.com/040198001434.html,Koei,Playstation 2 > Action,
videogame/www.gamequestdirect.com/00888815007.html,Ubisoft,GameCube > Family,
videogame/www.gamequestdirect.com/014633154627.html,Electronic Arts,Playstation 3 > Sports,Rated E
videogame/www.gamequestdirect.com/08371718075.html,Konami,Nintendo 64 > Sports,
videogame/www.gamequestdirect.com/096427012771.html,Majesco,Game Boy Advance > Puzzle,Rated E
videogame/www.gamequestdirect.com/014633154276.html,EA Sports,Playstation 3 > Sports,
videogame/www.gamequestdirect.com/04787580171.html,Activision,Playstation > Sports,
videogame/www.gamequestdirect.com/023272332396.html,Lucas Arts,Sony PSP > Adventure,Rated T
videogame/www.gamequestdirect.com/785138361079.html,THQ,Nintendo DS > Family,Rated E10
videogame/www.gamequestdirect.com/02029514021.html,Atari,Playstation > Sports,Rated E
videogame/www.gamequestdirect.com/78868750002.html,Eidos,Playstation 2 > Adventure,
videogame/www.gamequestdirect.com/031719191550.html,Midway,GameCube > Fighting,
videogame/www.gamequestdirect.com/02062671704.html,Universal,Game Boy Advance > Family,
videogame/www.gamequestdirect.com/08371750001.html,Konami,Game Boy Advance > Platform,
videogame/www.gamequestdirect.com/010086630350.html,Sega,Playstation 2 > Action,Rated M
videogame/www.gamequestdirect.com/72267402115.html,Namco,Playstation > Role Playing,
videogame/www.gamequestdirect.com/722674100168.html,Namco,Playstation 2 > Shooters,Rated T
videogame/www.gamequestdirect.com/02062671751.html,Universal Interactive,GameCube > Action,Rated E
videogame/www.gamequestdirect.com/014633155013.html,Electronic Arts,Sony PSP > Sports,
videogame/www.gamequestdirect.com/682384320105.html,BAM! Entertainment,Game Boy Advance > Action Adventure,Rated T
videogame/www.gamequestdirect.com/79056150215.html,Interplay,Playstation > Gambling,
videogame/www.gamequestdirect.com/71042523036.html,Rockstar Games,Playstation > Shooters,
videogame/www.gamequestdirect.com/045496734060.html,Nintendo,Game Boy Advance > Platform,
videogame/www.gamequestdirect.com/00888812010.html,Atari,Game Boy Color > Family,Rated E
videogame/www.gamequestdirect.com/74164800702.html,Kemco,Microsoft Xbox > Adventure,
videogame/www.gamequestdirect.com/04549673236.html,Nintendo,Game Boy Advance > Action Adventure,
videogame/www.gamequestdirect.com/014633156003.html,Electronic Arts,Xbox 360 > Sports,Rated E
videogame/www.gamequestdirect.com/802068101497.html,Destination Software,Playstation 2 > Sports,
videogame/www.gamequestdirect.com/00888851001.html,Ubisoft,Microsoft Xbox > Platform,Rated E
videogame/www.gamequestdirect.com/891563001067.html,Graffiti Entertainment,Game Boy Advance > Action Adventure,Rated E
videogame/www.gamequestdirect.com/045496961480.html,Nintendo,GameCube > Role Playing,
videogame/www.gamequestdirect.com/71171944482.html,Sony Computer Entertainment,Playstation > Music Dancing,
videogame/www.gamequestdirect.com/02148121181.html,Acclaim,Playstation > Wrestling,
videogame/www.gamequestdirect.com/65955674524.html,Microsoft,Microsoft Xbox > Adventure,
videogame/www.gamequestdirect.com/00888812019.html,Ubisoft,Game Boy Color > Action Adventure,Rated E
videogame/www.gamequestdirect.com/65000879924.html,Crave,Dreamcast > Puzzle,Rated E
videogame/www.gamequestdirect.com/014633151046.html,Electronic Arts,Microsoft Xbox > Action,
videogame/www.gamequestdirect.com/788687300049.html,Eidos,Playstation > Family,Rated E
videogame/www.gamequestdirect.com/66120441001.html,New Kid Co.,Playstation > Family,
videogame/www.gamequestdirect.com/018946010502.html,Tecmo,Playstation 3 > Action Adventure,
videogame/www.gamequestdirect.com/00888814038.html,Ubisoft,Game Boy Advance > Role Playing,Rated E
videogame/www.gamequestdirect.com/021481642022.html,Acclaim,Nintendo 64 > Sports,
videogame/www.gamequestdirect.com/80552901220.html,Microsoft,Microsoft Xbox > Accessory,
videogame/www.gamequestdirect.com/045557188047.html,Bandai,Sony PSP > Shooters,
videogame/www.gamequestdirect.com/65000869911.html,Crave,Game Boy Color > Action Adventure,Rated E
videogame/www.gamequestdirect.com/014633151374.html,Electronic Arts,Xbox 360 > Sports,Rated E
videogame/www.gamequestdirect.com/008888173557.html,Ubisoft,Nintendo WII > Family,
videogame/www.gamequestdirect.com/00888814023.html,Ubisoft,Game Boy Advance > Sports,Rated E
videogame/www.gamequestdirect.com/02148151202.html,Acclaim,Game Boy Color > Sports,Rated E
videogame/www.gamequestdirect.com/047875830936.html,Crave,Playstation 3 > Sports,
videogame/www.gamequestdirect.com/01008651019.html,Sega,Dreamcast > Racing,Rated E
videogame/www.gamequestdirect.com/883929020706.html,WHV Games,Playstation 3 > Family,Rated E10
videogame/www.gamequestdirect.com/047875810655.html,Activision,Nintendo DS > Family,
videogame/www.gamequestdirect.com/008888150121.html,Ubisoft,GameCube > Role Playing,Rated E
videogame/www.gamequestdirect.com/07693099593.html,Mattel,Playstation > Family,Rated E
videogame/www.gamequestdirect.com/083717200529.html,Konami,Playstation 2 > Adventure,Rated M
videogame/www.gamequestdirect.com/020626718615.html,Vivendi Universal,GameCube > Shooters,Rated T
videogame/www.gamequestdirect.com/04549672024.html,Nintendo,Toys and Fun > View All,
videogame/www.gamequestdirect.com/662248908014.html,Square Enix USA,Nintendo DS > Adventure,Rated T
videogame/www.gamequestdirect.com/712725002763.html,Buena Vista Games,Nintendo DS > Adventure,Rated E
videogame/www.gamequestdirect.com/031719191925.html,Microsoft,Game Boy Advance > Action Adventure,
videogame/www.gamequestdirect.com/04787555200.html,Activision,Playstation > Racing,
videogame/www.gamequestdirect.com/04787580409.html,Activision,GameCube > Action,
videogame/www.gamequestdirect.com/00888814005.html,Ubisoft,Game Boy Advance > Family,Rated E
videogame/www.gamequestdirect.com/013388290109.html,Capcom,Microsoft Xbox > Simulation,Rated T
videogame/www.gamequestdirect.com/01338821033.html,Capcom,Playstation > Fighting,Rated T
videogame/www.gamequestdirect.com/02062671244.html,Interplay,Playstation 2 > Action,Rated T
videogame/www.gamequestdirect.com/711719804505.html,Sony Computer Entertainment,Playstation 3 > Accessory,
videogame/www.gamequestdirect.com/01463314329.html,EA Sports,Playstation 2 > Sports,Rated E
videogame/www.gamequestdirect.com/612561700048.html,South Peak Interactive,Xbox 360 > Role Playing,Rated M
videogame/www.gamequestdirect.com/00888814015.html,Ubisoft,Game Boy Advance > Racing,Rated E
videogame/www.gamequestdirect.com/785138361826.html,THQ,Nintendo DS > Wrestling,Rated T
videogame/www.gamequestdirect.com/662248904153.html,Square Enix,Playstation 2 > Role Playing,
videogame/www.gamequestdirect.com/047875752559.html,Activision,Xbox 360 > Hunting Fishing,Rated T
videogame/www.gamequestdirect.com/03171919848.html,Midway,Nintendo 64 > Compilation,Rated E
videogame/www.gamequestdirect.com/02148152297.html,Acclaim,Game Boy Advance > Family,Rated E
videogame/www.gamequestdirect.com/031719191826.html,Midway,Nintendo WII > Family,Rated E10
videogame/www.gamequestdirect.com/785138380292.html,THQ,GameCube > Racing,
videogame/www.gamequestdirect.com/712725003371.html,Buena Vista Games,Nintendo WII > Family,Rated E10
videogame/www.gamequestdirect.com/72267402087.html,Namco,Game Boy Color > Action Adventure,
videogame/www.gamequestdirect.com/03171919809.html,Midway,Game Boy Color > Sports,Rated E
videogame/www.gamequestdirect.com/04549673089.html,South Peak Interactive,Game Boy Color > Family,Rated E
videogame/www.gamequestdirect.com/014633149876.html,Electronic Arts,Playstation 2 > Family,Rated E
videogame/www.gamequestdirect.com/014633159172.html,EA Sports,Playstation 2 > Music Dancing,Rated T
videogame/www.gamequestdirect.com/045496734886.html,Nintendo,Game Boy Advance > Puzzle,Rated E
videogame/www.gamequestdirect.com/047875830950.html,Ubisoft,Xbox 360 > Sports,
videogame/www.gamequestdirect.com/01463314429.html,Electronic Arts,Playstation 2 > Fighting,Rated T
videogame/www.gamequestdirect.com/65955667888.html,Microsoft,Microsoft Xbox > Accessory,
videogame/www.gamequestdirect.com/031719191581.html,Midway,Game Boy Advance > Family,Rated E
videogame/www.gamequestdirect.com/742725238794.html,Atari,Game Boy Advance > Racing,Rated E
videogame/www.gamequestdirect.com/00888813007.html,Ubisoft,Nintendo 64 > Platform,Rated E
videogame/www.gamequestdirect.com/008888512141.html,Ubisoft,Microsoft Xbox > Shooters,Rated M
videogame/www.gamequestdirect.com/662248904092.html,Square Enix,Playstation 2 > Role Playing,
videogame/www.gamequestdirect.com/010086670011.html,Sega,Nintendo DS > Platform,Rated E
videogame/www.gamequestdirect.com/710425292590.html,Rockstar Games,Microsoft Xbox > Adventure,
videogame/www.gamequestdirect.com/710425299636.html,2K Games,Xbox 360 > Action Adventure,Rated M
videogame/www.gamequestdirect.com/04549696004.html,Nintendo,GameCube > Sports,
videogame/www.gamequestdirect.com/047875754355.html,Activision,Playstation 3 > Action Adventure,Rated T
videogame/www.gamequestdirect.com/853466001087.html,XSeed JKS,Sony PSP > Strategy,Rated E10
videogame/www.gamequestdirect.com/013388350018.html,Capcom,Nintendo WII > Action Adventure,
videogame/www.gamequestdirect.com/010086640311.html,Sega,Microsoft Xbox > Fighting,Rated T
videogame/www.gamequestdirect.com/045496734992.html,Nintendo,Nintendo DS > Platform,Rated E
videogame/www.gamequestdirect.com/722674100601.html,Namco Bandai Games,Playstation 2 > Adventure,Rated T
videogame/www.gamequestdirect.com/014633158724.html,EA Sports,GameCube > Sports,Rated E
videogame/www.gamequestdirect.com/02062671647.html,Vivendi Universal,Playstation 2 > Platform,Rated E
videogame/www.gamequestdirect.com/00888814020.html,Ubisoft,Game Boy Advance > Family,Rated E
videogame/www.gamequestdirect.com/047875809970.html,Activision,Playstation 2 > Action,Rated M
videogame/www.gamequestdirect.com/827912011005.html,E-Real Games.,Universal > Accessory,
videogame/www.gamequestdirect.com/08371718009.html,Midway,Nintendo 64 > Role Playing,Rated T
videogame/www.gamequestdirect.com/01338828012.html,Capcom,Game Boy Advance > Puzzle,Rated E
videogame/www.gamequestdirect.com/00888815015.html,Ubisoft,GameCube > Fighting,Rated T
videogame/www.gamequestdirect.com/74272522405.html,Atari,Playstation > Family,
videogame/www.gamequestdirect.com/00888814024.html,Ubisoft,Game Boy Advance > Strategy,
videogame/www.gamequestdirect.com/013388270064.html,Capcom,Sony PSP > Family,
videogame/www.gamequestdirect.com/03226480015.html,Nintendo,Game Boy Color > Sports,Rated E
videogame/www.gamequestdirect.com/03171926871.html,Midway,Playstation 2 > Role Playing,
videogame/www.gamequestdirect.com/708056510565.html,Pelican,Game Boy Color > Accessory,
videogame/www.gamequestdirect.com/804926056277.html,Intec,Nintendo WII > Accessory,
videogame/www.gamequestdirect.com/722674700221.html,Namco Bandai Games,Nintendo DS > Role Playing,Rated E
videogame/www.gamequestdirect.com/013388270149.html,Capcom,Sony PSP > Action,Rated T
videogame/www.gamequestdirect.com/71171971992.html,Sony Computer Entertainment,Playstation 2 > Platform,Rated T
videogame/www.gamequestdirect.com/01338821011.html,Capcom,Playstation > Action Adventure,Rated E
videogame/www.gamequestdirect.com/014633155815.html,Electronic Arts,Xbox 360 > Sports,Rated E
videogame/www.gamequestdirect.com/75291947052.html,THQ,Playstation > Family,
videogame/www.gamequestdirect.com/014633151220.html,Electronic Arts,Sony PSP > Racing,Rated E
videogame/www.gamequestdirect.com/03171926892.html,Midway,Playstation 2 > Action,Rated T
videogame/www.gamequestdirect.com/096427013259.html,Majesco,GameCube > Adventure,
videogame/www.gamequestdirect.com/045496890056.html,Nintendo,Nintendo WII > Accessory,
videogame/www.gamequestdirect.com/083717250333.html,Konami,Microsoft Xbox > Music Dancing,Rated E
videogame/www.gamequestdirect.com/047875753334.html,Activision,Nintendo WII > Hunting Fishing,Rated E
videogame/www.gamequestdirect.com/031719269846.html,Midway,Sony PSP > Racing,
videogame/www.gamequestdirect.com/014633149746.html,Electronic Arts,Playstation 2 > Action,
videogame/www.gamequestdirect.com/013388200047.html,Capcom,GameCube > Action,Rated M
videogame/www.gamequestdirect.com/047875809932.html,Activision,Nintendo DS > Family,
videogame/www.gamequestdirect.com/014633158717.html,Electronic Arts,Xbox 360 > Music Dancing,Rated T
videogame/www.gamequestdirect.com/047875807211.html,Activision,Game Boy Advance > Family,Rated E
videogame/www.gamequestdirect.com/01463314470.html,Electronic Arts,GameCube > Action,Rated T
videogame/www.gamequestdirect.com/023272328351.html,Lucas Arts,Playstation 2 > Shooters,Rated T
videogame/www.gamequestdirect.com/014633154085.html,Electronic Arts,Playstation 2 > Sports,Rated E
videogame/www.gamequestdirect.com/04019800113.html,Koei,Playstation 2 > Music Dancing,
videogame/www.gamequestdirect.com/00888814030.html,Ubisoft,Game Boy Advance > Action Adventure,Rated E
videogame/www.gamequestdirect.com/711719864929.html,Sony Computer Entertainment,Sony PSP > Shooters,Rated T
videogame/www.gamequestdirect.com/785138321318.html,THQ,Game Boy Advance > Family,Rated E
videogame/www.gamequestdirect.com/09642701281.html,Majesco,Game Boy Advance > Sports,Rated E
videogame/www.gamequestdirect.com/045496733421.html,Nintendo,Game Boy Advance > Role Playing,
videogame/www.gamequestdirect.com/04787580075.html,Activision,Game Boy Color > Action Adventure,Rated E
videogame/www.gamequestdirect.com/828862500069.html,SNK,Microsoft Xbox > Fighting,
videogame/www.gamequestdirect.com/008888343813.html,Ubisoft,Playstation 3 > Action Adventure,Rated T
videogame/www.gamequestdirect.com/722242519545.html,Atari,Game Boy Color > Fighting,Rated E
videogame/www.gamequestdirect.com/896992000155.html,South Peak Interactive,Playstation 2 > Family,Rated E10
videogame/www.gamequestdirect.com/04787580001.html,Activision,Playstation > Action Adventure,
videogame/www.gamequestdirect.com/00888813001.html,New Kid Co.,Nintendo 64 > Action Adventure,Rated E
videogame/www.gamequestdirect.com/722674100595.html,Namco,Playstation 2 > Adventure,
videogame/www.gamequestdirect.com/013388260348.html,Capcom,Playstation 2 > Platform,Rated E
videogame/www.gamequestdirect.com/031719301065.html,Midway,Xbox 360 > Shooters,
videogame/www.gamequestdirect.com/083717400592.html,Konami,Nintendo WII > Hunting Fishing,Rated E
videogame/www.gamequestdirect.com/01008650000.html,Sega,Dreamcast > Hardware,
videogame/www.gamequestdirect.com/02327231735.html,Lucas Arts,Playstation > Action Adventure,
videogame/www.gamequestdirect.com/013388260645.html,Capcom,Playstation 2 > Fighting,Rated T
videogame/www.gamequestdirect.com/014633151602.html,Electronic Arts,Xbox 360 > Action Adventure,Rated T
videogame/www.gamequestdirect.com/010086680188.html,Sega,Xbox 360 > Racing,
videogame/www.gamequestdirect.com/03171919814.html,Midway,Game Boy Color > Compilation,Rated E
videogame/www.gamequestdirect.com/894312000151.html,Red Octane,Playstation 2 > Music Dancing,
videogame/www.gamequestdirect.com/023272406394.html,D3 Publisher of America,Sony PSP > Simulation,
videogame/www.gamequestdirect.com/04549696126.html,Nintendo,GameCube > Family,
videogame/www.gamequestdirect.com/008888343219.html,Ubisoft,Playstation 3 > Shooters,Rated M
videogame/www.gamequestdirect.com/828862200013.html,SNK,Playstation 2 > Fighting,
videogame/www.gamequestdirect.com/00888826020.html,Red Storm,Dreamcast > Action Adventure,Rated E
videogame/www.gamequestdirect.com/008888593256.html,Ubisoft,Xbox 360 > Shooters,
videogame/www.gamequestdirect.com/014633155068.html,Electronic Arts,Sony PSP > Sports,Rated E
videogame/www.gamequestdirect.com/023272210755.html,Lucas Arts,Microsoft Xbox > Action,
videogame/www.gamequestdirect.com/00888851029.html,Ubisoft,Microsoft Xbox > Shooters,Rated M
videogame/www.gamequestdirect.com/722674700191.html,Namco Bandai Games,Nintendo DS > Puzzle,Rated E10
videogame/www.gamequestdirect.com/014633154115.html,Electronic Arts,Playstation 3 > Sports,Rated E
videogame/www.gamequestdirect.com/711719746522.html,Sony Computer Entertainment,Playstation 2 > Platform,Rated T
videogame/www.gamequestdirect.com/752919460979.html,THQ,Playstation 2 > Family,Rated E10
videogame/www.gamequestdirect.com/04787510372.html,Activision,Playstation > Action Adventure,
videogame/www.gamequestdirect.com/66224890001.html,Square Soft,Playstation > Role Playing,
videogame/www.gamequestdirect.com/711719468028.html,Sony Computer Entertainment,Playstation > Platform,
videogame/www.gamequestdirect.com/045496738433.html,Nintendo,Game Boy Advance > Role Playing,Rated E
videogame/www.gamequestdirect.com/01338826020.html,Capcom,Playstation 2 > Platform,
videogame/www.gamequestdirect.com/047875812512.html,Activision,Microsoft Xbox > Shooters,
videogame/www.gamequestdirect.com/020626721875.html,Vivendi Universal,GameCube > Platform,
videogame/www.gamequestdirect.com/785138320946.html,THQ,Game Boy Advance > Action Adventure,Rated E
videogame/www.gamequestdirect.com/008888333364.html,Ubisoft,Sony PSP > Strategy,Rated E
videogame/www.gamequestdirect.com/031719269440.html,Midway,Sony PSP > Fighting,Rated M
videogame/www.gamequestdirect.com/008888523727.html,Ubisoft,Xbox 360 > Action Adventure,Rated T
videogame/www.gamequestdirect.com/879278120013.html,D3 Publisher of America,Playstation 2 > Family,Rated E10
videogame/www.gamequestdirect.com/02062671851.html,Vivendi Universal,GameCube > Platform,Rated E
videogame/www.gamequestdirect.com/014633148350.html,EA Sports,Sony PSP > Sports,Rated E
videogame/www.gamequestdirect.com/893610001068.html,Aksys,Nintendo WII > Fighting,
videogame/www.gamequestdirect.com/010086630008.html,Sega,Playstation 2 > Shooters,Rated E
videogame/www.gamequestdirect.com/65122202504.html,Capcom,Microsoft Xbox > Role Playing,
videogame/www.gamequestdirect.com/882224694179.html,Microsoft,Xbox 360 > Role Playing,Rated M
videogame/www.gamequestdirect.com/712725003692.html,Buena Vista Games,Nintendo WII > Music Dancing,Rated E
videogame/www.gamequestdirect.com/78513832093.html,THQ,Game Boy Advance > Racing,Rated E
videogame/www.gamequestdirect.com/00888815019.html,Ubisoft,GameCube > Racing,
videogame/www.gamequestdirect.com/013388260454.html,Capcom,Playstation 2 > Fighting,Rated T
videogame/www.gamequestdirect.com/722674300025.html,Namco,GameCube > Role Playing,
videogame/www.gamequestdirect.com/045496870102.html,Nintendo,Nintendo 64 > Action Adventure,
videogame/www.gamequestdirect.com/00888832036.html,Ubisoft,Playstation 2 > Strategy,Rated E
videogame/www.gamequestdirect.com/08500415330.html,Spectrum Holobyte,Classic Platform > Super Nintendo SNES,
videogame/www.gamequestdirect.com/08371719000.html,Konami,Dreamcast > Action Adventure,Rated E
videogame/www.gamequestdirect.com/03171926816.html,Midway,Playstation > Sports,
videogame/www.gamequestdirect.com/00888814004.html,Ubisoft,Game Boy Advance > Family,Rated E
videogame/www.gamequestdirect.com/04394851060.html,Majesco,Classic Platform > Super Nintendo SNES,
videogame/www.gamequestdirect.com/09399207240.html,Agetec,Playstation > Compilation,
videogame/www.gamequestdirect.com/013388210626.html,Capcom,Playstation > Puzzle,Rated E
videogame/www.gamequestdirect.com/047875820111.html,Activision,Playstation 3 > Action Adventure,Rated T
videogame/www.gamequestdirect.com/02148183203.html,Acclaim,Dreamcast > Sports,
videogame/www.gamequestdirect.com/828862300010.html,SNK,Sony PSP > Compilation,Rated T
videogame/www.gamequestdirect.com/020626722339.html,Vivendi Universal,Game Boy Advance > Action Adventure,Rated T
videogame/www.gamequestdirect.com/014633149784.html,Electronic Arts,Xbox 360 > Action Adventure,Rated M
videogame/www.gamequestdirect.com/008888173199.html,Ubisoft,Nintendo WII > Platform,Rated E
videogame/www.gamequestdirect.com/722674100137.html,Namco,Playstation 2 > Sports,
videogame/www.gamequestdirect.com/785138301037.html,THQ,Nintendo 64 > Shooters,
videogame/www.gamequestdirect.com/083717250654.html,Tommo,Nintendo WII > Music Dancing,Rated E10
videogame/www.gamequestdirect.com/882224355254.html,Microsoft,Xbox 360 > Role Playing,Rated M
videogame/www.gamequestdirect.com/730865520190.html,Atlus,Playstation > Role Playing,
videogame/www.gamequestdirect.com/045496901165.html,Nintendo,Nintendo WII > Sports,Rated E
videogame/www.gamequestdirect.com/80552912065.html,Sega,Microsoft Xbox > Role Playing,
videogame/www.gamequestdirect.com/00888831011.html,Ubisoft,Playstation > Action Adventure,Rated E
videogame/www.gamequestdirect.com/66120402601.html,New Kid Co.,Playstation 2 > Family,
videogame/www.gamequestdirect.com/04549683003.html,Nintendo,Classic Platform > Super Nintendo SNES,
videogame/www.gamequestdirect.com/857823001079.html,Atlus,Playstation 2 > Role Playing,Rated T
videogame/www.gamequestdirect.com/814582410825.html,Sony Computer Entertainment,Playstation 3 > Role Playing,Rated T
videogame/www.gamequestdirect.com/031719191710.html,Midway,Nintendo WII > Family,
videogame/www.gamequestdirect.com/008888150022.html,Ubisoft,GameCube > Platform,
videogame/www.gamequestdirect.com/73906962001.html,Sierra,Game Boy Color > Family,
videogame/www.gamequestdirect.com/01008651114.html,Sega,Dreamcast > Action Adventure,Rated E
videogame/www.gamequestdirect.com/083717500278.html,Konami,Game Boy Advance > Platform,Rated E
videogame/www.gamequestdirect.com/710425371271.html,Rockstar Games,Sony PSP > Sports,
videogame/www.gamequestdirect.com/742725270145.html,Atari,Microsoft Xbox > Adventure,
videogame/www.gamequestdirect.com/031719269013.html,Midway,Playstation 2 > Fighting,
videogame/www.gamequestdirect.com/08371717104.html,Konami,Playstation > Action Adventure,Rated M
videogame/www.gamequestdirect.com/785138301648.html,THQ,Nintendo WII > Wrestling,Rated T
videogame/www.gamequestdirect.com/78513838019.html,THQ,GameCube > Wrestling,
videogame/www.gamequestdirect.com/014633151305.html,Electronic Arts,Game Boy Advance > Simulation,Rated E10
videogame/www.gamequestdirect.com/78868730423.html,Eidos,Playstation > Role Playing,
videogame/www.gamequestdirect.com/00888815013.html,Ubisoft,GameCube > Puzzle,Rated E
videogame/www.gamequestdirect.com/045496738457.html,Nintendo,Nintendo DS > Family,Rated E10
videogame/www.gamequestdirect.com/008888150220.html,Ubisoft,GameCube > Shooters,Rated T
videogame/www.gamequestdirect.com/047875752115.html,Activision,Sony PSP > Sports,
videogame/www.gamequestdirect.com/00888813009.html,Ubisoft,Nintendo 64 > Racing,
videogame/www.gamequestdirect.com/730865530076.html,Atlus,Playstation 2 > Role Playing,Rated M
videogame/www.gamequestdirect.com/00888815016.html,Ubisoft,GameCube > Shooters,Rated M
videogame/www.gamequestdirect.com/013388270033.html,Capcom,Sony PSP > Fighting,Rated T
videogame/www.gamequestdirect.com/047875805651.html,Activision,GameCube > Family,
videogame/www.gamequestdirect.com/04549673099.html,Midway,Game Boy Color > Family,
videogame/www.gamequestdirect.com/018946010335.html,Tecmo,Playstation 2 > Action,Rated M
videogame/www.gamequestdirect.com/023272332389.html,Lucas Arts,Playstation 3 > Action Adventure,Rated T
videogame/www.gamequestdirect.com/78513837001.html,THQ,Dreamcast > Sports,Rated E
videogame/www.gamequestdirect.com/72224251959.html,Bandai,Playstation 2 > Fighting,
videogame/www.gamequestdirect.com/07693099037.html,Atari,Playstation > Action Adventure,Rated E
videogame/www.gamequestdirect.com/883929020720.html,WHV Games,Nintendo WII > Family,Rated E10
videogame/www.gamequestdirect.com/72224251931.html,Atari,Game Boy Advance > Action Adventure,Rated T
videogame/www.gamequestdirect.com/04787580423.html,Activision,Playstation 2 > Action,
videogame/www.gamequestdirect.com/71171945592.html,Sony Computer Entertainment,Playstation > Sports,
videogame/www.gamequestdirect.com/03985400031.html,Acclaim,Classic Platform > Super Nintendo SNES,
videogame/www.gamequestdirect.com/73536600728.html,Working Designs,Playstation > Role Playing,
videogame/www.gamequestdirect.com/735366207588.html,Working Design,playstation-2:Role Playing,
videogame/www.gamequestdirect.com/08371714092.html,Konami,Game Boy Color > Action Adventure,Rated E
videogame/www.gamequestdirect.com/70805640255.html,Pelican,Dreamcast > Accessory,
videogame/www.gamequestdirect.com/828862200198.html,SNK,Playstation 2 > Adventure,Rated T
videogame/www.gamequestdirect.com/04549683064.html,Nintendo,Classic Platform > Super Nintendo SNES,
videogame/www.gamequestdirect.com/71171972012.html,Sony Computer Entertainment,Playstation 2 > Adventure,
videogame/www.gamequestdirect.com/045496900175.html,Nintendo,Nintendo WII > Puzzle,
videogame/www.gamequestdirect.com/04042100556.html,Interplay,Dreamcast > Action Adventure,
videogame/www.gamequestdirect.com/650008999075.html,Crave,Sony PSP > Sports,
videogame/www.gamequestdirect.com/78513832098.html,THQ,Game Boy Advance > Puzzle,
videogame/www.gamequestdirect.com/020626721707.html,Vivendi Universal,Microsoft Xbox > Action,Rated M
videogame/www.gamequestdirect.com/78868745464.html,Eidos,Dreamcast > Action Adventure,Rated T
videogame/www.gamequestdirect.com/083717500421.html,Konami,Game Boy Advance > Action Adventure,Rated E
videogame/www.gamequestdirect.com/083717201397.html,Konami,Playstation 2 > Role Playing,
videogame/www.gamequestdirect.com/04555718202.html,Bandai,Game Boy Advance > Wrestling,Rated T
videogame/www.gamequestdirect.com/00888815003.html,Ubisoft,GameCube > Action,Rated T
videogame/www.gamequestdirect.com/045496900250.html,Nintendo,Nintendo WII > Strategy,Rated T
videogame/www.gamequestdirect.com/014633155044.html,Electronic Arts,Sony PSP > Sports,Rated E
videogame/www.gamequestdirect.com/742725275164.html,Atari,Xbox 360 > Action Adventure,Rated M
videogame/www.gamequestdirect.com/04787580197.html,Activision,GameCube > Adventure,
videogame/www.gamequestdirect.com/08371718014.html,Konami,Nintendo 64 > Platform,
videogame/www.gamequestdirect.com/741948009242.html,Interact,Game Boy Color > Accessory,Rated E
videogame/www.gamequestdirect.com/020626723176.html,Vivendi Universal,Microsoft Xbox > Action,
videogame/www.gamequestdirect.com/01008664006.html,Sega,Microsoft Xbox > Adventure,
videogame/www.gamequestdirect.com/639191200106.html,Crave,Playstation 2 > Music Dancing,
videogame/www.gamequestdirect.com/047875802070.html,Activision,Game Boy Advance > Sports,Rated E
videogame/www.gamequestdirect.com/083717400240.html,Konami,GameCube > Adventure,Rated T
videogame/www.gamequestdirect.com/899163001050.html,Gamecock Media Group,Nintendo DS > Adventure,Rated E10
videogame/www.gamequestdirect.com/013388260676.html,Capcom,Playstation 2 > Compilation,
videogame/www.gamequestdirect.com/00888812008.html,Nintendo,Game Boy Color > Family,Rated E
videogame/www.gamequestdirect.com/031719300679.html,Midway,Microsoft Xbox > Shooters,
videogame/www.gamequestdirect.com/00888812026.html,Red Storm,Game Boy Color > Action Adventure,Rated E
videogame/www.gamequestdirect.com/662248908137.html,Square Enix USA,Nintendo DS > Action,Rated E10
videogame/www.gamequestdirect.com/710425292293.html,Gotham Games,Microsoft Xbox > Adventure,
videogame/www.gamequestdirect.com/04549687030.html,Nintendo,Nintendo 64 > Sports,
videogame/www.gamequestdirect.com/047875752955.html,Activision,Xbox 360 > Simulation,Rated T
videogame/www.gamequestdirect.com/01338821061.html,Capcom,Playstation > Shooters,
videogame/www.gamequestdirect.com/891563001074.html,Graffiti Entertainment,Game Boy Advance > Simulation,Rated T
videogame/www.gamequestdirect.com/722674100670.html,Namco Bandai Games,Playstation 2 > Family,Rated E10
videogame/www.gamequestdirect.com/020626725620.html,Vivendi Universal,Playstation 2 > Action,
videogame/www.gamequestdirect.com/008888151128.html,Ubisoft,GameCube > Action,
videogame/www.gamequestdirect.com/023272329761.html,Lucas Arts,Xbox 360 > Family,Rated E10
videogame/www.gamequestdirect.com/09399208720.html,Agetec,Playstation > Role Playing,
videogame/www.gamequestdirect.com/72267402061.html,Namco,Playstation > Compilation,
videogame/www.gamequestdirect.com/01008651010.html,Sega,Dreamcast > Sports,Rated E
videogame/www.gamequestdirect.com/018946010342.html,Tecmo,Microsoft Xbox > Fighting,
videogame/www.gamequestdirect.com/008888140290.html,Ubisoft,Game Boy Advance > Action Adventure,Rated T
videogame/www.gamequestdirect.com/01463314071.html,Electronic Arts,Playstation > Sports,Rated T
videogame/www.gamequestdirect.com/04042189445.html,Interplay,Playstation > Action Adventure,
videogame/www.gamequestdirect.com/04549696002.html,Nintendo,GameCube > Action,
videogame/www.gamequestdirect.com/02062671124.html,Ubisoft,Playstation > Action Adventure,Rated E
videogame/www.gamequestdirect.com/047875754379.html,Activision,Playstation 3 > Action Adventure,Rated M
videogame/www.gamequestdirect.com/01463314523.html,Lego,Game Boy Advance > Family,
videogame/www.gamequestdirect.com/045496735739.html,Nintendo,Nintendo DS > Action,
videogame/www.gamequestdirect.com/78868750010.html,Eidos,Playstation 2 > Adventure,
videogame/www.gamequestdirect.com/014633151022.html,Electronic Arts,Microsoft Xbox > Racing,Rated E10
videogame/www.gamequestdirect.com/083717201793.html,Konami,Playstation 3 > Action Adventure,Rated M
videogame/www.gamequestdirect.com/66120461002.html,New Kid Co.,Playstation > Family,
videogame/www.gamequestdirect.com/501111523513.html,Myiico,Nintendo 64 > Accessory,
videogame/www.gamequestdirect.com/805529974951.html,Microsoft,Microsoft Xbox > Role Playing,Rated M
videogame/www.gamequestdirect.com/014633166262.html,Electronic Arts,Playstation 2 > Racing,Rated E
videogame/www.gamequestdirect.com/013388200214.html,Capcom,GameCube > Platform,Rated E
videogame/www.gamequestdirect.com/74272515667.html,GT Interactive,Playstation > Action Adventure,
videogame/www.gamequestdirect.com/01463314580.html,Electronic Arts,Microsoft Xbox > Sports,Rated E
videogame/www.gamequestdirect.com/008888321989.html,Ubisoft,Playstation 2 > Action,Rated M
videogame/www.gamequestdirect.com/662248908120.html,Square Enix USA,Xbox 360 > Action Adventure,Rated T
videogame/www.gamequestdirect.com/014633154436.html,Electronic Arts,Playstation 3 > Sports,Rated E
videogame/www.gamequestdirect.com/01008664023.html,Sega,Microsoft Xbox > Action,Rated T
videogame/www.gamequestdirect.com/00888813002.html,Ubisoft,Nintendo 64 > Sports,Rated E
videogame/www.gamequestdirect.com/752919461464.html,THQ,Playstation 2 > Wrestling,Rated T
videogame/www.gamequestdirect.com/74272515668.html,GT Interactive,Nintendo 64 > Action Adventure,
videogame/www.gamequestdirect.com/711719864820.html,Sony Computer Entertainment,Sony PSP > Racing,Rated E
videogame/www.gamequestdirect.com/083717300717.html,Konami,Xbox 360 > Action Adventure,Rated M
videogame/www.gamequestdirect.com/01463314416.html,Electronic Arts,Game Boy Color > Action Adventure,Rated E
videogame/www.gamequestdirect.com/882224260596.html,Microsoft,Xbox 360 > Action Adventure,Rated M
videogame/www.gamequestdirect.com/01463318001.html,Electronic Arts,Nintendo 64 > Gambling,Rated E
videogame/www.gamequestdirect.com/730865400003.html,Atlus,Nintendo DS > Puzzle,
videogame/www.gamequestdirect.com/752919480564.html,THQ,Sony PSP > Wrestling,Rated T
videogame/www.gamequestdirect.com/047875819559.html,Activision,Nintendo WII > Family,Rated E10
videogame/www.gamequestdirect.com/013388320011.html,Capcom,Nintendo DS > Action,Rated T
videogame/www.gamequestdirect.com/78513830120.html,THQ,Nintendo 64 > Family,
videogame/www.gamequestdirect.com/752919520512.html,THQ,Microsoft Xbox > Racing,
videogame/www.gamequestdirect.com/710425392849.html,Take 2 Interactive,Xbox 360 > Role Playing,Rated M
videogame/www.gamequestdirect.com/04555718011.html,Bandai,Playstation 2 > Role Playing,Rated T
videogame/www.gamequestdirect.com/04549696042.html,Nintendo,GameCube > Platform,
videogame/www.gamequestdirect.com/018946010410.html,Tecmo,Playstation 2 > Action,Rated M
videogame/www.gamequestdirect.com/047875830714.html,Buena Vista Games,Playstation 2 > Action,
videogame/www.gamequestdirect.com/02148121211.html,Acclaim,Playstation > Sports,
videogame/www.gamequestdirect.com/883929020737.html,WHV Games,Xbox 360 > Family,Rated E10
videogame/www.gamequestdirect.com/42418976400.html,DVD,DVD Movies > Box Set,
videogame/www.gamequestdirect.com/883929020713.html,WHV Games,Playstation 2 > Family,Rated E10
videogame/www.gamequestdirect.com/08371740010.html,Konami,GameCube > Sports,Rated T
videogame/www.gamequestdirect.com/00888832042.html,Ubisoft,Playstation 2 > Shooters,Rated T
videogame/www.gamequestdirect.com/01338826002.html,Capcom,Playstation 2 > Fighting,
videogame/www.gamequestdirect.com/01463307368.html,Electronic Arts,Classic Platform > Sega Genesis,
videogame/www.gamequestdirect.com/023272404390.html,Lucas Arts,Sony PSP > Simulation,
videogame/www.gamequestdirect.com/02062671494.html,Vivendi Universal,Game Boy Advance > Action Adventure,Rated E
videogame/www.gamequestdirect.com/883929020676.html,WHV Games,Sony PSP > Family,Rated E10
videogame/www.gamequestdirect.com/047875754058.html,Activision,Nintendo WII > Family,Rated E
videogame/www.gamequestdirect.com/710425272608.html,Rockstar Games,Playstation 2 > Adventure,
videogame/www.gamequestdirect.com/010086640489.html,Sega,Microsoft Xbox > Action,Rated T
videogame/www.gamequestdirect.com/023272332631.html,Lucas Arts,Nintendo WII > Action Adventure,Rated T
videogame/www.gamequestdirect.com/74272524663.html,Atari,Playstation > Fighting,
videogame/www.gamequestdirect.com/853466001056.html,XSeed JKS,Sony PSP > Role Playing,Rated E10
videogame/www.gamequestdirect.com/722674700245.html,Namco Bandai Games,Nintendo DS > Role Playing,Rated E
videogame/www.gamequestdirect.com/014633153323.html,EA Sports,Nintendo DS > Sports,Rated E
videogame/www.gamequestdirect.com/02148183211.html,Acclaim,Dreamcast > Sports,
videogame/www.gamequestdirect.com/662248907024.html,Square Enix,Playstation 2 > Role Playing,Rated T
videogame/www.gamequestdirect.com/09642701254.html,Majesco,Game Boy Advance > Gambling,
videogame/www.gamequestdirect.com/71171941632.html,Sony Computer Entertainment,Playstation > Role Playing,
videogame/www.gamequestdirect.com/010086690057.html,Sega,Playstation 3 > Fighting,Rated T
videogame/www.gamequestdirect.com/788687500623.html,Eidos,Playstation 3 > Shooters,Rated M
videogame/www.gamequestdirect.com/020626720328.html,Vivendi Universal,Playstation 2 > Family,Rated E
videogame/www.gamequestdirect.com/189313000010.html,Respondesign,PC Games > Family,Rated E
videogame/www.gamequestdirect.com/04042100536.html,Interplay,Dreamcast > Gambling,
videogame/www.gamequestdirect.com/01463314664.html,Electronic Arts,GameCube > Sports,
videogame/www.gamequestdirect.com/710425371752.html,Take 2 Interactive,Playstation 3 > Sports,
videogame/www.gamequestdirect.com/09399208560.html,Agetec.,Playstation > Action Adventure,
videogame/www.gamequestdirect.com/01463307979.html,Electronic Arts,Nintendo 64 > Sports,Rated E
videogame/www.gamequestdirect.com/010086670004.html,Sega,Nintendo DS > Simulation,Rated T
videogame/www.gamequestdirect.com/014633154061.html,Electronic Arts,Playstation 2 > Sports,Rated E
videogame/www.gamequestdirect.com/010086660111.html,Sega,Sony PSP > Racing,Rated E
videogame/www.gamequestdirect.com/788687200523.html,Eidos,Xbox 360 > Action Adventure,Rated M
videogame/www.gamequestdirect.com/891563001050.html,Graffiti Entertainment,Game Boy Advance > Role Playing,
videogame/www.gamequestdirect.com/814582405821.html,Sony Computer Entertainment,Playstation 2 > Role Playing,Rated T
videogame/www.gamequestdirect.com/047875750098.html,Activision,Playstation 2 > Hunting Fishing,
videogame/www.gamequestdirect.com/722674100526.html,Namco,Playstation 2 > Adventure,Rated T
videogame/www.gamequestdirect.com/785138380599.html,THQ,GameCube > Adventure,Rated E10
videogame/www.gamequestdirect.com/04549673337.html,Nintendo,Game Boy Advance > Strategy,Rated E
videogame/www.gamequestdirect.com/73906962505.html,TDK,Game Boy Advance > Platform,
videogame/www.gamequestdirect.com/71171942442.html,Sony Computer Entertainment,Playstation > Platform,
videogame/www.gamequestdirect.com/71959305005.html,Crave,Playstation > Role Playing,
videogame/www.gamequestdirect.com/730865520183.html,Atlus,Playstation > Role Playing,
videogame/www.gamequestdirect.com/02062671038.html,Nintendo,Game Boy Color > Puzzle,Rated E
videogame/www.gamequestdirect.com/03171919820.html,Midway,Game Boy Color > Sports,Rated E
videogame/www.gamequestdirect.com/802068101305.html,Destination Software,Nintendo DS > Simulation,
videogame/www.gamequestdirect.com/020626723671.html,Vivendi Universal,Game Boy Advance > Family,Rated E
videogame/www.gamequestdirect.com/853466001070.html,Nintendo,Nintendo WII > Sports,Rated T
videogame/www.gamequestdirect.com/855433001120.html,American Game Factory,Playstation 2 > Fighting,
videogame/www.gamequestdirect.com/010086610284.html,Sega,GameCube > Role Playing,Rated T
videogame/www.gamequestdirect.com/01008651061.html,Infogrames,Dreamcast > Shooters,
videogame/www.gamequestdirect.com/03171919897.html,Midway,GameCube > Sports,
videogame/www.gamequestdirect.com/00888815023.html,Ubisoft,GameCube > Racing,
videogame/www.gamequestdirect.com/742725265479.html,Atari,Microsoft Xbox > Adventure,Rated M
videogame/www.gamequestdirect.com/047875805675.html,Activision,Game Boy Advance > Family,Rated E
videogame/www.gamequestdirect.com/09642701190.html,Ubisoft,Dreamcast > Shooters,Rated T
videogame/www.gamequestdirect.com/802068100346.html,Destination Software,Game Boy Advance > Racing,Rated E
videogame/www.gamequestdirect.com/02148121182.html,Namco,Playstation > Puzzle,
videogame/www.gamequestdirect.com/02029514018.html,Atari,Playstation > Racing,Rated E
videogame/www.gamequestdirect.com/04549673184.html,Nintendo,Game Boy Advance > Platform,Rated E
videogame/www.gamequestdirect.com/04549673138.html,Nintendo,Game Boy Color > Role Playing,
videogame/www.gamequestdirect.com/047875820159.html,Activision,Playstation 2 > Adventure,Rated T
videogame/www.gamequestdirect.com/607718330315.html,OEM,Microsoft Xbox > Accessory,
videogame/www.gamequestdirect.com/741648008026.html,Kemco,Game Boy Advance > Puzzle,Rated E
videogame/www.gamequestdirect.com/014633151428.html,Electronic Arts,Xbox 360 > Sports,Rated E
videogame/www.gamequestdirect.com/04549696001.html,Nintendo,GameCube > Action,
videogame/www.gamequestdirect.com/741948009471.html,Interact,Game Boy Color > Accessory,Rated E
videogame/www.gamequestdirect.com/010086690101.html,Sega,Playstation 3 > Action Adventure,Rated E10
videogame/www.gamequestdirect.com/047875819993.html,THQ,Sony PSP > Action,
videogame/www.gamequestdirect.com/010086650068.html,Sega,Nintendo WII > Fighting,
videogame/www.gamequestdirect.com/710425391590.html,Take 2 Interactive,Xbox 360 > Sports,Rated E10
videogame/www.gamequestdirect.com/093992097301.html,Agetec,Sony PSP > Action,Rated T
videogame/www.gamequestdirect.com/68238471005.html,BAM! Entertainment,Microsoft Xbox > Adventure,
videogame/www.gamequestdirect.com/02148183141.html,Acclaim,Dreamcast > Action Adventure,
videogame/www.gamequestdirect.com/047875809734.html,Activision,GameCube > Action,Rated M
videogame/www.gamequestdirect.com/80552905491.html,Microsoft,Microsoft Xbox > Fighting,Rated T
videogame/www.gamequestdirect.com/788687200486.html,Eidos,Xbox 360 > Family,Rated E10
videogame/www.gamequestdirect.com/045496962760.html,Nintendo,GameCube > Role Playing,
videogame/www.gamequestdirect.com/71171944672.html,Sony Computer Entertainment,Playstation > Platform,
videogame/www.gamequestdirect.com/78513832114.html,THQ,Game Boy Advance > Wrestling,
videogame/www.gamequestdirect.com/014633149456.html,Electronic Arts,Xbox 360 > Sports,Rated E
videogame/www.gamequestdirect.com/710425330247.html,Rockstar Games,Sony PSP > Platform,Rated M
videogame/www.gamequestdirect.com/04549673116.html,Nintendo,Game Boy Color > Strategy,Rated E
videogame/www.gamequestdirect.com/01338820001.html,Capcom,GameCube > Adventure,
videogame/www.gamequestdirect.com/73086552015.html,Atlus,Playstation > Racing,
videogame/www.gamequestdirect.com/047875816091.html,Activision,Nintendo WII > Sports,
videogame/www.gamequestdirect.com/008888151678.html,Ubisoft,GameCube > Action,Rated T
videogame/www.gamequestdirect.com/68238432009.html,Majesco,Game Boy Advance > Family,Rated E
videogame/www.gamequestdirect.com/047875750333.html,Activision,Playstation 2 > Hunting Fishing,
videogame/www.gamequestdirect.com/014633153378.html,Electronic Arts,Nintendo DS > Sports,Rated E
videogame/www.gamequestdirect.com/01463314618.html,Electronic Arts,GameCube > Action,Rated T
videogame/www.gamequestdirect.com/020626726689.html,Vivendi Universal,Nintendo WII > Action Adventure,
videogame/www.gamequestdirect.com/78868710022.html,Eidos,Playstation 2 > Racing,Rated T
videogame/www.gamequestdirect.com/031719300464.html,Midway,Microsoft Xbox > Fighting,
videogame/www.gamequestdirect.com/045557180331.html,Bandai,Playstation 2 > Action,
videogame/www.gamequestdirect.com/04555708853.html,Bandai,Playstation > Action Adventure,
videogame/www.gamequestdirect.com/023272332761.html,Lucas Arts,Xbox 360 > Action Adventure,Rated T
videogame/www.gamequestdirect.com/014633155457.html,Electronic Arts,Nintendo WII > Sports,Rated E
videogame/www.gamequestdirect.com/083717200574.html,Konami,Playstation 2 > Adventure,Rated M
videogame/www.gamequestdirect.com/00888813011.html,Ubisoft,Nintendo 64 > Family,
videogame/www.gamequestdirect.com/023272332617.html,Lucas Arts,Nintendo DS > Adventure,Rated T
videogame/www.gamequestdirect.com/00888814011.html,Ubisoft,Game Boy Advance > Action Adventure,Rated E
videogame/www.gamequestdirect.com/031719900442.html,Midway,Playstation 2 > Fighting,
videogame/www.gamequestdirect.com/047875810419.html,Activision,GameCube > Adventure,
videogame/www.gamequestdirect.com/80552909774.html,Microsoft,Microsoft Xbox > Adventure,
videogame/www.gamequestdirect.com/014633153415.html,Electronic Arts,Nintendo DS > Sports,Rated E
videogame/www.gamequestdirect.com/047875814837.html,Activision,Sony PSP > Action,
videogame/www.gamequestdirect.com/014633148305.html,Electronic Arts,Playstation 2 > Shooters,Rated T
videogame/www.gamequestdirect.com/04042100632.html,Interplay,Playstation > Role Playing,
videogame/www.gamequestdirect.com/00888814032.html,Ubisoft,Game Boy Advance > Fighting,Rated E
videogame/www.gamequestdirect.com/014633155358.html,Electronic Arts,Nintendo WII > Sports,Rated E
videogame/www.gamequestdirect.com/01338828004.html,Capcom,Game Boy Advance > Role Playing,
videogame/www.gamequestdirect.com/44098764022.html,DVD,DVD Movies > Box Set,
videogame/www.gamequestdirect.com/65955667882.html,Microsoft,Microsoft Xbox > Accessory,
videogame/www.gamequestdirect.com/71171944542.html,Sony Computer Entertainment,Playstation > Action Adventure,
videogame/www.gamequestdirect.com/04787580247.html,Activision,Game Boy Advance > Action Adventure,Rated E
videogame/www.gamequestdirect.com/01338821055.html,Capcom,Playstation > Action Adventure,
videogame/www.gamequestdirect.com/04787580339.html,Activision,Game Boy Advance > Action Adventure,Rated T
videogame/www.gamequestdirect.com/882224054034.html,Microsoft,Xbox 360 > Role Playing,Rated M
videogame/www.gamequestdirect.com/742725255890.html,Atari,Microsoft Xbox > Role Playing,
videogame/www.gamequestdirect.com/00888814006.html,Ubisoft,Game Boy Advance > Shooters,Rated E
videogame/www.gamequestdirect.com/75820638780.html,OEM,Nintendo 64 > Accessory,
videogame/www.gamequestdirect.com/893610001099.html,Aksys Games,Nintendo WII > Simulation,Rated E
videogame/www.gamequestdirect.com/04549686016.html,Interact,Nintendo 64 > Accessory,
videogame/www.gamequestdirect.com/710425296956.html,Take 2 Interactive,Microsoft Xbox > Adventure,
videogame/www.gamequestdirect.com/01463314677.html,Electronic Arts,GameCube > Sports,Rated E
videogame/www.gamequestdirect.com/008888164166.html,Ubisoft,Nintendo DS > Simulation,Rated E
videogame/www.gamequestdirect.com/00888812005.html,Ubisoft,Game Boy Color > Platform,Rated E
videogame/www.gamequestdirect.com/00888815004.html,Activision,GameCube > Family,Rated E
videogame/www.gamequestdirect.com/883929020690.html,WHV Games,Nintendo DS > Family,Rated E10
videogame/www.gamequestdirect.com/788687400183.html,Eidos,Sony PSP > Adventure,
videogame/www.gamequestdirect.com/78868730723.html,Eidos,Playstation > Role Playing,
videogame/www.gamequestdirect.com/013388200146.html,Capcom,GameCube > Compilation,
videogame/www.gamequestdirect.com/00888812017.html,Ubisoft,Game Boy Color > Family,Rated E
videogame/www.gamequestdirect.com/78513837003.html,THQ,Dreamcast > Action Adventure,
videogame/www.gamequestdirect.com/78513832064.html,THQ,Game Boy Color > Family,
videogame/www.gamequestdirect.com/00888815006.html,Ubisoft,GameCube > Family,Rated E
videogame/www.gamequestdirect.com/008888323198.html,Ubisoft,Playstation 2 > Platform,Rated E
videogame/www.gamequestdirect.com/031719269426.html,Midway,Sony PSP > Compilation,Rated M
videogame/www.gamequestdirect.com/730865530052.html,Atlus,Playstation 2 > Role Playing,Rated T
videogame/www.gamequestdirect.com/71171972132.html,Sony Computer Entertainment,Playstation 2 > Role Playing,Rated T
videogame/www.gamequestdirect.com/023272332358.html,Lucas Arts,Playstation 2 > Adventure,Rated T
videogame/www.gamequestdirect.com/00888812031.html,Ubisoft,Game Boy Color > Action Adventure,Rated E
videogame/www.gamequestdirect.com/047875753013.html,Activision,Sony PSP > Simulation,Rated T
videogame/www.gamequestdirect.com/053941702021.html,D3 Publisher of America,GameCube > Adventure,
videogame/www.gamequestdirect.com/04549687026.html,Nintendo,Nintendo 64 > Sports,
videogame/www.gamequestdirect.com/010086680126.html,Sega,Xbox 360 > Action Adventure,Rated T
videogame/www.gamequestdirect.com/72267402112.html,Namco,Game Boy Advance > Compilation,Rated E
videogame/www.gamequestdirect.com/01338820007.html,Namco,GameCube > Shooters,Rated T
videogame/www.gamequestdirect.com/662248906119.html,Square Enix,Sony PSP > Role Playing,
videogame/www.gamequestdirect.com/65955668282.html,Microsoft,Microsoft Xbox > Accessory,
videogame/www.gamequestdirect.com/01338826013.html,Capcom,Playstation 2 > Racing,Rated E
videogame/www.gamequestdirect.com/74272523836.html,Atari,Playstation 2 > Adventure,
videogame/www.gamequestdirect.com/053941702014.html,D3 Publisher of America,GameCube > Adventure,
videogame/www.gamequestdirect.com/882224436052.html,Microsoft,Xbox 360 > Action Adventure,
videogame/www.gamequestdirect.com/014633156577.html,EA Sports,Playstation 2 > Sports,Rated E
videogame/www.gamequestdirect.com/008888173984.html,Ubisoft,Nintendo WII > Action Adventure,Rated M
videogame/www.gamequestdirect.com/03171919821.html,Midway,Game Boy Color > Compilation,Rated E
videogame/www.gamequestdirect.com/010086640595.html,Sega,Microsoft Xbox > Action,Rated T
videogame/www.gamequestdirect.com/01008661018.html,Sega,GameCube > Adventure,
videogame/www.gamequestdirect.com/010086630862.html,Sega,Playstation 2 > Platform,Rated E
videogame/www.gamequestdirect.com/014633148862.html,Electronic Arts,Microsoft Xbox > Action,Rated T
videogame/www.gamequestdirect.com/008888333036.html,Ubisoft,Sony PSP > Shooters,
videogame/www.gamequestdirect.com/710425298974.html,Take 2 Interactive,Xbox 360 > Role Playing,Rated M
videogame/www.gamequestdirect.com/01338824002.html,Enix,Game Boy Color > Shooters,
videogame/www.gamequestdirect.com/72224251961.html,Atari,Game Boy Advance > Fighting,Rated T
videogame/www.gamequestdirect.com/014633151312.html,Electronic Arts,Sony PSP > Simulation,Rated T
videogame/www.gamequestdirect.com/014633147544.html,Electronic Arts,Playstation 2 > Fighting,Rated M
videogame/www.gamequestdirect.com/882224436083.html,Microsoft,Xbox 360 > Action Adventure,
videogame/www.gamequestdirect.com/04549696003.html,Nintendo,GameCube > Action,
videogame/www.gamequestdirect.com/014633148800.html,EA Sports,Sony PSP > Sports,Rated E
videogame/www.gamequestdirect.com/853466001094.html,XSeed JKS,Sony PSP > Action,Rated E10
videogame/www.gamequestdirect.com/710425391316.html,Take 2 Interactive,Xbox 360 > Action Adventure,
videogame/www.gamequestdirect.com/04549695007.html,Nintendo,GameCube > Accessory,
videogame/www.gamequestdirect.com/04555708858.html,Bandai,Playstation > Action Adventure,
videogame/www.gamequestdirect.com/802068100421.html,Jack of all Games,Nintendo DS > Racing,
videogame/www.gamequestdirect.com/662248904054.html,Square Enix,Playstation 2 > Role Playing,
videogame/www.gamequestdirect.com/78868730283.html,Eidos,Playstation > Action Adventure,
videogame/www.gamequestdirect.com/010086650082.html,Sega,Nintendo WII > Family,Rated E
videogame/www.gamequestdirect.com/020626725897.html,Vivendi Universal,Microsoft Xbox > Racing,
videogame/www.gamequestdirect.com/031719198825.html,Midway,GameCube > Role Playing,Rated T
videogame/www.gamequestdirect.com/730865850204.html,Atlus,Game Boy Advance > Strategy,Rated E
videogame/www.gamequestdirect.com/03171919868.html,Midway,Game Boy Advance > Action Adventure,Rated E
videogame/www.gamequestdirect.com/859292000119.html,Madcatz,Playstation 2 > Adventure,Rated T
videogame/www.gamequestdirect.com/013388270019.html,Capcom,Sony PSP > Action,Rated T
videogame/www.gamequestdirect.com/882224444477.html,Microsoft,Xbox 360 > Action Adventure,Rated M
videogame/www.gamequestdirect.com/01463314605.html,Electronic Arts,GameCube > Shooters,Rated T
videogame/www.gamequestdirect.com/66120413006.html,New Kid Co.,Nintendo 64 > Family,
videogame/www.gamequestdirect.com/710425299148.html,Rockstar Software,Xbox 360 > Action Adventure,Rated M
videogame/www.gamequestdirect.com/00888812030.html,Ubisoft,Game Boy Color > Family,Rated E
videogame/www.gamequestdirect.com/01338820002.html,Capcom,GameCube > Action,Rated M
videogame/www.gamequestdirect.com/72267402114.html,Namco,Game Boy Advance > Fighting,Rated T
videogame/www.gamequestdirect.com/014633153088.html,EA Sports,Xbox 360 > Sports,Rated E
videogame/www.gamequestdirect.com/66224899904.html,Square Enix,Playstation > Role Playing,
videogame/www.gamequestdirect.com/788687500395.html,Eidos,Playstation 2 > Music Dancing,Rated T
videogame/www.gamequestdirect.com/03171919976.html,Vivendi Universal,Game Boy Color > Action Adventure,Rated E
videogame/www.gamequestdirect.com/742725275256.html,Atari,Sony PSP > Role Playing,Rated T
videogame/www.gamequestdirect.com/711719805007.html,Sony Computer Entertainment,Playstation 3 > Accessory,
videogame/www.gamequestdirect.com/01338821016.html,Capcom,Playstation > Role Playing,
videogame/www.gamequestdirect.com/04555718012.html,Bandai,Playstation 2 > Role Playing,
videogame/www.gamequestdirect.com/71171944512.html,Sony Computer Entertainment,Playstation > Role Playing,
videogame/www.gamequestdirect.com/710425371301.html,Take 2 Interactive,Playstation 3 > Action Adventure,
videogame/www.gamequestdirect.com/71171971672.html,Sony Computer Entertainment,Playstation 2 > Adventure,
videogame/www.gamequestdirect.com/013388280308.html,Capcom,Game Boy Advance > Compilation,Rated E
videogame/www.gamequestdirect.com/008888323419.html,Ubisoft,Playstation 2 > Action,Rated E
videogame/www.gamequestdirect.com/74272524391.html,Atari,Playstation 2 > Adventure,
videogame/www.gamequestdirect.com/01338829003.html,Capcom,Microsoft Xbox > Fighting,
videogame/www.gamequestdirect.com/045496960445.html,Nintendo,GameCube > Sports,Rated E
videogame/www.gamequestdirect.com/010086690095.html,Sega,Playstation 3 > Racing,Rated E
videogame/www.gamequestdirect.com/79741910006.html,Neotec,Dreamcast > Accessory,
videogame/www.gamequestdirect.com/01008601051.html,Sega,Classic Platform > Sega Genesis,Rated E
videogame/www.gamequestdirect.com/00888812011.html,Ubisoft,Game Boy Color > Action Adventure,Rated E
videogame/www.gamequestdirect.com/01894601007.html,Tecmo,Playstation > Action Adventure,Rated M
videogame/www.gamequestdirect.com/05214584007.html,Virgin,Classic Platform > Super Nintendo SNES,
videogame/www.gamequestdirect.com/66359318003.html,Rockstar Games,Dreamcast > Action Adventure,Rated M
videogame/www.gamequestdirect.com/014633151695.html,EA Sports,Xbox 360 > Sports,Rated E
videogame/www.gamequestdirect.com/710425341335.html,Take 2 Interactive,Nintendo WII > Action Adventure,
videogame/www.gamequestdirect.com/014633151268.html,Electronic Arts,Playstation 2 > Simulation,Rated T
videogame/www.gamequestdirect.com/01463314481.html,Electronic Arts,GameCube > Sports,Rated E
videogame/www.gamequestdirect.com/752919990506.html,THQ,Playstation 3 > Wrestling,Rated T
videogame/www.gamequestdirect.com/014633151619.html,Electronic Arts,Playstation 2 > Action,Rated E
videogame/www.gamequestdirect.com/045496717742.html,Nintendo,Nintendo DS > Accessory,
videogame/www.gamequestdirect.com/71171971132.html,Sony Computer Entertainment,Playstation 2 > Role Playing,
videogame/www.gamequestdirect.com/71171942402.html,Sony Computer Entertainment,Playstation > Role Playing,
videogame/www.gamequestdirect.com/014633152395.html,EA Sports,Microsoft Xbox > Sports,Rated E
videogame/www.gamequestdirect.com/014633152067.html,Electronic Arts,Sony PSP > Action,Rated E
videogame/www.gamequestdirect.com/01463314133.html,Electronic Arts,Nintendo 64 > Sports,Rated E
videogame/www.gamequestdirect.com/008888140313.html,Atari,Game Boy Advance > Racing,
videogame/www.gamequestdirect.com/71171949002.html,Sony Computer Entertainment,Playstation > Platform,
