url,STRING : developer,STRING : publisher,STRING : genre
videogame/www.askmen.com/handheld_Gun-Showdown-Psp.html,Rebellion,Activision,Shooter
videogame/www.askmen.com/handheld_World-Tour-Soccer-06.html,SCE Studios London,Sony Computer Entertainment,Sports
videogame/www.askmen.com/handheld_Killzone-Liberation.html,Guerilla Games,Sony Computer Entertainment,
videogame/www.askmen.com/handheld_Field-Commander.html,Sony Online Entertainment,Sony Online Entertainment,Strategy
videogame/www.askmen.com/handheld_Star-Trek-Tactical-Assault.html,Quicksilver,Bethesda Softworks,Strategy
videogame/www.askmen.com/handheld_Hot-Brain-Fire-Up-Your-Mind-Psp.html,Midway Studios - San Diego,Midway Games,Educational
videogame/www.askmen.com/handheld_Tokobot.html,Tecmo,Tecmo,Action
videogame/www.askmen.com/handheld_Brooktown-High-Senior-Year.html,Backbone Entertainment,Konami,Simulation
videogame/www.askmen.com/handheld_Capcom-Puzzle-World.html,Sensory Sweep,Capcom,Puzzle
videogame/www.askmen.com/handheld_Burnout-Dominator-Psp.html,EA UK,Electronic Arts,Racing
videogame/www.askmen.com/handheld_Rengoku-2.html,Never-Land Company,Konami,Action
videogame/www.askmen.com/handheld_Ape-Escape-Academy-2.html,SCEJ,Sony Computer Entertainment,Party
videogame/www.askmen.com/pc_NHL-07-Pc.html,EA Canada,Electronic Arts,Sports
videogame/www.askmen.com/handheld_Worms-Open-Warfare-2-Psp.html,Team17 Software,THQ,Strategy
videogame/www.askmen.com/handheld_300-March-to-Glory.html,Collision Studios,Warner Bros. Interactive,Action
videogame/www.askmen.com/handheld_Sonic-Rivals.html,,,
videogame/www.askmen.com/handheld_Gitaroo-Man-Lives!.html,KOEI,KOEI,Music
videogame/www.askmen.com/xbox360_Justice-League-Heroes.html,Snowblind Studios,Warner Bros. Interactive,Action
videogame/www.askmen.com/ps2_NFL-Street-3-Ps2.html,Tiburon,Electronic Arts,Sports
videogame/www.askmen.com/handheld_Sonic-Rivals-2-Psp.html,Backbone Entertainment,SEGA,Racing
videogame/www.askmen.com/handheld_Astonishia-Story.html,Sonnori,Ubisoft,RPG
videogame/www.askmen.com/handheld_Chili-Con-Carnage-Psp.html,Deadline Games,Eidos Interactive,Action
videogame/www.askmen.com/handheld_Juiced-Eliminator.html,Juice Games,THQ,Racing
videogame/www.askmen.com/handheld_WipEout-Pulse-Psp.html,SCE Studios Liverpool,Sony Computer Entertainment,Racing
videogame/www.askmen.com/handheld_Blade-Dancer-Lineage-of-Light.html,Hit Maker,NIS America,RPG
videogame/www.askmen.com/handheld_Coded-Arms-Contagion.html,Creat Studio,Konami,Shooter
videogame/www.askmen.com/handheld_ATV-Offroad-Fury-Pro-Psp.html,Climax Studios,Sony Computer Entertainment,Racing
videogame/www.askmen.com/handheld_Brave-Story-New-Traveler.html,Game Republic,Sony Computer Entertainment,RPG
videogame/www.askmen.com/ps2_Micro-Machines-V4.html,Supersonic Software,Codemasters,Racing
videogame/www.askmen.com/handheld_The-Legend-of-Heroes-II-Prophecy-of-the-Moonlight-Witch.html,Microvision,Namco Bandai Games - America,RPG
videogame/www.askmen.com/handheld_Steel-Horizon.html,Konami,Konami,Strategy
videogame/www.askmen.com/handheld_Monster-Kingdom-Jewel-Summoner-Psp.html,Gaia,Atlus Software,RPG
videogame/www.askmen.com/handheld_Dragoneer-s-Aria-Psp.html,Hitmaker,Nippon Ichi Software,RPG
videogame/www.askmen.com/handheld_NCAA-Football-07.html,Tiburon,Electronic Arts,Sports
videogame/www.askmen.com/handheld_Scarface-Money-Power-Respect-Psp.html,FarSight Studios,Vivendi Games,Strategy
videogame/www.askmen.com/handheld_R-Type-Command-Psp.html,Irem Software Engineering,Atlus,Strategy
videogame/www.askmen.com/handheld_NBA07.html,SCE Studios San Diego,Sony Computer Entertainment,Sports
videogame/www.askmen.com/handheld_Puzzle-Guzzle-Psp.html,Irem Software Engineering,Agetec,Puzzle
videogame/www.askmen.com/pc_Worldwide-Soccer-Manager-2007.html,Sports Interactive (SI Interactive),SEGA,Sports
videogame/www.askmen.com/handheld_Downstream-Panic-Psp.html,Eko System,Atari,Puzzle
videogame/www.askmen.com/handheld_Star-Fox-Command-Ds.html,Q-Games,Nintendo,Flight
videogame/www.askmen.com/handheld_Lunar-Knights.html,Kojima Productions,Konami,RPG
videogame/www.askmen.com/handheld_Picross-DS-Ds.html,Jupiter,Nintendo,Puzzle
videogame/www.askmen.com/handheld_Bomberman-Land-Touch-2-Ds.html,Hudson Soft,Hudson Soft,Action
videogame/www.askmen.com/handheld_Spider-Man-Battle-for-New-York-Ds.html,Torus Games,Activision,Action
videogame/www.askmen.com/handheld_Gunpey-Ds.html,Q Entertainment,NAMCO BANDAI Group,Puzzle
videogame/www.askmen.com/handheld_Lostmagic.html,,,RPG
videogame/www.askmen.com/handheld_Magical-Starsign.html,Brownie Brown,Nintendo,RPG
videogame/www.askmen.com/handheld_Mega-Man-ZX.html,Capcom,Capcom,Platformer
videogame/www.askmen.com/handheld_Konami-Classics-Series-Arcade-Hits-Ds.html,Konami,Konami,Action
videogame/www.askmen.com/handheld_Naruto-Ninja-Destiny-Ds.html,Tomy Corporation,Tomy Corporation,Fighting
videogame/www.askmen.com/handheld_Children-of-Mana.html,Square Enix,Square Enix,Action
videogame/www.askmen.com/handheld_Mega-Man-ZX-Advent-Ds.html,Capcom,Capcom,Platformer
videogame/www.askmen.com/handheld_Magnetica.html,Mitchell Corporation,Nintendo,Puzzle
videogame/www.askmen.com/handheld_Touch-Detective.html,BeeWorks,Success,Adventure
videogame/www.askmen.com/handheld_M-M-s-Kart-Racing-Ds.html,Frontline Studios,"Destination Software, Inc. (DSI)",Racing
videogame/www.askmen.com/handheld_Contra-4-Ds.html,WayForward Technologies,Konami,Action
videogame/www.askmen.com/handheld_Namco-Museum-DS-Ds.html,Namco,Namco,Action
videogame/www.askmen.com/handheld_Master-of-Illusion-Ds.html,Nintendo,Nintendo,Simulation
videogame/www.askmen.com/handheld_Mario-Hoops-3-on-3.html,Square Enix,Nintendo,Sports
videogame/www.askmen.com/handheld_Chibi-Robo-Park-Patrol.html,,,
videogame/www.askmen.com/handheld_Arkanoid-DS-Ds.html,Taito,Square Enix,Action
videogame/www.askmen.com/handheld_Cooking-Mama-2-Dinner-With-Friends-Ds.html,Office Create,Majesco,Other
videogame/www.askmen.com/handheld_Time-Ace-Ds.html,Trainwreck Studios,Konami,Flight
videogame/www.askmen.com/handheld_Dino-Master.html,Creative Office,Majesco,RPG
videogame/www.askmen.com/handheld_Lost-in-Blue-3-Ds.html,Konami,Konami,Adventure
videogame/www.askmen.com/handheld_Blades-of-Thunder-II.html,Interactive Vision,Summitsoft,Flight
videogame/www.askmen.com/handheld_Break-em-All.html,Warashi,D3 Publisher,Puzzle
videogame/www.askmen.com/handheld_Avatar-The-Last-Airbender-Psp.html,THQ Studio Australia (Studio Oz),THQ,Action
videogame/www.askmen.com/ps2_Super-Street-Fighter-II-Turbo-HD-Remix-Ps3.html,Backbone Entertainment,Capcom,Fighting
videogame/www.askmen.com/ps2_Monster-Madness.html,Psyonix,SouthPeak Interactive,Action
videogame/www.askmen.com/ps2_SingStar-Rocks-Ps2.html,SCE Studios London,Sony Computer Entertainment,Music
videogame/www.askmen.com/pc_Rise-of-Nations-Rise-of-Legends.html,,,Strategy
videogame/www.askmen.com/pc_Zoo-Tycoon-2-African-Adventure-Pc.html,Blue Fang Games,Microsoft,Simulation
videogame/www.askmen.com/xbox360_Huxley.html,Webzen,Webzen,Shooter
videogame/www.askmen.com/ps2_The-Simpsons-Game-Ps3.html,EA Redwood Shores,Electronic Arts,Action
videogame/www.askmen.com/xbox360_Winning-Eleven-Pro-Evolution-Soccer-2008-Xbox360.html,Konami,Konami,Sports
videogame/www.askmen.com/handheld_The-Legend-of-Spyro-A-New-Beginning-Ds.html,Amaze Entertainment,Sierra,Platformer
videogame/www.askmen.com/xbox360_Soulcalibur-IV-Xbox360.html,Project Soul,Namco Bandai,Fighting
videogame/www.askmen.com/ps2_Tales-of-Legendia.html,Namco,Namco,RPG
videogame/www.askmen.com/ps2_The-Chronicles-of-Narnia-Prince-Caspian-Ps3.html,Traveller's Tales,Disney Interactive Studios,Action
videogame/www.askmen.com/ps2_Justice-League-Heroes.html,Snowblind Studios,Warner Bros. Interactive,Action
videogame/www.askmen.com/xbox360_LEGO-Star-Wars-II-The-Original-Trilogy-Xbox360.html,Traveller's Tales,LucasArts,Action
videogame/www.askmen.com/pc_StarCraft-II-Pc.html,Blizzard Entertainment,Blizzard Entertainment,Strategy
videogame/www.askmen.com/ps2_Grand-Theft-Auto-San-Andreas.html,Rockstar North,Rockstar Games,Action
videogame/www.askmen.com/xbox360_Virtua-Fighter-5-Xbox360.html,SEGA-AM2,SEGA,Fighting
videogame/www.askmen.com/pc_FEAR-Extraction-Point.html,TimeGate,Sierra,Shooter
videogame/www.askmen.com/pc_Shattered-Suns-Pc.html,Clear Crown Studios,Clear Crown Studios,Strategy
videogame/www.askmen.com/xbox360_AND-1-Streetball.html,Black Ops,Ubisoft,Sports
videogame/www.askmen.com/ps2_Hellboy.html,Krome Studios,Konami,Action
videogame/www.askmen.com/xbox360_This-is-Vegas-Xbox360.html,Surreal Software,Midway Games,Action
videogame/www.askmen.com/handheld_It-a-Wonderful-World-Ds.html,Jupiter,Square Enix,RPG
videogame/www.askmen.com/handheld_Big-Brain-Academy.html,NST,Nintendo,Trivia
videogame/www.askmen.com/ps2_Genji-2.html,Game Republic,Sony Computer Entertainment,Action
videogame/www.askmen.com/pc_Pirates-of-the-Caribbean-The-Legend-of-Jack-Sparrow-Pc.html,7 Studios,Bethesda Softworks,Action
videogame/www.askmen.com/pc_Age-of-Conan-Hyborian-Adventures.html,Funcom,Funcom,Action
videogame/www.askmen.com/pc_Championship-Manager-2007-Pc.html,Beautiful Game Studios,Eidos Interactive,Sports
videogame/www.askmen.com/handheld_Final-Fantasy-Tactics-A2-The-Sealed-Grimoire-Ds.html,Square Enix,Square Enix,Strategy
videogame/www.askmen.com/handheld_Bleach-DS-2nd-Ds.html,Treasure,SEGA,Fighting
videogame/www.askmen.com/ps2_Need-for-Speed-Carbon-Ps2.html,EA Black Box,Electronic Arts,Racing
videogame/www.askmen.com/handheld_Super-Collapse-3-Ds.html,MacPlay,Mumbo Jumbo,Puzzle
videogame/www.askmen.com/ps2_LEGO-Batman-The-Videogame-Ps3.html,Traveller's Tales,Warner Bros. Interactive,Action
videogame/www.askmen.com/ps2_Rugby-08-Ps2.html,EA Canada,Electronic Arts,Sports
videogame/www.askmen.com/pc_Lost-The-Videogame-Pc.html,Ubisoft Montreal,Ubisoft,Adventure
videogame/www.askmen.com/handheld_LEGO-Indiana-Jones-The-Original-Adventures-Psp.html,Traveller's Tales,LucasArts,Adventure
videogame/www.askmen.com/handheld_Theme-Park-Ds.html,EA Japan,Electronic Arts,Simulation
videogame/www.askmen.com/ps2_Heavenly-Sword.html,Ninja Theory,Sony Computer Entertainment,Action
videogame/www.askmen.com/handheld_Glory-Days-2-Ds.html,ODENIS Studio,*TBA,Action
videogame/www.askmen.com/handheld_Dungeons&Dragons-Tactics.html,Kuju Entertainment,Atari,RPG
videogame/www.askmen.com/xbox360_NCAA-Football-07.html,Tiburon,Electronic Arts,Sports
videogame/www.askmen.com/xbox360_Tony-Hawk-s-Proving-Ground-Xbox360.html,Neversoft Entertainment,Activision,Sports
videogame/www.askmen.com/ps2_Dance-Dance-Revolution-SuperNOVA.html,,,
videogame/www.askmen.com/pc_Section-8-Pc.html,TimeGate,Gamecock,Shooter
videogame/www.askmen.com/pc_Guitar-Hero-III-Legends-of-Rock-Pc.html,Aspyr,Aspyr,Music
videogame/www.askmen.com/xbox360_Mass-Effect.html,BioWare,Microsoft,RPG
videogame/www.askmen.com/ps2_Saints-Row-2-Ps3.html,Volition,THQ,Action
videogame/www.askmen.com/xbox360_Tom-Clancy-Rainbow-Six-Vegas.html,Ubisoft Montreal,Ubisoft,Shooter
videogame/www.askmen.com/ps2_Phantasy-Star-Universe.html,Sonic Team,SEGA,RPG
videogame/www.askmen.com/ps2_The-Chronicles-of-Narnia-Prince-Caspian-Ps2.html,Traveller's Tales,Disney Interactive Studios,Action
videogame/www.askmen.com/ps2_Rogue-Galaxy.html,Level-5,Sony Computer Entertainment,RPG
videogame/www.askmen.com/pc_Prey.html,Human Head Studios,2K Games,Shooter
videogame/www.askmen.com/xbox360_Juiced-2-Hot-Import-Nights-Xbox360.html,Juice Games,THQ,Racing
videogame/www.askmen.com/xbox360_Thrillville-Off-the-Rails-Xbox360.html,Frontier Developments,LucasArts,Simulation
videogame/www.askmen.com/ps2_Brothers-in-Arms-Hell-Highway.html,Gearbox Software,Ubisoft,Shooter
videogame/www.askmen.com/ps2_Dragon-Ball-Z-Budokai-Tenkaichi-2.html,Spike,Atari,Fighting
videogame/www.askmen.com/xbox360_Conflict-Denied-Ops-Xbox360.html,Pivotal Games,Eidos Interactive,Shooter
videogame/www.askmen.com/handheld_NBA-08-Block-Party-Psp.html,SCE Studios San Diego,Sony Computer Entertainment,Sports
videogame/www.askmen.com/xbox360_Army-of-Two.html,EA Montreal,Electronic Arts,Action
videogame/www.askmen.com/ps2_Tony-Hawk-s-Proving-Ground-Ps3.html,Neversoft Entertainment,Activision,Sports
videogame/www.askmen.com/pc_Civilization-IV-Warlords.html,Firaxis,2K Games,Strategy
videogame/www.askmen.com/pc_Resident-Evil-4-Pc.html,Capcom Production Studio 4,Ubisoft,Action
videogame/www.askmen.com/pc_Infernal-Pc.html,Metropolis Software House,Playlogic,Action
videogame/www.askmen.com/ps2_Yu-Gi-Oh-GX-The-Beginning-of-Destiny-Ps2.html,Konami JPN (KCEJ),Konami,Strategy
videogame/www.askmen.com/xbox360_Soltrio-Solitaire-Xbox360.html,Silver Creek Entertainment,Silver Creek Entertainment,Board
videogame/www.askmen.com/xbox360_FlatOut-2.html,Bugbear Entertainment,Vivendi Games,Racing
videogame/www.askmen.com/handheld_N-Ds.html,SilverBirch Studios,Atari,Platformer
videogame/www.askmen.com/ps2_James-Bond-007-From-Russia-With-Love.html,EA Redwood Shores,Electronic Arts,Action
videogame/www.askmen.com/ps2_Wild-ARMs-5-Ps2.html,Media Vision,Sony Computer Entertainment,RPG
videogame/www.askmen.com/xbox360_Guitar-Hero-III-Xbox360.html,Neversoft Entertainment,RedOctane,Music
videogame/www.askmen.com/ps2_Brave-The-Search-for-Spirit-Dancer.html,Vis Entertainment,Evolved Games,Action
videogame/www.askmen.com/xbox360_Frogger.html,Digital Eclipse Software,Konami,Action
videogame/www.askmen.com/ps2_Rocketmen-Axis-of-Evil-Ps3.html,A.C.R.O.N.Y.M. Games,Capcom,Shooter
videogame/www.askmen.com/handheld_N-Psp.html,SilverBirch Studios,Atari,Platformer
videogame/www.askmen.com/pc_Beowulf-Pc.html,Ubisoft Tiwak,Ubisoft,Action
videogame/www.askmen.com/pc_Tom-Clancy-s-H-A-W-X-Pc.html,Ubisoft Romania,Ubisoft,Flight
videogame/www.askmen.com/ps2_Final-Fantasy-XII.html,Square Enix,Square Enix,RPG
videogame/www.askmen.com/ps2_Reservoir-Dogs.html,Volatile Games,Eidos Interactive,Action
videogame/www.askmen.com/pc_Sudden-Strike-3-Arms-for-Victory-Pc.html,Fireglow Games,cdv Software Entertainment,Strategy
videogame/www.askmen.com/pc_Battlefield-2-Armored-Fury.html,DICE Canada (Digital Illusions),Electronic Arts,Shooter
videogame/www.askmen.com/xbox360_Kingdom-Under-Fire-Circle-of-Doom-Xbox360.html,Blueside,Microsoft,Action
videogame/www.askmen.com/xbox360_Heavy-Weapon-Atomic-Tank-Xbox360.html,PopCap Games,Microsoft,Action
videogame/www.askmen.com/xbox360_Urban-Chaos-Riot-Response.html,Rocksteady Studios,Eidos Interactive,Shooter
videogame/www.askmen.com/handheld_Smash-Court-Tennis-3-Psp.html,Namco,Namco Bandai,Sports
videogame/www.askmen.com/ps2_Elefunk-Ps3.html,8bit,Sony Computer Entertainment,Puzzle
videogame/www.askmen.com/ps2_The-Incredible-Hulk-Ultimate-Destruction.html,Radical Entertainment,Vivendi Universal Games,Action
videogame/www.askmen.com/xbox360_Warriors-Orochi-Xbox360.html,Omega Force,KOEI,Action
videogame/www.askmen.com/handheld_Mercury-Meltdown.html,Awesome Studios,Ignition Entertainment,Puzzle
videogame/www.askmen.com/ps2_Samurai-Warriors-2.html,Omega Force,KOEI,
videogame/www.askmen.com/ps2_Spy-Hunter-Nowhere-to-Run.html,Terminal Reality,Midway Games,Racing
videogame/www.askmen.com/pc_AGEOD-s-American-Civil-War-1861-1865-8211-The-Blue-and-the-Gray-Pc.html,AGEOD,Matrix Games,Strategy
videogame/www.askmen.com/handheld_Hot-Shots-Golf-Open-Tee-2-Psp.html,Clap Hanz,Sony Computer Entertainment,Sports
videogame/www.askmen.com/ps2_Spider-Man-3-Collector-s-Edition-Ps3.html,Treyarch,Activision,Action
videogame/www.askmen.com/handheld_Dragon-Ball-Z-Supersonic-Warriors-2.html,Banpresto,Atari,Action
videogame/www.askmen.com/pc_Enemy-Territory-Quake-Wars.html,Splash Damage,Activision,Shooter
videogame/www.askmen.com/xbox360_Army-Men-Major-Malfunction.html,*TBA,Global Star,Shooter
videogame/www.askmen.com/ps2_Medal-of-Honor-Vanguard-Ps2.html,EA Los Angeles,Electronic Arts,Shooter
videogame/www.askmen.com/handheld_Rocky-Balboa-Psp.html,Digital Fiction,Ubisoft,Sports
videogame/www.askmen.com/ps2_Madden-NFL-07.html,Tiburon,Electronic Arts,
videogame/www.askmen.com/pc_Over-the-Hedge.html,Edge of Reality,Activision,Action
videogame/www.askmen.com/handheld_Civilization-Revolution-Ds.html,Firaxis,2K Games,Strategy
videogame/www.askmen.com/handheld_Ace-Combat-X-Skies-of-Deception.html,Namco,Namco,Flight
videogame/www.askmen.com/pc_ArchLord-Pc.html,NHN Games,Codemasters,RPG
videogame/www.askmen.com/handheld_The-Legend-of-Zelda-Phantom-Hourglass.html,Nintendo,Nintendo,Action
videogame/www.askmen.com/xbox360_Viva-Pinata-Party-Animals-Xbox360.html,Krome Studios,Microsoft,Party
videogame/www.askmen.com/handheld_Thrillville.html,Frontier Developments,LucasArts,Simulation
videogame/www.askmen.com/xbox360_Undertow-Xbox360.html,Chair Entertainment,Chair Entertainment,Shooter
videogame/www.askmen.com/xbox360_Sonic-the-Hedgehog.html,Sonic Team,SEGA,Platformer
videogame/www.askmen.com/pc_Company-of-Heroes-Opposing-Fronts-Pc.html,Relic,THQ,Strategy
videogame/www.askmen.com/ps2_Twisted-Metal-Head-On-Extra-Twisted-Edition-Ps2.html,"Eat, Sleep, Play",Sony Computer Entertainment,Racing
videogame/www.askmen.com/pc_Silent-Hunter-Wolves-of-the-Pacific-Pc.html,Ubisoft Romania,Ubisoft,Simulation
videogame/www.askmen.com/xbox360_N-Xbox360.html,Slick Entertainment,Slick Entertainment,Platformer
videogame/www.askmen.com/handheld_Line-Rider-Ds.html,inXile entertainment,Genius Products,Puzzle
videogame/www.askmen.com/xbox360_Final-Fantasy-XI.html,,,RPG
videogame/www.askmen.com/handheld_Fish-Tycoon-Ds.html,Majesco,Majesco,Sports
videogame/www.askmen.com/handheld_Ninja-Gaiden-Dragon-Sword-Ds.html,Team Ninja,Tecmo,Action
videogame/www.askmen.com/xbox360_Legendary-The-Box-Xbox360.html,Spark Unlimited,Gamecock,Shooter
videogame/www.askmen.com/xbox360_Snoopy-vs.-the-Red-Baron.html,Namco,Namco,Flight
videogame/www.askmen.com/ps2_OutRun-2006-Coast-2-Coast.html,,,Racing
videogame/www.askmen.com/pc_BioShock.html,Irrational Games,2K Games,Action
videogame/www.askmen.com/ps2_Superman-Returns-The-Videogame.html,Tiburon,Electronic Arts,Action
videogame/www.askmen.com/ps2_Grand-Theft-Auto-Liberty-City-Stories.html,Rockstar Leeds,Rockstar Games,Action
videogame/www.askmen.com/pc_Armed-Assault-Pc.html,Bohemia Interactive,Bohemia Interactive,Shooter
videogame/www.askmen.com/handheld_Dragon-Quest-Monsters-Joker-Ds.html,Square Enix,Square Enix,RPG
videogame/www.askmen.com/ps2_Buzz-The-Mega-Quiz-Ps2.html,Relentless Software,Sony Computer Entertainment,Trivia
videogame/www.askmen.com/handheld_Castlevania-Portrait-Of-Ruin.html,Konami,Konami,Action
videogame/www.askmen.com/handheld_Orcs-Elves-Ds.html,id Software,Electronic Arts,Action
videogame/www.askmen.com/handheld_John-Deere-Harvest-in-the-Heatland-Ds.html,Black Lantern Studios,Destineer,Simulation
videogame/www.askmen.com/xbox360_Soldier-of-Fortune-Pay-Back-Xbox360.html,Cauldron,Activision,Shooter
videogame/www.askmen.com/xbox360_Tom-Clancy-s-Splinter-Cell-Conviction-Xbox360.html,Ubisoft Montreal,Ubisoft,Action
videogame/www.askmen.com/handheld_Drawn-to-Life-Ds.html,5th Cell,THQ,Action
videogame/www.askmen.com/ps2_Destroy-All-Humans-Path-of-the-Furon-Ps3.html,Sandblast,THQ,Adventure
videogame/www.askmen.com/xbox360_Mercenaries-2-World-in-Flames-Xbox360.html,Pandemic Studios,Electronic Arts,Shooter
videogame/www.askmen.com/xbox360_Top-Spin-3-Xbox360.html,PAM Development,2K Sports,Sports
videogame/www.askmen.com/handheld_Petz-Horsez-2-Ds.html,Virtual Toys,Ubisoft,Virtual Pet
videogame/www.askmen.com/xbox360_Prince-of-Persia-Xbox360.html,Ubisoft Montreal,Ubisoft,Adventure
videogame/www.askmen.com/pc_Rise-of-the-Argonauts-Pc.html,Liquid Entertainment,Codemasters,Action
videogame/www.askmen.com/pc_Empire-Earth-III-Pc.html,Mad Doc Software,Vivendi Games,Strategy
videogame/www.askmen.com/pc_Dungeon-Hero-Pc.html,FireFly Studios,Gamecock,Action
videogame/www.askmen.com/xbox360_Gyruss-Xbox360.html,Digital Eclipse Software,Konami,Shooter
videogame/www.askmen.com/xbox360_NCAA-Football-08-Xbox360.html,Tiburon,Electronic Arts,Sports
videogame/www.askmen.com/handheld_Monster-Hunter-Portable.html,Capcom Production Studio 1,Capcom,Action
videogame/www.askmen.com/handheld_World-Poker-Tour.html,Coresoft Games,2K Sports,Casino
videogame/www.askmen.com/xbox360_Wing-Commander-Arena-Xbox360.html,Gaia Industries,Electronic Arts,Flight
videogame/www.askmen.com/ps2_Valkyrie-Profile-2-Silmeria.html,tri-Ace,Square Enix,RPG
videogame/www.askmen.com/ps2_Pimp-My-Ride-Ps2.html,*TBA,Activision Value,Action
videogame/www.askmen.com/xbox360_NFL-Tour-Xbox360.html,Tiburon,Electronic Arts,Sports
videogame/www.askmen.com/pc_Lara-Croft-Tomb-Raider-Anniversary-Pc.html,Crystal Dynamics,Eidos Interactive,Adventure
videogame/www.askmen.com/xbox360_TimeShift-Xbox360.html,Saber Interactive,Vivendi Games,Shooter
videogame/www.askmen.com/xbox360_Happy-Tree-Friends-False-Alarm-Xbox360.html,Stainless Games,SEGA,Puzzle
videogame/www.askmen.com/ps2_Viking-Battle-for-Asgard-Ps3.html,Creative Assembly,SEGA,Action
videogame/www.askmen.com/xbox360_Marvel-Ultimate-Alliance.html,Raven Software,Activision,Action
videogame/www.askmen.com/pc_Auto-Assault.html,NetDevil,NCsoft,Action
videogame/www.askmen.com/pc_Velvet-Assassin-Pc.html,Replay Studios,Gamecock,Action
videogame/www.askmen.com/pc_Rome-Total-War-Alexander.html,Creative Assembly,SEGA,Strategy
videogame/www.askmen.com/xbox360_Saints-Row-2-Xbox360.html,Volition,THQ,Action
videogame/www.askmen.com/xbox360_Need-for-Speed-ProStreet-Xbox360.html,Black Box,Electronic Arts,Racing
videogame/www.askmen.com/pc_Unreal-Tournament-2007.html,Epic Games,Midway Games,Shooter
videogame/www.askmen.com/pc_Happy-Tree-Friends-False-Alarm-Pc.html,Stainless Games,SEGA,Puzzle
videogame/www.askmen.com/xbox360_Golden-Axe-Beast-Rider-Xbox360.html,Secret Level,SEGA,Action
videogame/www.askmen.com/pc_The-Sims-2-Castaway-Stories-Pc.html,Maxis,Electronic Arts,Simulation
videogame/www.askmen.com/ps2_Fatal-Fury-Battle-Archives-Volume-2-Ps2.html,SNK Playmore,SNK Playmore,Fighting
videogame/www.askmen.com/xbox360_Mortal-Kombat-Armageddon.html,Midway Games,Midway Games,Fighting
videogame/www.askmen.com/handheld_Iron-Man-Psp.html,A2M (Artificial Mind and Movement),SEGA,Action
videogame/www.askmen.com/xbox360_The-Darkness.html,Starbreeze AB,2K Games,Action
videogame/www.askmen.com/handheld_Lemmings.html,Team17 Software,Sony Computer Entertainment,
videogame/www.askmen.com/handheld_Star-Wars-The-Force-Unleashed-Ds.html,n-Space,LucasArts,Action
videogame/www.askmen.com/xbox360_Pirates-of-the-Caribbean-3-Xbox360.html,Eurocom,Disney Interactive Studios,Action
videogame/www.askmen.com/pc_Sins-of-a-Solar-Empire-Pc.html,Ironclad Games,Stardock,Strategy
videogame/www.askmen.com/handheld_Pokemon-Diamond-Ds.html,Game Freak,Nintendo,RPG
videogame/www.askmen.com/ps2_SNK-Arcade-Classics-Volume-1-Ps2.html,SNK,SNK Playmore,Action
videogame/www.askmen.com/xbox360_Frontlines-Fuel-of-War.html,Kaos Studios,THQ,Shooter
videogame/www.askmen.com/pc_Neverwinter-Nights-2.html,Obsidian Entertainment,Atari,RPG
videogame/www.askmen.com/pc_Medieval-2-Total-War.html,Creative Assembly,SEGA,Strategy
videogame/www.askmen.com/pc_LEGO-Indiana-Jones-The-Original-Adventures-Pc.html,Traveller's Tales,LucasArts,Adventure
videogame/www.askmen.com/handheld_Ultimate-Ghostsn-Goblins.html,Capcom,Capcom,
videogame/www.askmen.com/xbox360_Plunder-Xbox360.html,Certain Affinity,Capcom,Strategy
videogame/www.askmen.com/handheld_Every-Extend-Extra-Psp.html,Q Entertainment,Buena Vista Games,Shooter
videogame/www.askmen.com/ps2_Xiaolin-Showdown-Ps2.html,Bottlerocket Entertainment,Konami,Action
videogame/www.askmen.com/pc_Mythos-Pc.html,Flagship Studios Seattle,Ping0,RPG
videogame/www.askmen.com/xbox360_FIFA-Street-3-Xbox360.html,EA Canada,Electronic Arts,Sports
videogame/www.askmen.com/pc_Anno-1701.html,Related Designs,Sunflowers,Strategy
videogame/www.askmen.com/handheld_Tetris-DS.html,Nintendo,Nintendo,Puzzle
videogame/www.askmen.com/xbox360_Conan-the-Barbarian-Xbox360.html,Nihilistic,THQ,Action
videogame/www.askmen.com/xbox360_Ninja-Gaiden-2-Xbox360.html,Team Ninja,Tecmo,Action
videogame/www.askmen.com/handheld_Aliens-vs-Predator-Psp.html,Rebellion,Sierra,Action
videogame/www.askmen.com/handheld_Super-Dodgeball-Brawlers-Ds.html,Million Co.,Aksys Games,Sports
videogame/www.askmen.com/pc_Tom-Clancy-s-Splinter-Cell-Conviction-Pc.html,Ubisoft Montreal,Ubisoft,Action
videogame/www.askmen.com/ps2_Warriors-Orochi-Ps2.html,Omega Force,KOEI,Action
videogame/www.askmen.com/ps2_Scarface-The-World-is-Yours.html,Radical Entertainment,Vivendi Games,Action
videogame/www.askmen.com/handheld_Tales-of-the-World-Radiant-Mythology-Psp.html,Namco Tales Studio,NAMCO BANDAI Group,RPG
videogame/www.askmen.com/pc_Alone-in-the-Dark-(2006).html,Eden Studios,Atari,Adventure
videogame/www.askmen.com/pc_Race-Driver-Grid-Pc.html,Codemasters,Codemasters,Racing
videogame/www.askmen.com/pc_The-Precursors.html,Deep Shadows,Play Ten Interactive (PTI),Shooter
videogame/www.askmen.com/ps2_Art-of-Fighting-Anthology-Ps2.html,*TBA,SNK Playmore,Fighting
videogame/www.askmen.com/ps2_Tales-of-the-Abyss-Ps2.html,Team Symphonia (Namco Tales Studio),Namco,RPG
videogame/www.askmen.com/pc_Dungeons&Dragons-Online-Stormreach.html,Turbine,Atari,RPG
videogame/www.askmen.com/handheld_Chousouju-Mecha-MG-Ds.html,Sandlot (JP),Nintendo,Action
videogame/www.askmen.com/pc_War-Front-Turning-Point.html,Digital Reality,CDV,Strategy
videogame/www.askmen.com/pc_Portal-Pc.html,Valve,Valve,Shooter
videogame/www.askmen.com/xbox360_Carcassonne-Xbox360.html,Bizarre Creations,Microsoft,Strategy
videogame/www.askmen.com/handheld_Syphon-Filter-Logan-s-Shadow-Psp.html,Sony Bend,Sony Computer Entertainment,Shooter
videogame/www.askmen.com/handheld_Final-Fantasy-XII-Revenant-Wings-Ds.html,Square Enix,Square Enix,Strategy
videogame/www.askmen.com/xbox360_EA-Sports-Fight-Night-Round-3.html,EA Chicago,Electronic Arts,Sports
videogame/www.askmen.com/xbox360_Onechanbara-vorteX-Xbox360.html,Tamsoft,D3 Publisher,Action
videogame/www.askmen.com/ps2_Eureka-Seven-New-Vision.html,BEC,Bandai,
videogame/www.askmen.com/handheld_Geometry-Wars-Galaxies-Ds.html,Kuju Entertainment,Sierra,Shooter
videogame/www.askmen.com/xbox360_Kane-Lynch-Dead-Men-Xbox360.html,Io Interactive,Eidos Interactive,Action
videogame/www.askmen.com/xbox360_Ace-Combat-6-Fires-of-Liberation-Xbox360.html,Project Aces,Namco,Flight
videogame/www.askmen.com/xbox360_Call-of-Duty-3-Xbox.html,Treyarch,Activision,Shooter
videogame/www.askmen.com/handheld_Hannah-Montana.html,*TBA,Buena Vista Games,
videogame/www.askmen.com/xbox360_Midnight-Club-Los-Angeles-Xbox360.html,Rockstar San Diego,Rockstar Games,Racing
videogame/www.askmen.com/pc_Huxley.html,Webzen,Webzen,Shooter
videogame/www.askmen.com/ps2_Final-Fantasy-XI-Wings-of-the-Goddess-Ps2.html,Square Enix,Square Enix,RPG
videogame/www.askmen.com/ps2_Ratchet-Clank-Future-Tools-of-Destruction-Ps3.html,Insomniac Games,Sony Computer Entertainment,Action
videogame/www.askmen.com/xbox360_Bully-Scholarship-Edition-Xbox360.html,Rockstar Vancouver,Rockstar Games,Action
videogame/www.askmen.com/ps2_Beowulf-Ps3.html,Ubisoft Tiwak,Ubisoft,Action
videogame/www.askmen.com/ps2_The-Eye-of-Judgment.html,SCE Studios Japan,Sony Computer Entertainment,Card
videogame/www.askmen.com/xbox360_Dance-Dance-Revolution-Universe.html,Konami,Konami,Music
videogame/www.askmen.com/ps2_Jaws-Unleashed.html,Appaloosa Interactive,Majesco,Action
videogame/www.askmen.com/ps2_Winning-Eleven-Pro-Evolution-Soccer-2007.html,Konami,Konami,Sports
videogame/www.askmen.com/ps2_Gran-Turismo-5-Ps3.html,Polyphony Digital,Sony Computer Entertainment,Racing
videogame/www.askmen.com/ps2_Pain-Ps3.html,Idol Minds Digital Entertainment,Sony Computer Entertainment,Action
videogame/www.askmen.com/xbox360_NBA-Live-07-Xbox.html,EA Canada,Electronic Arts,Sports
videogame/www.askmen.com/xbox360_WWE-SmackDown-vs.-RAW-2007.html,Yuke's Media Creations,THQ,Wrestling
videogame/www.askmen.com/handheld_Final-Fantasy-Tactics-The-War-of-The-Lions-Psp.html,Square Enix,Square Enix,Strategy
videogame/www.askmen.com/ps2_Urban-Chaos-Riot-Response.html,Rocksteady Studios,Eidos Interactive,Shooter
videogame/www.askmen.com/xbox360_Tom-Clancy-s-EndWar-Xbox360.html,Ubisoft Shanghai,Ubisoft,Strategy
videogame/www.askmen.com/ps2_Kane-Lynch-Dead-Men-Ps3.html,Io Interactive,Eidos Interactive,Action
videogame/www.askmen.com/ps2_Calling-All-Cars-Ps3.html,Incog Inc. Entertainment,Sony Computer Entertainment,Action
videogame/www.askmen.com/xbox360_skate-Xbox360.html,Black Box,Electronic Arts,Sports
videogame/www.askmen.com/xbox360_College-Hoops-2K8-Xbox360.html,Visual Concepts,2K Sports,Sports
videogame/www.askmen.com/ps2_Nobunaga-s-Ambition-Rise-to-Power-Ps2.html,KOEI,KOEI,Strategy
videogame/www.askmen.com/handheld_Dragon-Quest-IV-Ds.html,ArtePiazza,Square Enix,RPG
videogame/www.askmen.com/xbox360_Warhammer-Battle-March-Xbox360.html,Black Hole Entertainment,Namco Bandai,Strategy
videogame/www.askmen.com/xbox360_Dance-Dance-Revolution-ULTRAMIX4.html,Konami,Konami,Music
videogame/www.askmen.com/xbox360_Switchball-Xbox360.html,Atomic Elbow,Sierra,Puzzle
videogame/www.askmen.com/handheld_Xiaolin-Showdown-Ds.html,Razorback Developments,Konami,Action
videogame/www.askmen.com/ps2_NBA-2K7.html,Visual Concepts,2K Sports,Sports
videogame/www.askmen.com/xbox360_The-Simpsons-Game-Xbox360.html,EA Redwood Shores,Electronic Arts,Action
videogame/www.askmen.com/handheld_God-of-War-Chains-of-Olympus-Psp.html,Ready At Dawn Studios,Sony Computer Entertainment,Action
videogame/www.askmen.com/handheld_Patapon-Psp.html,Pyramid (JP),Sony Computer Entertainment,Action
videogame/www.askmen.com/ps2_Tekken-6.html,Namco,Namco,Fighting
videogame/www.askmen.com/handheld_Ford-Bold-Moves-Street-Racing-Psp.html,Razorworks,Empire Interactive,Racing
videogame/www.askmen.com/pc_Battlefield-2142.html,Digital Illusions CE (DICE),Electronic Arts,Shooter
videogame/www.askmen.com/handheld_Mario-Party-DS-Ds.html,Nintendo,Nintendo,Party
videogame/www.askmen.com/pc_Crysis.html,Crytek Studios,Electronic Arts,Shooter
videogame/www.askmen.com/xbox360_Commanders-Attack-Xbox360.html,Southend Interactive,Sierra,Strategy
videogame/www.askmen.com/xbox360_NHL-08-Xbox360.html,EA Canada,Electronic Arts,Sports
videogame/www.askmen.com/ps2_The-Golden-Compass-Ps3.html,Shiny Entertainment,SEGA,Action
videogame/www.askmen.com/ps2_Ratchet-Clank-Size-Matters-Ps2.html,High Impact Games,Sony Computer Entertainment,Action
videogame/www.askmen.com/ps2_Major-League-Baseball-2K8-Ps3.html,Kush Games,2K Games,Sports
videogame/www.askmen.com/ps2_Super-DBZ.html,Craft and Master,Atari,Fighting
videogame/www.askmen.com/xbox360_Tetris-Evolution-Xbox360.html,Mass Media,THQ,Puzzle
videogame/www.askmen.com/ps2_NBA-2K6.html,Visual Concepts,2K Games,Sports
videogame/www.askmen.com/xbox360_Tiger-Woods-PGA-Tour-07.html,Electronic Arts,Electronic Arts,Sports
videogame/www.askmen.com/handheld_Brain-Assist-Ds.html,SEGA,SEGA,Educational
videogame/www.askmen.com/xbox360_FEAR.html,Day 1,Vivendi Games,Shooter
videogame/www.askmen.com/handheld_Hotel-Dusk-Room-215.html,Cing Inc.,Nintendo,Adventure
videogame/www.askmen.com/xbox360_Unreal-Tournament-III-Xbox360.html,Epic Games,Midway Games,Shooter
videogame/www.askmen.com/ps2_Naruto-Uzumaki-Chronicles-Ps2.html,Cavia,Bandai,Action
videogame/www.askmen.com/pc_Command-Conquer-Red-Alert-3-Pc.html,EA Los Angeles,Electronic Arts,Strategy
videogame/www.askmen.com/pc_Gears-of-War-Pc.html,Epic Games,Microsoft,Shooter
videogame/www.askmen.com/ps2_B-Boy-Ps2.html,FreeStyleGames,Evolved Games,Music
videogame/www.askmen.com/ps2_AND-1-Streetball.html,Black Ops,Ubisoft,Sports
videogame/www.askmen.com/handheld_Code-Lyoko-Quest-for-Infinity-Psp.html,Neko Entertainment,Game Factory,Adventure
videogame/www.askmen.com/pc_Making-History-The-Calm-The-Storm-Pc.html,Muzzy Lane,Strategy First,Strategy
videogame/www.askmen.com/ps2_Alone-in-the-Dark-(2006).html,Eden Studios,Atari,Adventure
videogame/www.askmen.com/xbox360_Forza-Motorsport-2.html,Microsoft Game Studios - Turn 10 Studios,Microsoft Game Studios,Racing
videogame/www.askmen.com/ps2_Transformers-The-Game-Ps3.html,Traveller's Tales,Activision,Action
videogame/www.askmen.com/ps2_Guitar-Hero-III-Ps3.html,Neversoft Entertainment,RedOctane,Music
videogame/www.askmen.com/ps2_LEGO-Indiana-Jones-The-Original-Adventures-Ps3.html,Traveller's Tales,LucasArts,Adventure
videogame/www.askmen.com/ps2_Call-of-Duty-3-PS3.html,Treyarch,Activision,Shooter
videogame/www.askmen.com/ps2_World-Soccer-Winning-Eleven-9.html,Konami TYO,Konami,Sports
videogame/www.askmen.com/handheld_Bounty-Hounds-Psp.html,XPEC,Namco,Action
videogame/www.askmen.com/pc_The-Lord-of-the-Rings-Online-Shadows-of-Angmar-Pc.html,Turbine,Midway Games,RPG
videogame/www.askmen.com/xbox360_The-Last-Remnant-Xbox360.html,Square Enix,Square Enix,RPG
videogame/www.askmen.com/handheld_MotoGP.html,Namco,Namco,Racing
videogame/www.askmen.com/handheld_X-Men-The-Official-Game.html,Amaze Entertainment,Activision,Action
videogame/www.askmen.com/xbox360_Tom-Clancy-s-Ghost-Recon-Advanced-Warfighter-2-Xbox360.html,Red Storm Entertainment,Ubisoft,Shooter
videogame/www.askmen.com/handheld_Yoshi-Island-2.html,,,
videogame/www.askmen.com/pc_Stronghold-Legends.html,FireFly Studios,2K Games,
videogame/www.askmen.com/ps2_The-Ant-Bully.html,*TBA,Midway Games,Action
videogame/www.askmen.com/ps2_Over-the-Hedge.html,Edge of Reality,Activision,Action
videogame/www.askmen.com/xbox360_Hellboy-Xbox360.html,Krome Studios,Konami,Action
videogame/www.askmen.com/ps2_God-Hand.html,Clover Studio,Capcom,Action
videogame/www.askmen.com/handheld_Guitar-Hero-On-Tour-Ds.html,Vicarious Visions,RedOctane,Music
videogame/www.askmen.com/ps2_SoulcaliburIII.html,Namco,Namco,Fighting
videogame/www.askmen.com/xbox360_Galaga-Xbox360.html,Namco,NAMCO BANDAI Group,Shooter
videogame/www.askmen.com/xbox360_The-Club.html,Bizarre Creations,SEGA,Action
videogame/www.askmen.com/xbox360_The-Incredible-Hulk-2008-Xbox360.html,Edge of Reality,SEGA,Action
videogame/www.askmen.com/ps2_The-Darkness.html,Starbreeze AB,2K Games,Action
videogame/www.askmen.com/xbox360_TNA-iMPACT-Xbox360.html,Midway Studios - Los Angeles,Midway Games,Wrestling
videogame/www.askmen.com/ps2_NASCAR-07-Ps2.html,Tiburon,Electronic Arts,Racing
videogame/www.askmen.com/handheld_Rockman-Rockman.html,Capcom,Capcom,Action
videogame/www.askmen.com/ps2_Star-Wars-The-Force-Unleashed-Ps2.html,Krome Studios,LucasArts,Action
videogame/www.askmen.com/xbox360_Lost-Planet-Xbox360.html,Capcom,Capcom,Action
videogame/www.askmen.com/handheld_Star-Wars-The-Force-Unleashed-Psp.html,Krome Studios,LucasArts,Action
videogame/www.askmen.com/ps2_Unreal-Tournament-2007.html,Epic Games,Midway Games,Shooter
videogame/www.askmen.com/xbox360_MX-Vs-ATV-Untamed-Xbox360.html,Rainbow Studios,THQ,Racing
videogame/www.askmen.com/handheld_Crazy-Taxi-Fare-Wars-Psp.html,Sniper Studios,SEGA,Racing
videogame/www.askmen.com/ps2_Home-Ps3.html,SCE Studios London,Sony Computer Entertainment,Productivity
videogame/www.askmen.com/xbox360_NHL-2K8-Xbox360.html,Visual Concepts,2K Sports,Sports
videogame/www.askmen.com/handheld_WWE-SmackDown-vs-Raw-2008-Psp.html,Yuke's Media Creations,THQ,Wrestling
videogame/www.askmen.com/pc_Theatre-of-War-Pc.html,Battlefront.com,1C Company,Strategy
videogame/www.askmen.com/xbox360_BlackSite-Area-51-Xbox360.html,Midway Studios - Austin,Midway Games,Action
videogame/www.askmen.com/xbox360_The-Spiderwick-Chronicles-Xbox360.html,Stormfront Studios,Sierra,Adventure
videogame/www.askmen.com/pc_Mafia-II-Pc.html,Illusion Softworks,Take-Two Interactive,Action
videogame/www.askmen.com/ps2_NCAA-Football-08-Ps3.html,Tiburon,Electronic Arts,Sports
videogame/www.askmen.com/ps2_MX-Vs-ATV-Untamed-Ps3.html,Rainbow Studios,THQ,Racing
videogame/www.askmen.com/pc_Stranger-Pc.html,Fireglow Online Games,Fireglow Games,Strategy
videogame/www.askmen.com/pc_Loki-Heroes-of-Mythology-Pc.html,Cyanide,DreamCatcher Interactive,Action
videogame/www.askmen.com/xbox360_Gears-of-War.html,Epic Games,Microsoft,Shooter
videogame/www.askmen.com/xbox360_James-Bond-007-From-Russia-With-Love.html,EA Redwood Shores,Electronic Arts,Action
videogame/www.askmen.com/pc_Mass-Effect-Pc.html,BioWare,Electronic Arts,RPG
videogame/www.askmen.com/xbox360_Samurai-Shodown-V.html,SNK Playmore,SNK Playmore,Fighting
videogame/www.askmen.com/pc_Sid-Meier-Railroads!.html,Firaxis,2K Games,Simulation
videogame/www.askmen.com/ps2_Disgaea-2.html,Nippon Ichi Software,NIS America,Strategy
videogame/www.askmen.com/handheld_Eragon-Psp.html,Stormfront Studios,Vivendi Games,Action
videogame/www.askmen.com/ps2_FIFA-Street-3-Ps3.html,EA Canada,Electronic Arts,Sports
videogame/www.askmen.com/xbox360_Command-Conquer-3-Tiberium-Wars-Xbox360.html,EA Los Angeles,Electronic Arts,Strategy
videogame/www.askmen.com/handheld_Gangs-of-London-Psp.html,SCE Studios London,Sony Computer Entertainment,Strategy
videogame/www.askmen.com/xbox360_Discs-of-TRON-Xbox360.html,Backbone Entertainment,Disney Interactive Studios,Action
videogame/www.askmen.com/ps2_Lair.html,Factor 5,Sony Computer Entertainment,Action
videogame/www.askmen.com/ps2_College-Hoops-2K8-Ps3.html,Visual Concepts,2K Sports,Sports
videogame/www.askmen.com/handheld_Summon-Night-Twin-Age-Ds.html,Banpresto,Atlus,RPG
videogame/www.askmen.com/xbox360_Lost-The-Videogame-Xbox360.html,Ubisoft Montreal,Ubisoft,Adventure
videogame/www.askmen.com/handheld_Harry-Potter-and-the-Order-of-the-Phoenix-Psp.html,EA UK,Electronic Arts,Adventure
videogame/www.askmen.com/pc_Space-Siege-Pc.html,Gas Powered Games,SEGA,Action
videogame/www.askmen.com/pc_Stacked-with-Daniel-Negreanu.html,5000ft,Myelin Media,Card
videogame/www.askmen.com/handheld_Touch-The-Dead-Ds.html,Dream On Studio,Eidos Interactive,Shooter
videogame/www.askmen.com/ps2_Eragon.html,Stormfront Studios,Vivendi Games,Adventure
videogame/www.askmen.com/ps2_MX-Vs-ATV-Untamed-Ps2.html,Incinerator Games,THQ,Racing
videogame/www.askmen.com/handheld_SNK-vs.-Capcom-Card-Fighters-DS.html,SNK Playmore,SNK Playmore,Card
videogame/www.askmen.com/xbox360_Kung-Fu-Panda-Xbox360.html,Luxoflux Corp.,Activision,Action
videogame/www.askmen.com/ps2_Call-of-Duty-4-Modern-Warfare-Ps3.html,Infinity Ward,Activision,Shooter
videogame/www.askmen.com/handheld_Brain-Age-2-More-Training-in-Minutes-a-Day-Ds.html,Nintendo,Nintendo,Educational
videogame/www.askmen.com/xbox360_The-Lord-of-the-Rings-The-Battle-for-Middle-earth-II.html,EA Los Angeles,Electronic Arts,Strategy
videogame/www.askmen.com/pc_Insecticide-Pc.html,Crackpot Entertainment,Gamecock,Action
videogame/www.askmen.com/pc_Jade-Empire.html,,,RPG
videogame/www.askmen.com/ps2_College-Hoops-2K8-Ps2.html,Visual Concepts,2K Sports,Sports
videogame/www.askmen.com/pc_MotoGP-07-Pc.html,*TBA,THQ,Racing
videogame/www.askmen.com/ps2_WWE-SmackDown-vs-Raw-2007-Ps2.html,Yuke's Media Creations,THQ,Wrestling
videogame/www.askmen.com/ps2_Ace-Combat-5-The-Unsung-War.html,Namco,Namco,Flight
videogame/www.askmen.com/xbox360_Ultimate-Mortal-Kombat-3-Xbox360.html,Digital Eclipse Software,Midway Games,Fighting
videogame/www.askmen.com/pc_John-Woo-Presents-Stranglehold.html,Midway Games,Midway Games,Action
videogame/www.askmen.com/ps2_NFL-Head-Coach.html,Tiburon,Electronic Arts,Sports
videogame/www.askmen.com/ps2_Race-Driver-Grid-Ps3.html,Codemasters,Codemasters,Racing
videogame/www.askmen.com/pc_Xpand-Rally-Pc.html,Techland (Poland),TopWare Interactive,Racing
videogame/www.askmen.com/ps2_TimeShift-Ps3.html,Saber Interactive,Sierra,Shooter
videogame/www.askmen.com/ps2_LEGO-Star-Wars-The-Complete-Saga-Ps3.html,Traveller's Tales,LucasArts,Action
videogame/www.askmen.com/pc_STALKER-Shadow-of-Chernobyl.html,GSC Game World,THQ,Shooter
videogame/www.askmen.com/ps2_Grand-Theft-Auto-IV-Ps3.html,Rockstar North,Rockstar Games,Action
videogame/www.askmen.com/handheld_Transformers-The-Game-Psp.html,Savage Entertainment,Activision,Action
videogame/www.askmen.com/xbox360_Enchanted-Arms.html,,,RPG
videogame/www.askmen.com/pc_Dungeon-Siege-II-Broken-World.html,Gas Powered Games,2K Games,RPG
videogame/www.askmen.com/handheld_Professor-Layton-and-the-Curious-Village-Ds.html,Level-5,Nintendo,Adventure
videogame/www.askmen.com/xbox360_LEGO-Batman-The-Videogame-Xbox360.html,Traveller's Tales,Warner Bros. Interactive,Action
videogame/www.askmen.com/xbox360_Assault-Heroes-Xbox360.html,Wanako Studios,Sierra On-Line,Action
videogame/www.askmen.com/xbox360_Rocketmen-Axis-of-Evil-Xbox360.html,A.C.R.O.N.Y.M. Games,Capcom,Shooter
videogame/www.askmen.com/ps2_Xenosaga-Episode-III-Also-Sprach-Zarathustra.html,Monolith Software,Namco,RPG
videogame/www.askmen.com/handheld_Pokemon-Pearl-Ds.html,Game Freak,Nintendo,RPG
videogame/www.askmen.com/xbox360_Hitman-Blood-Money.html,Io Interactive,Eidos Interactive,Action
videogame/www.askmen.com/handheld_Mega-Man-Star-Force-Ds.html,Capcom Production Studio 2,Capcom,RPG
videogame/www.askmen.com/handheld_Deal-or-No-Deal-Ds.html,Gravity I,"Destination Software, Inc. (DSI)",Trivia
videogame/www.askmen.com/ps2_Soldier-of-Fortune-Pay-Back-Ps3.html,Cauldron,Activision,Shooter
videogame/www.askmen.com/pc_Need-for-Speed-ProStreet-Pc.html,Black Box,Electronic Arts,Racing
videogame/www.askmen.com/ps2_Stuntman-Ignition-Ps3.html,Paradigm Entertainment,THQ,Racing
videogame/www.askmen.com/handheld_7-Wonders-of-the-Ancient-World-Ds.html,Hot Lava,Mumbo Jumbo,Puzzle
videogame/www.askmen.com/xbox360_Darksiders-Xbox360.html,Vigil Games,THQ,Action
videogame/www.askmen.com/handheld_New-Super-Mario-Bros.html,Nintendo,Nintendo,Platformer
videogame/www.askmen.com/handheld_Jeanne-d-Arc-Psp.html,Level-5,Sony Computer Entertainment,Strategy
videogame/www.askmen.com/ps2_Conflict-Denied-Ops-Ps3.html,Pivotal Games,Eidos Interactive,Shooter
videogame/www.askmen.com/ps2_Valkyria-Chronicles-Ps3.html,SEGA,SEGA,Action
videogame/www.askmen.com/handheld_Pokemon-Mystery-Dungeon-Explorers-of-Time-Ds.html,Chunsoft,Nintendo,RPG
videogame/www.askmen.com/ps2_Okami.html,Clover Studio,Capcom,Adventure
videogame/www.askmen.com/ps2_Gallop-Racer-2006.html,Tecmo,Tecmo,Racing
videogame/www.askmen.com/pc_First-Battalion-Pc.html,*TBA,DreamCatcher Interactive,Action
videogame/www.askmen.com/pc_Marvel-Ultimate-Alliance.html,Raven Software,Activision,Action
videogame/www.askmen.com/handheld_Ultimate-Mortal-Kombat-Ds.html,Other Ocean Interactive,Midway Games,Fighting
videogame/www.askmen.com/ps2_Dark-Sector-Ps3.html,Digital Extremes,D3 Publisher,Shooter
videogame/www.askmen.com/xbox360_WWE-SmackDown-vs-Raw-2008-Xbox360.html,Yuke's Media Creations,THQ,Wrestling
videogame/www.askmen.com/handheld_Winning-Eleven-Pro-Evolution-Soccer-2008-Psp.html,Konami,Konami,Sports
videogame/www.askmen.com/ps2_ATV-Offroad-Fury-4-Ps2.html,Climax Studios,Sony Computer Entertainment,Racing
videogame/www.askmen.com/xbox360_Grand-Theft-Auto-IV-Xbox360.html,Rockstar North,Rockstar Games,Action
videogame/www.askmen.com/handheld_Tony-Hawk-s-Proving-Ground-Ds.html,Vicarious Visions,Activision,Sports
videogame/www.askmen.com/xbox360_The-Legend-of-Spyro-A-New-Beginning-Xbox.html,Krome Studios,Sierra,Platformer
videogame/www.askmen.com/handheld_Bangai-O-Spirits-Ds.html,Treasure,D3 Publisher,Shooter
videogame/www.askmen.com/handheld_World-Rally-Championship.html,Traveller's Tales,Namco,Racing
videogame/www.askmen.com/xbox360_Phantasy-Star-Universe.html,Sonic Team,SEGA,RPG
videogame/www.askmen.com/ps2_WarDevil-(Enigma).html,Digi-Guys,*TBA,
videogame/www.askmen.com/xbox360_Tom-Clancy-s-H-A-W-X-Xbox360.html,Ubisoft Romania,Ubisoft,Flight
videogame/www.askmen.com/ps2_Siren-New-Translation-Ps3.html,SCE Studios Japan,Sony Computer Entertainment,Adventure
videogame/www.askmen.com/handheld_SOCOM-U.S.-Navy-SEALs-Fireteam-Bravo-2.html,Zipper Interactive,Sony Computer Entertainment,
videogame/www.askmen.com/xbox360_Stacked-with-Daniel-Negreanu.html,5000ft,Myelin Media,Card
videogame/www.askmen.com/pc_The-Movies-Stunts&Effects.html,Lionhead Studios,Activision,Simulation
videogame/www.askmen.com/handheld_DK-King-of-Swing.html,Paon Corporation,Nintendo,Action
videogame/www.askmen.com/xbox360_Beowulf-Xbox360.html,Ubisoft Tiwak,Ubisoft,Action
videogame/www.askmen.com/handheld_Crush-Psp.html,Zoe Mode,SEGA,Puzzle
videogame/www.askmen.com/ps2_Madden-NFL-08-Ps3.html,Tiburon,Electronic Arts,Sports
videogame/www.askmen.com/pc_Death-Track-Resurrection-Pc.html,Sky Fallen,505 Games,Racing
videogame/www.askmen.com/ps2_Mercenaries-2-World-in-Flames.html,Pandemic Studios,Electronic Arts,Shooter
videogame/www.askmen.com/xbox360_World-Soccer-Winning-Eleven-9.html,Konami TYO,Konami,Sports
videogame/www.askmen.com/xbox360_Def-Jam-Icon-Xbox360.html,EA Chicago,Electronic Arts,Fighting
videogame/www.askmen.com/xbox360_Silent-Hill-Homecoming-Xbox360.html,The Collective,Konami,Adventure
videogame/www.askmen.com/xbox360_UEFA-Champions-League-2006-2007-Xbox360.html,EA Canada,Electronic Arts,Sports
videogame/www.askmen.com/pc_Paper-Man-Pc.html,Cykan Entertainment,Cykan Entertainment,Shooter
videogame/www.askmen.com/ps2_NCAA-Football-08-Ps2.html,Tiburon,Electronic Arts,Sports
videogame/www.askmen.com/ps2_Midnight-Club-Los-Angeles-Ps3.html,Rockstar San Diego,Rockstar Games,Racing
videogame/www.askmen.com/handheld_Race-Driver-Create-Race-Ds.html,Codemasters,Codemasters,Racing
videogame/www.askmen.com/ps2_FlatOut-2.html,Bugbear Entertainment,Vivendi Games,Racing
videogame/www.askmen.com/ps2_Final-Fantasy-VII-Technical-Demo-for-PS3.html,Square Enix,Square Enix,Video
videogame/www.askmen.com/pc_Company-of-Heroes.html,Relic,THQ,Strategy
videogame/www.askmen.com/pc_Blitzkrieg-2-Fall-of-the-Reich-Pc.html,Nival Interactive,CDV,Strategy
videogame/www.askmen.com/handheld_Jackass-The-Game.html,Sidhe Interactive,Red Mile Entertainment,Action
videogame/www.askmen.com/ps2_Pirates-of-the-Caribbean-3.html,Eurocom,Disney Interactive Studios,Action
videogame/www.askmen.com/xbox360_Project-Sylpheed-Xbox360.html,Game Arts,Square Enix,Shooter
videogame/www.askmen.com/pc_Penumbra-Black-Plague-Pc.html,Frictional Games,Paradox Interactive,Action
videogame/www.askmen.com/xbox360_FlatOut-Ultimate-Carnage-Xbox360.html,Bugbear Entertainment,Warner Bros. Interactive,Racing
videogame/www.askmen.com/handheld_Valkyrie-Profile-Lenneth.html,tri-Ace,Square Enix,RPG
videogame/www.askmen.com/ps2_Metal-Gear-Solid-Online-Ps3.html,Kojima Productions,Konami,Action
videogame/www.askmen.com/xbox360_Penny-Arcade-Adventures-On-the-Rain-Slick-Precipice-of-Darkness-Episode-One-Xbox360.html,Hothead Games (2),*TBA,Adventure
videogame/www.askmen.com/ps2_Zatch-Bell!-Mamodo-Fury.html,*TBA,Bandai,
videogame/www.askmen.com/ps2_Conan-the-Barbarian-Ps3.html,Nihilistic,THQ,Action
videogame/www.askmen.com/handheld_Yu-Gi-Oh!-GX.html,Konami JPN,Konami,Strategy
videogame/www.askmen.com/pc_Legendary-The-Box-Pc.html,Spark Unlimited,Gamecock,Shooter
videogame/www.askmen.com/xbox360_Culdcept-Saga-Xbox360.html,Omiya Soft,Namco Bandai,Strategy
videogame/www.askmen.com/xbox360_Rockstar-Games-Presents-Table-Tennis.html,,,Sports
videogame/www.askmen.com/xbox360_Crusty-Demons-Freestyle-Moto-X.html,Fluent Entertainment,Red Mile Entertainment,Racing
videogame/www.askmen.com/handheld_Drone-Tactics-Ds.html,Success,Atlus,Strategy
videogame/www.askmen.com/xbox360_Trusty-Bell-Chopin-Dream-Xbox360.html,tri-Crescendo,Namco Bandai,RPG
videogame/www.askmen.com/xbox360_Rayman-Raving-Rabbids.html,,,Platformer
videogame/www.askmen.com/xbox360_Moto-GP-2006.html,Climax Studios,THQ,Racing
videogame/www.askmen.com/pc_SpellForce-2---Shadow-Wars.html,,,Strategy
videogame/www.askmen.com/ps2_SEGA-Rally-Revo.html,SEGA Driving Studio,SEGA,Racing
videogame/www.askmen.com/pc_Rush-for-Berlin.html,Stormregion,Paradox Interactive,Strategy
videogame/www.askmen.com/ps2_BlackSite-Area-51-Ps3.html,Midway Studios - Austin,Midway Games,Action
videogame/www.askmen.com/pc_Warhammer-Mark-of-Chaos.html,Black Hole Entertainment,Namco Bandai Group,Strategy
videogame/www.askmen.com/handheld_Lost-Regnum-Psp.html,Goshow,UFO Interactive,Action
videogame/www.askmen.com/ps2_Heatseeker-Ps2.html,IR Gurus Interactive Ltd.,Codemasters,Flight
videogame/www.askmen.com/handheld_Garfield-s-Nightmare-Ds.html,Shin'en,Game Factory,Action
videogame/www.askmen.com/ps2_gRimgRiMoiRe-Ps2.html,Vanillaware,Nippon Ichi Software,Action
videogame/www.askmen.com/xbox360_Prince-of-Persia-Classic-Xbox360.html,Gameloft,Ubisoft,Action
videogame/www.askmen.com/ps2_Medal-of-Honor-Airborne.html,EA Los Angeles,Electronic Arts,Shooter
videogame/www.askmen.com/ps2_MotoGP4.html,Namco,Namco,Racing
videogame/www.askmen.com/xbox360_Red-Faction-Guerrilla-Xbox360.html,Volition,THQ,Shooter
videogame/www.askmen.com/pc_SunAge-Pc.html,Vertex4,Lighthouse Interactive,
videogame/www.askmen.com/xbox360_WET-Xbox360.html,A2M (Artificial Mind and Movement),Sierra,Action
videogame/www.askmen.com/handheld_Advance-Wars-Days-of-Ruin-Ds.html,Intelligent Systems,Nintendo,Strategy
videogame/www.askmen.com/handheld_NBA-Ballers-Rebound.html,Backbone Entertainment,Midway Games,Sports
videogame/www.askmen.com/ps2_WWE-SmackDown-vs-Raw-2008-Ps3.html,Yuke's Media Creations,THQ,Wrestling
videogame/www.askmen.com/pc_Caesar-IV.html,Tilted Mill Entertainment,Vivendi Games,Strategy
videogame/www.askmen.com/ps2_Frontlines-Fuel-of-War.html,Kaos Studios,THQ,Shooter
videogame/www.askmen.com/xbox360_Rise-of-the-Argonauts-Xbox360.html,Liquid Entertainment,Codemasters,Action
videogame/www.askmen.com/handheld_Final-Fantasy-III.html,Square,Square Enix,RPG
videogame/www.askmen.com/pc_Spore.html,Maxis,Electronic Arts,Simulation
videogame/www.askmen.com/ps2_SingStar-Ps3.html,SCE Studios London,Sony Computer Entertainment,Music
videogame/www.askmen.com/ps2_Vision-GT.html,Polyphony Digital,Sony Computer Entertainment,Racing
videogame/www.askmen.com/ps2_Golden-Axe.html,Secret Level,SEGA,Action
videogame/www.askmen.com/ps2_SOCOM-Confrontation-Ps3.html,Slant Six Games,Sony Computer Entertainment,Shooter
videogame/www.askmen.com/handheld_Harvest-Moon-DS-Ds.html,Natsume,Natsume,RPG
videogame/www.askmen.com/pc_World-of-Warcraft-The-Burning-Crusade.html,Blizzard Entertainment,Blizzard Entertainment,RPG
videogame/www.askmen.com/pc_Frontlines-Fuel-of-War.html,Kaos Studios,THQ,Shooter
videogame/www.askmen.com/pc_Overlord-Pc.html,Triumph Studios,Codemasters,Adventure
videogame/www.askmen.com/xbox360_Puzzle-Quest-Galactrix-Xbox360.html,Infinite Interactive,D3 Publisher,Puzzle
videogame/www.askmen.com/xbox360_Triggerheart-Exelica-Xbox360.html,Warashi,Warashi,Shooter
videogame/www.askmen.com/xbox360_Jaws-Unleashed.html,Appaloosa Interactive,Majesco,Action
videogame/www.askmen.com/xbox360_Battlestar-Galactica-Xbox360.html,Auran,Sierra,Action
videogame/www.askmen.com/ps2_WWE-SmackDown-vs-Raw-2008-Ps2.html,Yuke's Media Creations,THQ,Wrestling
videogame/www.askmen.com/pc_Undercover-Operation-Wintersun-Pc.html,Sproing,Lighthouse Interactive,Adventure
videogame/www.askmen.com/handheld_Mega-Man-Star-Force-Pegasus-Ds.html,Capcom Production Studio 2,Capcom,RPG
videogame/www.askmen.com/xbox360_Too-Human.html,Silicon Knights,Microsoft,Action
videogame/www.askmen.com/ps2_Mirror-s-Edge-Ps3.html,DICE Sweden (Digital Illusions),Electronic Arts,Action
videogame/www.askmen.com/ps2_Dead-Space-Ps3.html,EA Redwood Shores,Electronic Arts,Action
videogame/www.askmen.com/ps2_Manhunt-2-Ps2.html,Rockstar London,Rockstar Games,Action
videogame/www.askmen.com/ps2_Rock-Band-Ps2.html,Harmonix,MTV Games,Music
videogame/www.askmen.com/ps2_The-Incredible-Hulk-2008-Ps3.html,Edge of Reality,SEGA,Action
videogame/www.askmen.com/pc_Battlestations-Midway.html,Eidos Interactive,Eidos Interactive,Action
videogame/www.askmen.com/handheld_Bomberman-Land-Psp.html,Hudson Soft,Hudson Soft,Action
videogame/www.askmen.com/ps2_The-King-of-Fighters-XI.html,SNK Playmore,SNK Playmore,Fighting
videogame/www.askmen.com/pc_Call-of-Cthulhu-Dark-Corners-of-the-Earth.html,Headfirst Productions,Bethesda Softworks,Adventure
videogame/www.askmen.com/xbox360_Alone-in-the-Dark-(2006).html,Eden Studios,Atari,Adventure
videogame/www.askmen.com/pc_FlatOut-2.html,Bugbear Entertainment,Vivendi Games,Racing
videogame/www.askmen.com/ps2_Haze.html,Free Radical Design,Ubisoft,Shooter
videogame/www.askmen.com/ps2_Kung-Fu-Panda-Ps2.html,XPEC,Activision,Action
videogame/www.askmen.com/xbox360_The-Wheelman-Xbox360.html,Midway Games,Midway Games,Action
videogame/www.askmen.com/pc_Galactic-Civilizations-II-Twilight-of-the-Arnor-Pc.html,Stardock,Stardock,Strategy
videogame/www.askmen.com/pc_Gods&Heroes-Rome-Rising.html,Perpetual Entertainment,Platform Publishing,RPG
videogame/www.askmen.com/xbox360_Major-League-Baseball-2K7-Xbox360.html,Kush Games,2K Games,Sports
videogame/www.askmen.com/handheld_Grand-Theft-Auto-Vice-City-Stories-Psp.html,Rockstar Leeds,Rockstar Games,Action
videogame/www.askmen.com/pc_TimeShift-Pc.html,Saber Interactive,Vivendi Games,Shooter
videogame/www.askmen.com/ps2_Rock-Band-Ps3.html,Harmonix,MTV Games,Music
videogame/www.askmen.com/xbox360_FIFA-Soccer-08-Xbox360.html,EA Canada,Electronic Arts,Sports
videogame/www.askmen.com/ps2_Yakuza-2-Ps2.html,Amusement Vision,SEGA,Action
videogame/www.askmen.com/xbox360_Quantum-of-Solace-Xbox360.html,Treyarch,Activision,Action
videogame/www.askmen.com/xbox360_Tom-Clancy-Ghost-Recon-Advanced-Warfighter.html,,,Shooter
videogame/www.askmen.com/handheld_Race-Driver-2006.html,Sumo Digital,Codemasters,Racing
videogame/www.askmen.com/handheld_Hard-Rock-Casino-Psp.html,*unlisted (no company info),Crave Entertainment,Casino
videogame/www.askmen.com/handheld_Rondo-of-Swords-Ds.html,Success,Atlus,Strategy
videogame/www.askmen.com/handheld_Freshly-Picked-Tingle-s-Rosy-Rupeeland-Ds.html,Nintendo,Nintendo,RPG
videogame/www.askmen.com/xbox360_Operation-Darkness-Xbox360.html,Success,Atlus,Strategy
videogame/www.askmen.com/ps2_Baroque-Ps2.html,Sting,Atlus,RPG
videogame/www.askmen.com/xbox360_Naruto-Rise-of-a-Ninja-Xbox360.html,Ubisoft Montreal,Ubisoft,Adventure
videogame/www.askmen.com/ps2_DiRT-Ps3.html,Codemasters,Codemasters,Racing
videogame/www.askmen.com/pc_Painkiller-Overdose-Pc.html,Mindware,DreamCatcher Interactive,Shooter
videogame/www.askmen.com/handheld_Imagine-Fashion-Designer-Ds.html,Virtual Toys,Ubisoft,Simulation
videogame/www.askmen.com/pc_Guild-Wars-Eye-of-the-North-Pc.html,ArenaNet,NCsoft,RPG
videogame/www.askmen.com/ps2_I-8.html,Insomniac Games,Sony Computer Entertainment,Shooter
videogame/www.askmen.com/ps2_WWE-SmackDown-vs.-Raw-2007.html,Yuke's Media Creations,THQ,Wrestling
videogame/www.askmen.com/ps2_Time-Crisis-4-Ps3.html,Namco,Namco Bandai,Shooter
videogame/www.askmen.com/ps2_Pro-Evolution-Soccer-2008-Ps3.html,Konami,Konami,Sports
videogame/www.askmen.com/pc_Tabula-Rasa.html,Destination Games (Austin),NCsoft,RPG
videogame/www.askmen.com/xbox360_Destroy-All-Humans-Path-of-the-Furon-Xbox360.html,Sandblast,THQ,Adventure
videogame/www.askmen.com/pc_Ancient-Wars-Sparta-Pc.html,World Forge,Playlogic,Strategy
videogame/www.askmen.com/handheld_Disgaea-Portable-Psp.html,Nippon Ichi Software,Nippon Ichi Software,Strategy
videogame/www.askmen.com/xbox360_NFL-Head-Coach.html,Tiburon,Electronic Arts,Sports
videogame/www.askmen.com/ps2_Turning-Point-Fall-of-Liberty-Ps3.html,Spark Unlimited,Codemasters,Shooter
videogame/www.askmen.com/xbox360_Monster-Madness-Battle-for-Suburbia-Xbox360.html,Artificial Studios,SouthPeak Interactive,Action
videogame/www.askmen.com/ps2_Half-Life-2-Ps3.html,EA UK,Electronic Arts,Shooter
videogame/www.askmen.com/pc_Neverwinter-Nights-2-Mask-of-the-Betrayer-Pc.html,Obsidian Entertainment,Atari,RPG
videogame/www.askmen.com/ps2_Prototype-Ps3.html,Radical Entertainment,Sierra,Action
videogame/www.askmen.com/pc_Heroes-of-Might-Magic-V-Tribes-of-The-East-Pc.html,Nival Interactive,Ubisoft,Strategy
videogame/www.askmen.com/handheld_Hellboy-Psp.html,Krome Studios,Konami,Action
videogame/www.askmen.com/xbox360_Pinball-FX-Xbox360.html,Zen Studios [formerly Rubik Interactive],Zen Studios [formerly Rubik Interactive],Pinball
videogame/www.askmen.com/ps2_Ape-Escape-Million-Monkeys-Ps2.html,SCE Studios Japan,Sony Computer Entertainment,Action
videogame/www.askmen.com/handheld_Nanostray-2-Ds.html,Shin'en,Majesco,Shooter
videogame/www.askmen.com/xbox360_Transformers-The-Game-Xbox360.html,Traveller's Tales,Activision,Action
videogame/www.askmen.com/ps2_flOw-PS3-Hub-Download-Ps3.html,thatgamecompany (TGC),Sony Computer Entertainment,Action
videogame/www.askmen.com/ps2_Pro-Evolution-Soccer-2008-Ps2.html,Konami,Konami,Sports
videogame/www.askmen.com/handheld_Need-for-Speed-ProStreet-Psp.html,Black Box,Electronic Arts,Racing
videogame/www.askmen.com/ps2_Dirge-of-Cerberus-Final-Fantasy-VII-Ps2.html,Square Enix,Square Enix,Action
videogame/www.askmen.com/ps2_Buzz-Junior-Jungle-Party-Ps2.html,Magenta Software,Sony Computer Entertainment,Party
videogame/www.askmen.com/xbox360_Guilty-Gear-2-Overture-Xbox360.html,ARC System Works,Aksys Games,Action
videogame/www.askmen.com/handheld_Cartoon-Network-Racing-Ds.html,*TBA,The Game Factory,Racing
videogame/www.askmen.com/pc_Pirates-of-the-Burning-Sea.html,Flying Lab,Sony Online Entertainment,RPG
videogame/www.askmen.com/xbox360_Tony-Hawk-Project-8.html,Shaba Games,Activision,Sports
videogame/www.askmen.com/xbox360_NCAA-March-Madness-08-Xbox360.html,EA Canada,Electronic Arts,Sports
videogame/www.askmen.com/ps2_The-Club.html,Bizarre Creations,SEGA,Action
videogame/www.askmen.com/ps2_Shin-Megami-Tensei-Persona-3-FES-Ps2.html,Atlus,Atlus,RPG
videogame/www.askmen.com/xbox360_The-Bourne-Conspiracy-Xbox360.html,High Moon Studios,Vivendi Games,Action
videogame/www.askmen.com/pc_Far-Cry-2-Pc.html,Ubisoft Montreal,Ubisoft,Shooter
videogame/www.askmen.com/xbox360_The-Chronicles-of-Narnia-Prince-Caspian-Xbox360.html,Traveller's Tales,Disney Interactive Studios,Action
videogame/www.askmen.com/handheld_Pursuit-Force-Extreme-Justice-Psp.html,BigBig Studios,Sony Computer Entertainment,Racing
videogame/www.askmen.com/ps2_Tony-Hawk-Project-8.html,Shaba Games,Activision,Sports
videogame/www.askmen.com/xbox360_Looney-Tunes-Acme-Arsenal-Xbox360.html,Red Tribe,Warner Bros. Interactive,Action
videogame/www.askmen.com/xbox360_Fable-2-Xbox360.html,Lionhead Studios,Microsoft,Action
videogame/www.askmen.com/ps2_Cabela-s-Monster-Bass-Ps2.html,*TBA,Activision Value,Sports
videogame/www.askmen.com/ps2_NHL-08-Ps3.html,EA Canada,Electronic Arts,Sports
videogame/www.askmen.com/ps2_Virtua-Fighter-5.html,SEGA-AM2,SEGA,Fighting
videogame/www.askmen.com/pc_WorldShift-Pc.html,Black Sea Studios,Black Inc.,Strategy
videogame/www.askmen.com/pc_SEGA-Rally-Revo.html,SEGA Driving Studio,SEGA,Racing
videogame/www.askmen.com/ps2_IHRA-Drag-Racing-Sportsman-Edition-Ps2.html,Bethesda Softworks,Bethesda Softworks,Racing
videogame/www.askmen.com/ps2_Full-Auto-2-Battlelines.html,,,
videogame/www.askmen.com/xbox360_Spy-Hunter-Nowhere-to-Run.html,Terminal Reality,Midway Games,Racing
videogame/www.askmen.com/ps2_Capcom-Classics-Collection-Vol-2-Ps2.html,Digital Eclipse Software,Capcom,Action
videogame/www.askmen.com/ps2_Dance-Factory.html,Broadsword Interactive,Codemasters,Music
videogame/www.askmen.com/handheld_Tony-Hawk-Downhill-Jam.html,Toys for Bob,Activision,Sports
videogame/www.askmen.com/xbox360_Haze.html,,,
videogame/www.askmen.com/ps2_Corvette-Evolution-GT-Ps2.html,Milestone,Valcon Games,Racing
videogame/www.askmen.com/xbox360_Turning-Point-Fall-of-Liberty-Xbox360.html,Spark Unlimited,Codemasters,Shooter
videogame/www.askmen.com/ps2_Virtua-Tennis-3.html,SEGA-AM2,SEGA,Sports
videogame/www.askmen.com/handheld_Bomberman.html,Hudson Soft,Hudson Soft,Action
videogame/www.askmen.com/xbox360_DiRT-Xbox360.html,Codemasters,Codemasters,Racing
videogame/www.askmen.com/ps2_Need-for-Speed-ProStreet-Ps3.html,Black Box,Electronic Arts,Racing
videogame/www.askmen.com/pc_Command&Conquer-3-Tiberium-Wars.html,EA Los Angeles,Electronic Arts,Strategy
videogame/www.askmen.com/xbox360_Enemy-Territory-Quake-Wars-Xbox360.html,Nerve Software,Activision,Shooter
videogame/www.askmen.com/handheld_Winning-Eleven-Pro-Evolution-Soccer-2008-Ds.html,Konami,Konami,Sports
videogame/www.askmen.com/handheld_Spectrobes.html,Jupiter,Disney Interactive Studios,Action
videogame/www.askmen.com/xbox360_Big-Bumpin-Xbox360.html,Blitz Games,King Games,Racing
videogame/www.askmen.com/xbox360_Eragon.html,Stormfront Studios,Vivendi Games,Adventure
videogame/www.askmen.com/handheld_Metal-Gear-Solid-Portable-Ops-Psp.html,Kojima Productions,Konami,Action
videogame/www.askmen.com/ps2_Soul-Nomad-The-World-Eaters-Ps2.html,Nippon Ichi Software,Nippon Ichi Software,Strategy
videogame/www.askmen.com/pc_Universe-at-War-Earth-Assault-Pc.html,Petroglyph,SEGA,Strategy
videogame/www.askmen.com/ps2_Spider-Man-3-Ps3.html,Treyarch,Activision,Action
videogame/www.askmen.com/xbox360_Mafia-II-Xbox360.html,Illusion Softworks,Take-Two Interactive,Action
videogame/www.askmen.com/ps2_Hot-Shots-Tennis-Ps2.html,Clap Hanz,Sony Computer Entertainment,Sports
videogame/www.askmen.com/pc_Kung-Fu-Panda-Pc.html,Beenox Studios,Activision,Action
videogame/www.askmen.com/xbox360_Avatar-The-Last-Airbender.html,THQ Studio Australia (Studio Oz),THQ,Action
videogame/www.askmen.com/ps2_LittleBigPlanet-Ps3.html,Media Molecule,Sony Computer Entertainment,Platformer
videogame/www.askmen.com/xbox360_DOOM-Xbox360.html,id Software,Microsoft,Shooter
videogame/www.askmen.com/pc_Pirates-of-the-Caribbean-Online.html,Disney Internet Group,Disney Internet Group,RPG
videogame/www.askmen.com/xbox360_Race-Driver-Grid-Xbox360.html,Codemasters,Codemasters,Racing
videogame/www.askmen.com/xbox360_Half-Life-2-Xbox360.html,Valve,Electronic Arts,Shooter
videogame/www.askmen.com/handheld_Sonic-Chronicles-The-Dark-Brotherhood-Ds.html,BioWare -- Handheld Development Group,SEGA,RPG
videogame/www.askmen.com/handheld_Chocobo-and-the-Magic-Picture-Book-Ds.html,Square Enix,Square Enix,Adventure
videogame/www.askmen.com/xbox360_Tom-Clancy-Splinter-Cell-Double-Agent.html,Ubisoft Montreal,Ubisoft,Action
videogame/www.askmen.com/xbox360_Section-8-Xbox360.html,TimeGate,Gamecock,Shooter
videogame/www.askmen.com/ps2_Devil-Summoner-Kuzunoha-Raidou.html,Atlus Software,Atlus Software,RPG
videogame/www.askmen.com/handheld_Iron-Man-Ds.html,A2M (Artificial Mind and Movement),SEGA,Action
videogame/www.askmen.com/pc_Vanguard-Saga-of-Heroes.html,Sigil Games Online,Sony Online Entertainment,RPG
videogame/www.askmen.com/xbox360_MotoGP-07-Xbox360.html,Climax Studios,THQ,Racing
videogame/www.askmen.com/handheld_Ratchet-and-Clank-Size-Matters.html,High Impact Games,Sony Computer Entertainment,Action
videogame/www.askmen.com/pc_AION.html,NCsoft -- Seoul,NCsoft,RPG
videogame/www.askmen.com/handheld_Mario-Sonic-at-the-Olympic-Games-Ds.html,SEGA,SEGA,Sports
videogame/www.askmen.com/ps2_Jackass-The-Game.html,Sidhe Interactive,Red Mile Entertainment,Action
videogame/www.askmen.com/pc_Savage-2-A-Tortured-Soul-Pc.html,S2 Games,S2 Games,Shooter
videogame/www.askmen.com/ps2_Tiger-Woods-PGA-Tour-08-Ps3.html,Tiburon,Electronic Arts,Sports
videogame/www.askmen.com/pc_Just-Cause.html,Avalanche Studios (SE),Eidos Interactive,Action
videogame/www.askmen.com/handheld_Jam-Sessions-Ds.html,Plato,Ubisoft,Music
videogame/www.askmen.com/xbox360_World-Series-of-Poker-Tournament-of-Champions.html,Activision,Activision,Card
videogame/www.askmen.com/xbox360_NBA-2K6.html,Visual Concepts,2K Games,Sports
videogame/www.askmen.com/xbox360_Thrillville.html,Frontier Developments,LucasArts,Simulation
videogame/www.askmen.com/handheld_Skate-It-Ds.html,Exient Entertainment,Electronic Arts,Sports
videogame/www.askmen.com/handheld_Alex-Rider-Stormbreaker.html,Altron,THQ,
videogame/www.askmen.com/xbox360_Saints-Row.html,Volition,THQ,Action
videogame/www.askmen.com/xbox360_Bomberman-Live-Xbox360.html,Hudson Soft,Hudson Soft,Action
videogame/www.askmen.com/xbox360_Iron-Man-Xbox360.html,Secret Level,SEGA,Action
videogame/www.askmen.com/handheld_Dragon-Quest-Heroes-Rocket-Slime.html,Tose,Square Enix,RPG
videogame/www.askmen.com/xbox360_F-E-A-R-Files-Xbox360.html,TimeGate,Sierra,Shooter
videogame/www.askmen.com/pc_Half-Life-2-Episode-Two-Pc.html,Valve,Valve,Shooter
videogame/www.askmen.com/xbox360_Burnout-Paradise-Xbox360.html,Criterion Games,Electronic Arts,Racing
videogame/www.askmen.com/xbox360_Battlestations-Midway.html,Eidos Interactive,Eidos Interactive,Action
videogame/www.askmen.com/pc_SiN-Episodes-Emergence.html,Ritual Entertainment,Ritual Entertainment,Shooter
videogame/www.askmen.com/pc_Final-Fantasy-XI-Wings-of-the-Goddess-Pc.html,Square Enix,Square Enix,RPG
videogame/www.askmen.com/ps2_Soulcalibur-IV-Ps3.html,Project Soul,Namco Bandai,Fighting
videogame/www.askmen.com/ps2_Metal-Gear-Solid-4-Guns-of-the-Patriots.html,Kojima Productions,Konami,Action
videogame/www.askmen.com/pc_CivCity-Rome-Pc.html,FireFly Studios,2K Games,Simulation
videogame/www.askmen.com/ps2_MotorStorm-Pacific-Rift-Ps3.html,Evolution Studios,Sony Computer Entertainment,Racing
videogame/www.askmen.com/pc_Scarface-The-World-is-Yours.html,Radical Entertainment,Vivendi Games,Action
videogame/www.askmen.com/handheld_WWE-SmackDown-vs-Raw-2008-Ds.html,Amaze Entertainment,THQ,Wrestling
videogame/www.askmen.com/ps2_Sonic-Riders-Zero-Gravity-Ps2.html,Sonic Team,SEGA,Racing
videogame/www.askmen.com/xbox360_Halo-3-Xbox360.html,Bungie Software,Microsoft,Shooter
videogame/www.askmen.com/pc_BlackSite-Area-51-Pc.html,Midway Studios - Austin,Midway Games,Action
videogame/www.askmen.com/pc_Lost-Empire-Immortals-Pc.html,Pollux Gamelabs,Paradox Interactive,Strategy
videogame/www.askmen.com/pc_Saga-Pc.html,Saga Games,Silverlode Interactive,Strategy
videogame/www.askmen.com/handheld_Heroes-of-Mana-Ds.html,Brownie Brown,Square Enix,RPG
videogame/www.askmen.com/handheld_Godzilla-Unleashed-Double-Smash-Ds.html,Santa Cruz Games,Atari,Action
videogame/www.askmen.com/pc_Grotesque---Heroes-Hunted.html,Silent Dreams,*TBA,
videogame/www.askmen.com/ps2_Fantastic-4-Rise-of-the-Silver-Surfer-Ps3.html,Visual Concepts,Take-Two Interactive,Action
videogame/www.askmen.com/ps2_Rule-of-Rose.html,Punchline,Atlus Software,Action
videogame/www.askmen.com/handheld_Crisis-Core-Final-Fantasy-VII-Psp.html,Square Enix,Square Enix,Action
videogame/www.askmen.com/pc_Jumpgate-Pc.html,NetDevil,Codemasters,Simulation
videogame/www.askmen.com/pc_X-Men-The-Official-Game.html,Beenox Studios,Activision,Action
videogame/www.askmen.com/ps2_Bee-Movie-Game-Ps2.html,Beenox Studios,Activision,Action
videogame/www.askmen.com/pc_Eragon.html,Stormfront Studios,Vivendi Games,Adventure
videogame/www.askmen.com/xbox360_Surf-s-Up-Xbox360.html,Ubisoft Montreal,Ubisoft,Action
videogame/www.askmen.com/handheld_NASCAR-07.html,Tiburon,Electronic Arts,Racing
videogame/www.askmen.com/ps2_NBA-Live-08-Ps3.html,EA Canada,Electronic Arts,Sports
videogame/www.askmen.com/xbox360_LEGO-Star-Wars-The-Complete-Saga-Xbox360.html,Traveller's Tales,LucasArts,Action
videogame/www.askmen.com/pc_Gothic-IV-Pc.html,Spellbound,JoWood Productions,Action
videogame/www.askmen.com/ps2_Ar-Tonelico.html,Gust,NIS America,RPG
videogame/www.askmen.com/ps2_Fracture-Ps3.html,Day 1 Studios,LucasArts,Action
videogame/www.askmen.com/ps2_MS-Saga-A-New-Dawn.html,BEC,Bandai,RPG
videogame/www.askmen.com/xbox360_Super-Puzzle-Fighter-II-Turbo-HD-Remix-Xbox360.html,Backbone Entertainment,Capcom,Puzzle
videogame/www.askmen.com/pc_LEGO-Star-Wars-II-The-Original-Trilogy.html,Traveller's Tales,LucasArts,Action
videogame/www.askmen.com/xbox360_Witches-Xbox360.html,Revistronic,*TBA,Adventure
videogame/www.askmen.com/xbox360_Dead-Space-Xbox360.html,EA Redwood Shores,Electronic Arts,Shooter
videogame/www.askmen.com/xbox360_Black.html,Criterion Games,Electronic Arts,Shooter
videogame/www.askmen.com/ps2_Condemned-2-Bloodshot-Ps3.html,Monolith Productions,SEGA,Action
videogame/www.askmen.com/xbox360_Mirror-s-Edge-Xbox360.html,DICE Sweden (Digital Illusions),Electronic Arts,Action
videogame/www.askmen.com/xbox360_NBA-2K7.html,Visual Concepts,2K Sports,Sports
videogame/www.askmen.com/xbox360_Pirates-vs-Ninjas-Dodgeball-Xbox360.html,Blazing Lizard,Gamecock,Sports
videogame/www.askmen.com/xbox360_College-Hoops-2K7.html,Visual Concepts,2K Sports,
videogame/www.askmen.com/pc_City-of-Villains.html,Cryptic Studios,NCsoft,RPG
videogame/www.askmen.com/xbox360_Ikaruga-Xbox360.html,Treasure,Treasure,Shooter
videogame/www.askmen.com/xbox360_Universe-at-War-Earth-Assault-Xbox360.html,Petroglyph,SEGA,Strategy
videogame/www.askmen.com/handheld_Gyakuten-Saiban-4.html,Capcom,Capcom,Adventure
videogame/www.askmen.com/handheld_Clubhouse-Games-Ds.html,Agenda,Nintendo,Card
videogame/www.askmen.com/xbox360_Major-League-Baseball-2K8-Xbox360.html,Kush Games,2K Games,Sports
"videogame/www.askmen.com/pc_Warhammer-40,000-Dawn-of-War----Dark-Crusade.html",,,
videogame/www.askmen.com/xbox360_Battlefield-Bad-Company-Xbox360.html,Digital Illusions CE (DICE),Electronic Arts,Shooter
videogame/www.askmen.com/ps2_Snoopy-vs.-the-Red-Baron.html,Smart Bomb Interactive,NAMCO BANDAI Group,Flight
videogame/www.askmen.com/xbox360_FIFA-Soccer-07-Xbox360.html,EA Canada,Electronic Arts,Sports
videogame/www.askmen.com/handheld_Luminous-Arc-Ds.html,Image Epoch,Marvelous Interactive,RPG
videogame/www.askmen.com/handheld_Lara-Croft-Tomb-Raider-Anniversary-Psp.html,Crystal Dynamics,Eidos Interactive,Adventure
videogame/www.askmen.com/handheld_Pokemon-Mystery-Dungeon-Blue-Rescue-Team-Ds.html,Chunsoft,Nintendo,RPG
videogame/www.askmen.com/pc_Agatha-Christie-Murder-on-the-Orient-Express-Pc.html,AWE Games,DreamCatcher Interactive,Adventure
videogame/www.askmen.com/handheld_SOCOM-U-S-Navy-SEALs-Tactical-Strike-Psp.html,Slant Six Games,Sony Computer Entertainment,Action
videogame/www.askmen.com/pc_Galactic-Civilizations-II-Dark-Avatar-Pc.html,Stardock,Stardock,Strategy
videogame/www.askmen.com/pc_Tom-Clancy-s-Ghost-Recon-Advanced-Warfighter-2-Pc.html,GRIN,Ubisoft,Shooter
videogame/www.askmen.com/pc_Hitman-Blood-Money.html,Io Interactive,Eidos Interactive,Action
videogame/www.askmen.com/pc_Command-Conquer-3-Kane-s-Wrath-Pc.html,EA Los Angeles,Electronic Arts,Strategy
videogame/www.askmen.com/handheld_LEGO-Star-Wars-II-The-Original-Trilogy.html,Amaze Entertainment,LucasArts,Action
videogame/www.askmen.com/xbox360_Velvet-Assassin-Xbox360.html,Replay Studios,Gamecock,Shooter
videogame/www.askmen.com/ps2_Gran-Turismo-5-Prologue-Ps3.html,Polyphony Digital,Sony Computer Entertainment,Racing
videogame/www.askmen.com/ps2_Lost-The-Videogame-Ps3.html,Ubisoft Montreal,Ubisoft,Adventure
videogame/www.askmen.com/ps2_Spider-Man-Friend-or-Foe-Ps2.html,Next Level Games,Activision,Action
videogame/www.askmen.com/handheld_Metal-Gear-Acid-2.html,Kojima Productions,Konami,Strategy
videogame/www.askmen.com/ps2_White-Knight-Story-Ps3.html,Level-5,Sony Computer Entertainment,RPG
videogame/www.askmen.com/pc_The-Sims-2-Bon-Voyage-Pc.html,EA Redwood Shores,Electronic Arts,Simulation
videogame/www.askmen.com/pc_Brothers-in-Arms-Hell-Highway.html,Gearbox Software,Ubisoft,Shooter
videogame/www.askmen.com/handheld_Dynasty-Warriors-Vol-2.html,Omega Force,KOEI,Action
videogame/www.askmen.com/xbox360_Prototype-Xbox360.html,Radical Entertainment,Sierra,Action
videogame/www.askmen.com/handheld_Star-Ocean-First-Departure-Psp.html,Square Enix,Square Enix,RPG
videogame/www.askmen.com/handheld_Juiced-2-Hot-Import-Nights-Ds.html,Juice Games,THQ,Racing
videogame/www.askmen.com/pc_Kane-Lynch-Dead-Men-Pc.html,Io Interactive,Eidos Interactive,Action
videogame/www.askmen.com/pc_Devil-May-Cry-4-Pc.html,Capcom Production Studio 1,Capcom,Action
videogame/www.askmen.com/xbox360_NHL-2K7.html,Kush Games,2K Sports,Sports
videogame/www.askmen.com/handheld_Top-Gun.html,Interactive Vision,Mastiff,Action
videogame/www.askmen.com/xbox360_Fallout-3-Xbox360.html,Bethesda Softworks,Bethesda Softworks,RPG
videogame/www.askmen.com/ps2_Tiger-Woods-PGA-Tour-07.html,EA Redwood Shores,Electronic Arts,Sports
videogame/www.askmen.com/xbox360_Superman-Returns-The-Videogame.html,Tiburon,Electronic Arts,Action
videogame/www.askmen.com/xbox360_Chromehounds.html,FromSoftware,SEGA,Action
videogame/www.askmen.com/handheld_Monster-House-Ds.html,A2M (Artificial Mind and Movement),THQ,Action
videogame/www.askmen.com/xbox360_NCAA-Football-08-Xbox.html,Tiburon,Electronic Arts,Sports
videogame/www.askmen.com/ps2_Yakuza.html,Amusement Vision,SEGA,Action
videogame/www.askmen.com/handheld_Insecticide-Ds.html,Crackpot Entertainment,Gamecock,Action
videogame/www.askmen.com/xbox360_Viking-Battle-for-Asgard-Xbox360.html,Creative Assembly,SEGA,Action
videogame/www.askmen.com/ps2_SOCOM-US-Navy-Seals----Combined-Assault.html,,,Shooter
videogame/www.askmen.com/ps2_Arena-Football-Road-to-Glory-Ps2.html,Tiburon,EA Sports,Sports
videogame/www.askmen.com/pc_Star-Wars-Empire-at-War.html,Petroglyph,LucasArts,Strategy
videogame/www.askmen.com/ps2_Assassin-Creed.html,Ubisoft Montreal,Ubisoft,Action
videogame/www.askmen.com/xbox360_X-Men-The-Official-Game.html,Z-Axis,Activision,Action
videogame/www.askmen.com/xbox360_Need-for-Speed-Carbon-Xbox360.html,EA Black Box,Electronic Arts,Racing
videogame/www.askmen.com/handheld_Puchi-Puchi-Virus-Ds.html,Kids Factory,Jaleco,Puzzle
videogame/www.askmen.com/handheld_Naruto-Ultimate-Ninja-Heroes-Psp.html,CyberConnect2,Namco Bandai,Fighting
videogame/www.askmen.com/handheld_MySims-Ds.html,Electronic Arts,Electronic Arts,Simulation
videogame/www.askmen.com/ps2_PixelJunk-Monsters-Ps3.html,Q-Games,Sony Computer Entertainment,Strategy
videogame/www.askmen.com/ps2_Tekken-5-Dark-Resurrection-Ps3.html,Namco Bandai,Namco Bandai,Fighting
videogame/www.askmen.com/xbox360_Fantastic-4-Rise-of-the-Silver-Surfer-Xbox360.html,7 Studios,Take-Two Interactive,Action
videogame/www.askmen.com/pc_Microsoft-Flight-Simulator-X-Acceleration-Pc.html,ACES Studio,Microsoft,Flight
videogame/www.askmen.com/handheld_50-Cent-Bulletproof-G-Unit-Edition.html,,,Action
videogame/www.askmen.com/ps2_Resident-Evil-4.html,Capcom,Capcom,Action
videogame/www.askmen.com/ps2_skate-Ps3.html,Black Box,Electronic Arts,Sports
videogame/www.askmen.com/xbox360_Banjo-Kazooie-Nuts-Bolts-Xbox360.html,Rare,Microsoft,Platformer
videogame/www.askmen.com/ps2_Need-For-Speed-Carbon.html,EA Black Box,Electronic Arts,Racing
videogame/www.askmen.com/handheld_Star-Wars-Battlefront-Renegade-Squadron-Psp.html,Rebellion,LucasArts,Shooter
videogame/www.askmen.com/ps2_Enemy-Territory-Quake-Wars-Ps3.html,Underground Development,Activision,Shooter
videogame/www.askmen.com/xbox360_Resident-Evil-5-Xbox360.html,Capcom,Capcom,Action
videogame/www.askmen.com/xbox360_Fuzion-Frenzy-2-Xbox360.html,Hudson Soft,Microsoft,Party
videogame/www.askmen.com/xbox360_NBA-Live-08-Xbox360.html,EA Canada,Electronic Arts,Sports
videogame/www.askmen.com/ps2_God-of-War-II.html,SCE Studios Santa Monica,Sony Computer Entertainment,Action
videogame/www.askmen.com/ps2_Burnout-Paradise-Ps3.html,Criterion Games,Electronic Arts,Racing
videogame/www.askmen.com/ps2_EA-Sports-Fight-Night-Round-3-Ps3.html,EA Canada,Electronic Arts,Sports
videogame/www.askmen.com/handheld_Valhalla-Knights-Psp.html,K2 (Japan),Marvelous Interactive,RPG
videogame/www.askmen.com/xbox360_Boom-Boom-Rocket-Xbox360.html,Bizarre Creations,Electronic Arts,Music
videogame/www.askmen.com/ps2_The-Elder-Scrolls-IV-Oblivion-Ps3.html,Bethesda Game Studios,Bethesda Softworks,RPG
videogame/www.askmen.com/pc_The-Club-Pc.html,Bizarre Creations,SEGA,Action
videogame/www.askmen.com/handheld_Deep-Labyrinth.html,Interactive Brains,Interactive Brains,Action
videogame/www.askmen.com/ps2_Street-Fighter-Alpha-Anthology.html,Capcom,Capcom,Fighting
videogame/www.askmen.com/handheld_Ninjatown-Ds.html,Venan Entertainment,SouthPeak Interactive,Action
videogame/www.askmen.com/pc_Two-Worlds.html,TopWare Interactive,SouthPeak Interactive,RPG
videogame/www.askmen.com/handheld_Etrian-Odyssey-II-Heroes-of-Lagaard-Ds.html,Atlus,Atlus,RPG
videogame/www.askmen.com/ps2_The-Da-Vinci-Code.html,,,Action
videogame/www.askmen.com/pc_Europa-Universalis-III.html,Paradox Interactive,Paradox Interactive,Strategy
videogame/www.askmen.com/handheld_NFL-Street-3-Psp.html,Tiburon,Electronic Arts,Sports
videogame/www.askmen.com/xbox360_Call-of-Duty-4-Modern-Warfare-Xbox360.html,Infinity Ward,Activision,Shooter
videogame/www.askmen.com/handheld_MX-Vs-ATV-Untamed-Psp.html,Tantalus,THQ,Racing
videogame/www.askmen.com/handheld_PaRappa-the-Rapper-Psp.html,SCE Studios Japan,Sony Computer Entertainment,Music
videogame/www.askmen.com/ps2_Mainichi-Issyo-Ps3.html,SCE Studios Japan,Sony Computer Entertainment,Adventure
videogame/www.askmen.com/ps2_Monster-Kingdom.html,Gaia,Sony Computer Entertainment,Adventure
videogame/www.askmen.com/pc_Final-Fantasy-XI-Treasures-of-Aht-Urhgan-Pc.html,Square Enix,Square Enix,RPG
videogame/www.askmen.com/pc_World-of-Warcraft-Wrath-of-the-Lich-King-TBA-Pc.html,Blizzard Entertainment,Blizzard Entertainment,RPG
videogame/www.askmen.com/xbox360_Omega-Five-Xbox360.html,Natsume,Hudson Soft,Action
videogame/www.askmen.com/ps2_The-Bourne-Conspiracy-Ps3.html,High Moon Studios,Vivendi Games,Action
videogame/www.askmen.com/ps2_One-Piece-Grand-Adventure.html,*TBA,NAMCO BANDAI Group,Action
videogame/www.askmen.com/pc_Need-for-Speed-Carbon-Pc.html,EA Black Box,Electronic Arts,Racing
videogame/www.askmen.com/pc_Commanders-Attack-Pc.html,Southend Interactive,Sierra,Strategy
videogame/www.askmen.com/ps2_Devil-May-Cry-4.html,Capcom Production Studio 1,Capcom,Action
videogame/www.askmen.com/xbox360_Lost-Odyssey-Xbox360.html,Mistwalker,Microsoft,RPG
videogame/www.askmen.com/pc_Guild-Wars-Campaign-3.html,ArenaNet,NCsoft,RPG
videogame/www.askmen.com/ps2_Atelier-Iris-3-Grand-Fantasm-Ps2.html,Gust,NIS,RPG
videogame/www.askmen.com/handheld_Naruto-Path-of-the-Ninja-Ds.html,Tose Software,Tomy Corporation,RPG
videogame/www.askmen.com/handheld_Space-Invaders-Extreme-Ds.html,Taito,Square Enix,Shooter
videogame/www.askmen.com/pc_City-Life-Pc.html,Monte Cristo,CDV,Simulation
videogame/www.askmen.com/pc_Titan-Quest.html,Iron Lore,THQ,Action
videogame/www.askmen.com/handheld_Bleach-Souten-ni-Kakeru-Unmei-Nintendo-DS.html,Treasure,SEGA,Action
videogame/www.askmen.com/ps2_Sonic-the-Hedgehog.html,Sonic Team,SEGA,Platformer
videogame/www.askmen.com/pc_Cabal-Online-Pc.html,EST Games,OGPlanet (GameFactory),RPG
videogame/www.askmen.com/ps2_hack-G-U-Vol-3-Redemption-Ps2.html,CyberConnect2,Bandai,RPG
videogame/www.askmen.com/handheld_Justice-League-Heroes.html,,,
videogame/www.askmen.com/pc_F-E-A-R-Perseus-Mandate-Pc.html,TimeGate,Sierra,Shooter
videogame/www.askmen.com/pc_Sam-Max-Season-1-Episode-1-Culture-Shock-Pc.html,Telltale Games,Telltale Games,Adventure
videogame/www.askmen.com/ps2_AMF-Xtreme-Bowling-2006.html,*TBA,Bethesda Softworks,Sports
videogame/www.askmen.com/ps2_Naruto-Ultimate-Ninja-3-Ps2.html,CyberConnect2,Namco Bandai,Fighting
videogame/www.askmen.com/pc_Open-Season.html,Ubisoft Montreal,Ubisoft,Action
videogame/www.askmen.com/pc_Star-Trek-Legacy.html,Mad Doc Software,Bethesda Softworks,Action
videogame/www.askmen.com/handheld_B-Boy-Psp.html,FreeStyleGames,Evolved Games,Music
videogame/www.askmen.com/ps2_This-is-Vegas-Ps3.html,Surreal Software,Midway Games,Action
videogame/www.askmen.com/xbox360_Virtua-Tennis-3.html,SEGA,SEGA,Sports
videogame/www.askmen.com/xbox360_NBA-Live-07-Xbox360.html,EA Canada,Electronic Arts,Sports
videogame/www.askmen.com/xbox360_Guitar-Hero-2-Xbox360.html,Harmonix,Microsoft,Music
videogame/www.askmen.com/xbox360_Devil-May-Cry-4-Xbox360.html,Capcom Production Studio 1,Capcom,Action
videogame/www.askmen.com/ps2_The-Fast-and-the-Furious.html,Eutechnyx,Namco Bandai Games - America,
videogame/www.askmen.com/pc_The-Settlers-Rise-of-an-Empire-Pc.html,Blue Byte,Ubisoft,Strategy
videogame/www.askmen.com/xbox360_Dead-or-Alive-Xtreme-2-Xbox360.html,Team Ninja,Tecmo,Sports
videogame/www.askmen.com/ps2_Untold-Legends-Dark-Kingdom.html,Sony Online Entertainment,Sony Online Entertainment,Action
videogame/www.askmen.com/handheld_Hot-PXL.html,,,Action
videogame/www.askmen.com/pc_Age-of-Pirates-Caribbean-Tales-Pc.html,Akella,Playlogic International,Compilation
videogame/www.askmen.com/xbox360_Sensible-World-of-Soccer-Xbox360.html,Codemasters,Microsoft,Sports
videogame/www.askmen.com/ps2_Ninja-Gaiden-Sigma-Ps3.html,Team Ninja,Tecmo,Action
videogame/www.askmen.com/xbox360_Just-Cause.html,Avalanche Studios (SE),Eidos Interactive,Action
videogame/www.askmen.com/pc_GTR-2.html,SimBin Development Team,10Tacle Studios,Racing
videogame/www.askmen.com/ps2_LEGO-Star-Wars-II-The-Original-Trilogy.html,Traveller's Tales,LucasArts,Action
videogame/www.askmen.com/ps2_Flipnic-Ultimate-Pinball.html,SCEI,Capcom,Pinball
videogame/www.askmen.com/xbox360_Tenchu-Z-Xbox360.html,K2 (Japan),Microsoft,Action
videogame/www.askmen.com/handheld_Elite-Beat-Agents.html,,,
videogame/www.askmen.com/ps2_Bladestorm-The-Hundred-Years-War.html,Omega Force,KOEI,Strategy
videogame/www.askmen.com/ps2_Resident-Evil-5-Ps3.html,Capcom,Capcom,Action
videogame/www.askmen.com/pc_Champions-Online-Pc.html,Cryptic Studios,2K Games,RPG
videogame/www.askmen.com/ps2_F-E-A-R-Ps3.html,Day 1,Vivendi Games,Shooter
videogame/www.askmen.com/handheld_Flash-Focus-Vision-Training-in-Minutes-a-Day-Ds.html,Namco Bandai,Nintendo,Educational
videogame/www.askmen.com/xbox360_Prey.html,Venom Games,2K Games,Shooter
videogame/www.askmen.com/xbox360_MLB-SlugFest-2006.html,Midway Games,Midway Games,Sports
videogame/www.askmen.com/handheld_Gradius-Collection.html,Konami,Konami,Shooter
videogame/www.askmen.com/ps2_John-Woo-Presents-Stranglehold.html,Midway Amusement Games,Midway Games,Action
videogame/www.askmen.com/pc_Heroes-of-Might-and-Magic-V.html,Nival Interactive,Ubisoft,Strategy
videogame/www.askmen.com/handheld_Echochrome-Psp.html,SCE Studios Japan,Sony Computer Entertainment,Puzzle
videogame/www.askmen.com/ps2_NCAA-March-Madness-08-Ps3.html,EA Canada,Electronic Arts,Sports
videogame/www.askmen.com/handheld_Pokemon-Ranger-Ds.html,Ambrella (Marigul),Nintendo,Action
videogame/www.askmen.com/ps2_Dawn-of-Mana.html,Square Enix,Square Enix,Action
videogame/www.askmen.com/pc_EverQuest-II-Rise-of-Kunark-Pc.html,SOE San Diego,Sony Online Entertainment,RPG
videogame/www.askmen.com/pc_Dark-Messiah-of-Might&Magic.html,Arkane Studios,Ubisoft,Action
videogame/www.askmen.com/ps2_NCAA-Football-07.html,Tiburon,Electronic Arts,Sports
videogame/www.askmen.com/ps2_Fatal-Inertia.html,KOEI Canada,KOEI,Racing
videogame/www.askmen.com/ps2_Harry-Potter-and-the-Order-of-the-Phoenix-Ps3.html,EA UK,Electronic Arts,Adventure
videogame/www.askmen.com/ps2_Armored-Core-4-Ps3.html,FromSoftware,SEGA,Action
videogame/www.askmen.com/xbox360_Infinite-Undiscovery-Xbox360.html,tri-Ace,Square Enix,RPG
videogame/www.askmen.com/xbox360_Kameo-Elements-of-Power.html,Rare,Microsoft,Adventure
videogame/www.askmen.com/ps2_NBA-Live-07-Ps2.html,EA Canada,Electronic Arts,Sports
videogame/www.askmen.com/xbox360_Tiger-Woods-PGA-Tour-08-Xbox360.html,Tiburon,Electronic Arts,Sports
videogame/www.askmen.com/ps2_FIFA-Soccer-08-Ps3.html,EA Canada,Electronic Arts,Sports
videogame/www.askmen.com/pc_ParaWorld.html,Sunflowers,Aspyr,Strategy
videogame/www.askmen.com/pc_LEGO-Star-Wars-The-Video-Game-Pc.html,Traveller's Tales,Giant Interactive Entertainment,Action
videogame/www.askmen.com/pc_The-Agency-Pc.html,SOE Seattle,Sony Online Entertainment,Action
videogame/www.askmen.com/xbox360_NHL-07-Xbox360.html,EA Canada,Electronic Arts,Sports
videogame/www.askmen.com/xbox360_Winning-Eleven-Pro-Evolution-Soccer-2007.html,Konami,Konami,Sports
videogame/www.askmen.com/pc_World-of-Warcraft.html,Blizzard,Vivendi Games,RPG
videogame/www.askmen.com/xbox360_Age-of-Conan-Hyborian-Adventures-Xbox360.html,Funcom,Eidos Interactive,Action
videogame/www.askmen.com/ps2_F106.html,SCE Studios Liverpool,Sony Computer Entertainment,Racing
videogame/www.askmen.com/pc_The-Sims-3-Pc.html,Maxis,Electronic Arts,Simulation
videogame/www.askmen.com/handheld_Crash-Boom-Bang-Ds.html,Dimps,Sierra,Party
videogame/www.askmen.com/xbox360_NBA-2K8-Xbox360.html,Visual Concepts,2K Sports,Sports
videogame/www.askmen.com/handheld_LOL-Ds.html,Route 24,Agetec,Party
videogame/www.askmen.com/handheld_Disney-Friends-Ds.html,Amaze Entertainment,Disney Interactive Studios,Adventure
videogame/www.askmen.com/pc_Halo-2-Pc.html,Bungie Software,Microsoft,Shooter
videogame/www.askmen.com/xbox360_The-Da-Vinci-Code.html,,,Action
videogame/www.askmen.com/xbox360_Crackdown.html,Realtime Worlds,Microsoft,Action
videogame/www.askmen.com/handheld_Jackass-The-Game-Ds.html,Sensory Sweep,Red Mile Entertainment,Action
videogame/www.askmen.com/handheld_Tomb-Raider-Legend.html,HumanSoft,Eidos Interactive,Action
videogame/www.askmen.com/xbox360_Over-G-Fighters.html,Taito,Ubisoft,Flight
videogame/www.askmen.com/handheld_Death-Jr----Root-of-Evil.html,Backbone Entertainment,Konami,Action
videogame/www.askmen.com/handheld_Superman-Returns-The-Videogame.html,Santa Cruz Games,Electronic Arts,
videogame/www.askmen.com/ps2_Bully-Ps2.html,Rockstar Vancouver,Rockstar Games,Action
videogame/www.askmen.com/xbox360_Hail-to-the-Chimp-Xbox360.html,Wideload Games,Gamecock,Party
videogame/www.askmen.com/xbox360_Test-Drive-Unlimited.html,Eden Studios,Atari,Racing
videogame/www.askmen.com/ps2_Black.html,Criterion Games,Electronic Arts,Shooter
videogame/www.askmen.com/ps2_The-Last-Remnant-Ps3.html,Square Enix,Square Enix,RPG
videogame/www.askmen.com/xbox360_Rogue-Trooper.html,Rebellion,Eidos Interactive,Action
videogame/www.askmen.com/xbox360_World-Series-of-Poker-2008-Battle-for-the-Bracelets-Xbox360.html,*TBA,Activision,Card
videogame/www.askmen.com/xbox360_World-in-Conflict-Soviet-Assault-Xbox360.html,Swordfish Studios,Sierra,Strategy
videogame/www.askmen.com/xbox360_Arkadian-Warriors-Xbox360.html,Wanako Games,Sierra,Action
videogame/www.askmen.com/handheld_Rafa-Nadal-Tennis-Ds.html,Virtual Toys,Codemasters,Sports
videogame/www.askmen.com/xbox360_The-Incredible-Hulk-Ultimate-Destruction.html,Radical Entertainment,Vivendi Universal Games,Action
videogame/www.askmen.com/ps2_Darksiders-Ps3.html,Vigil Games,THQ,Action
videogame/www.askmen.com/ps2_Romance-of-The-Three-Kingdoms-XI-Ps2.html,KOEI,KOEI,Strategy
videogame/www.askmen.com/xbox360_Dark-Messiah-of-Might-Magic-Elements-Xbox360.html,Ubisoft Annecy,Ubisoft,Action
videogame/www.askmen.com/xbox360_Madden-NFL-08-Xbox360.html,Tiburon,Electronic Arts,Sports
videogame/www.askmen.com/pc_World-in-Conflict.html,Massive Entertainment,Sierra,Strategy
videogame/www.askmen.com/ps2_Destroy-All-Humans!-2.html,Pandemic Studios,THQ,Action
videogame/www.askmen.com/xbox360_Madden-NFL-07.html,Tiburon,Electronic Arts,Sports
videogame/www.askmen.com/handheld_Mega-Man-Star-Force-Leo-Ds.html,Capcom Production Studio 2,Capcom,RPG
videogame/www.askmen.com/ps2_Tom-Clancy-Splinter-Cell-Double-Agent.html,Ubisoft Montreal,Ubisoft,Action
videogame/www.askmen.com/xbox360_Super-Street-Fighter-II-Turbo-HD-Remix-Xbox360.html,Backbone Entertainment,Capcom,Fighting
videogame/www.askmen.com/ps2_The-Legend-of-Spyro-A-New-Beginning-Ps2.html,Krome Studios,Sierra,Platformer
videogame/www.askmen.com/handheld_Mario-vs-Donkey-Kong-DS.html,Nintendo,Nintendo,
videogame/www.askmen.com/xbox360_America-s-Army-True-Soldiers-Xbox360.html,Red Storm Entertainment,Ubisoft,Shooter
videogame/www.askmen.com/ps2_Tom-Clancy-Rainbow-Six-Vegas.html,Ubisoft Montreal,Ubisoft,Shooter
videogame/www.askmen.com/ps2_Killzone-PS3.html,Guerrilla Games,Sony Computer Entertainment,Shooter
videogame/www.askmen.com/xbox360_Star-Trek-Legacy.html,Mad Doc Software,Bethesda Softworks,Action
videogame/www.askmen.com/ps2_Naruto-Ultimate-Ninja.html,CyberConnect2,Bandai,Fighting
videogame/www.askmen.com/xbox360_Assassin-Creed-Xbox360.html,Ubisoft Montreal,Ubisoft,Action
videogame/www.askmen.com/handheld_Nintendo-DS-Browser.html,Opera Software (Opera Web Browser),Nintendo,
videogame/www.askmen.com/pc_Clive-Barker-s-Jericho-Pc.html,MercurySteam,Codemasters,Action
videogame/www.askmen.com/pc_Turning-Point-Fall-of-Liberty-Pc.html,Spark Unlimited,Codemasters,Shooter
videogame/www.askmen.com/pc_EverQuest-II-Pc.html,Sony Online Entertainment (SOE),Sony Online Entertainment (SOE),RPG
videogame/www.askmen.com/xbox360_Tiger-Woods-PGA-Tour-07-TBA-.html,Electronic Arts,Electronic Arts,Sports
videogame/www.askmen.com/handheld_Harvest-Moon-The-Island-I-Develop-With-You-Ds.html,Natsume,Natsume,Simulation
videogame/www.askmen.com/xbox360_Scarface-The-World-is-Yours.html,Radical Entertainment,Vivendi Games,Action
videogame/www.askmen.com/pc_Tom-Clancy-Splinter-Cell-Double-Agent.html,Ubisoft Montreal,Ubisoft,Action
videogame/www.askmen.com/ps2_Dynasty-Warriors-6-Ps3.html,Omega Force,KOEI,Action
videogame/www.askmen.com/xbox360_Fatal-Inertia-Xbox360.html,KOEI Canada,KOEI,Racing
videogame/www.askmen.com/pc_Prince-of-Persia-Pc.html,Ubisoft Montreal,Ubisoft,Adventure
videogame/www.askmen.com/handheld_Wild-ARMs-XF-Psp.html,Media Vision,XSEED Games,RPG
videogame/www.askmen.com/xbox360_Dark-Sector-Xbox360.html,Digital Extremes,D3 Publisher,Shooter
videogame/www.askmen.com/pc_Flight-Simulator-X-Pc.html,ACES Studio,Microsoft,Flight
videogame/www.askmen.com/ps2_Guitar-Hero-II.html,Harmonix,RedOctane,Music
videogame/www.askmen.com/ps2_NHL-2K7.html,Kush Games,2K Sports,Sports
videogame/www.askmen.com/xbox360_Borderlands-Xbox360.html,Gearbox Software,2K Games,Action
videogame/www.askmen.com/ps2_Hitman-Blood-Money.html,Io Interactive,Eidos Interactive,Action
videogame/www.askmen.com/ps2_NBA-2K8-Ps3.html,Visual Concepts,2K Sports,Sports
videogame/www.askmen.com/xbox360_Call-of-Duty-3-XBOX360.html,Treyarch,Activision,Shooter
videogame/www.askmen.com/handheld_Point-Blank-DS.html,NAMCO BANDAI Group,NAMCO BANDAI Group,Shooter
videogame/www.askmen.com/ps2_Avatar-The-Last-Airbender.html,THQ Studio Australia (Studio Oz),THQ,Action
videogame/www.askmen.com/xbox360_Dead-Rising.html,Capcom,Capcom,Action
videogame/www.askmen.com/xbox360_Spider-Man-Friend-or-Foe-Xbox360.html,Next Level Games,Activision,Action
videogame/www.askmen.com/pc_DEFCON-Pc.html,Introversion Software,Introversion Software,Simulation
videogame/www.askmen.com/handheld_Phoenix-Wright-Justice-For-All.html,Capcom,Capcom,Adventure
videogame/www.askmen.com/xbox360_Elveon-Xbox360.html,10Tacle Studios,*TBA,Action
videogame/www.askmen.com/xbox360_BioShock.html,Irrational Games,2K Games,Action
videogame/www.askmen.com/handheld_FlatOut-Head-On-Psp.html,Six By Nine,Empire Interactive,Racing
videogame/www.askmen.com/ps2_NHL-2K8-Ps3.html,Visual Concepts,2K Sports,Sports
videogame/www.askmen.com/xbox360_LEGO-Indiana-Jones-The-Original-Adventures-Xbox360.html,Traveller's Tales,LucasArts,Adventure
videogame/www.askmen.com/handheld_Crosswords-DS-Ds.html,Nuevo Retro Games,Nintendo,Puzzle
videogame/www.askmen.com/ps2_NBA-2K8-Ps2.html,Visual Concepts,2K Sports,Sports
videogame/www.askmen.com/ps2_Final-Fantasy-XIII.html,Square Enix,Square Enix,Action
videogame/www.askmen.com/ps2_Obscure-II-Ps2.html,Hydravision Entertainment,Ignition Entertainment,Action
videogame/www.askmen.com/pc_Faces-of-War-Pc.html,Best Way,Ubisoft,Strategy
videogame/www.askmen.com/ps2_The-Bigs-Ps3.html,Blue Castle Games,2K Sports,Sports
videogame/www.askmen.com/pc_Warhammer-40-000-Dawn-of-War-Soulstorm-Pc.html,Relic,THQ,Strategy
videogame/www.askmen.com/pc_Call-of-Duty-4-Modern-Warfare-Pc.html,Infinity Ward,Activision,Shooter
videogame/www.askmen.com/pc_Fallout-3-Pc.html,Bethesda Softworks,Bethesda Softworks,RPG
videogame/www.askmen.com/xbox360_SEGA-Rally-Revo.html,SEGA Driving Studio,SEGA,Racing
videogame/www.askmen.com/pc_Star-Wars-Empire-at-War-Forces-of-Corruption.html,Petroglyph,LucasArts,Strategy
videogame/www.askmen.com/xbox360_Spider-Man-3-Xbox360.html,Treyarch,Activision,Action
videogame/www.askmen.com/handheld_LEGO-Star-Wars-The-Complete-Saga-Ds.html,Traveller's Tales,LucasArts,Action
videogame/www.askmen.com/pc_Age-of-Empires-III-The-Asian-Dynasties-Pc.html,Big Huge Games,Microsoft,Strategy
videogame/www.askmen.com/xbox360_Hour-of-Victory-Xbox360.html,nFusion,Midway Games,Shooter
videogame/www.askmen.com/handheld_Test-Drive-Unlimited-Psp.html,Melbourne House,Atari,Racing
videogame/www.askmen.com/pc_This-is-Vegas-Pc.html,Surreal Software,Midway Games,Action
videogame/www.askmen.com/ps2_Army-of-Two.html,EA Montreal,Electronic Arts,Action
videogame/www.askmen.com/ps2_Buzz-The-Hollywood-Quiz-Ps2.html,SCEE,Sony Computer Entertainment,Trivia
videogame/www.askmen.com/xbox360_Smash-Court-Tennis-3-Xbox360.html,Namco,Namco Bandai,Sports
videogame/www.askmen.com/pc_Hellgate-London.html,Flagship Studios,Namco Bandai,Action
videogame/www.askmen.com/handheld_Medal-of-Honor-Heroes-2-Psp.html,EA Canada - Team Fusion,Electronic Arts,Shooter
videogame/www.askmen.com/ps2_Clive-Barker-s-Jericho-Ps3.html,MercurySteam,Codemasters,Action
videogame/www.askmen.com/xbox360_Marathon-Durandal-Xbox360.html,Freeverse Software,Microsoft Game Studios,Shooter
videogame/www.askmen.com/ps2_Fifth-Phantom-Saga.html,Sonic Team,SEGA,Shooter
videogame/www.askmen.com/handheld_Medal-of-Honor-Heroes-Psp.html,EA Canada - Team Fusion,Electronic Arts,Shooter
videogame/www.askmen.com/xbox360_Beijing-2008-Xbox360.html,Eurocom,SEGA,Sports
videogame/www.askmen.com/ps2_Kingdom-Hearts-II.html,Square Enix,Square Enix,Action
videogame/www.askmen.com/ps2_Fire-Pro-Returns-Ps2.html,Spike,Agetec,Wrestling
videogame/www.askmen.com/ps2_Battlefield-Bad-Company-Ps3.html,DICE Sweden (Digital Illusions),Electronic Arts,Shooter
videogame/www.askmen.com/pc_Warhammer-Online-Age-of-Reckoning.html,Mythic Entertainment,Electronic Arts,RPG
videogame/www.askmen.com/xbox360_Rez-HD-Xbox360.html,HexaDrive,Q Entertainment,Shooter
videogame/www.askmen.com/pc_Half-Life-2-Episode-One.html,Valve,Valve,Shooter
videogame/www.askmen.com/ps2_Persona-3.html,Atlus Software,Atlus Software,
videogame/www.askmen.com/ps2_NFL-Tour-Ps3.html,Tiburon,Electronic Arts,Sports
videogame/www.askmen.com/pc_Phantasy-Star-Universe.html,Sonic Team,SEGA,RPG
videogame/www.askmen.com/ps2_LocoRoco-Cocoreccho-Ps3.html,SCE Studios Japan,Sony Computer Entertainment,Action
videogame/www.askmen.com/ps2_Pirates-of-the-Caribbean-The-Legend-of-Jack-Sparrow.html,7 Studios,Bethesda Softworks,Action
videogame/www.askmen.com/handheld_Metal-Gear-Solid-Portable-Ops.html,Kojima Productions,Konami,Action
videogame/www.askmen.com/pc_Juiced-2-Hot-Import-Nights-Pc.html,Juice Games,THQ,Racing
videogame/www.askmen.com/xbox360_Asteroids-Deluxe-Xbox360.html,Stainless Games,Atari,Shooter
videogame/www.askmen.com/ps2_Hot-Shots-Golf-5.html,Clap Hanz,Sony Computer Entertainment,Sports
videogame/www.askmen.com/ps2_Tim-Burton-The-Nightmare-Before-Christmas-Oogie-Revenge.html,Capcom Production Studio 3,Buena Vista Games,Action
videogame/www.askmen.com/pc_The-Da-Vinci-Code.html,,,Action
videogame/www.askmen.com/ps2_FIFA-Soccer-07-Ps2.html,EA Canada,Electronic Arts,Sports
videogame/www.askmen.com/xbox360_WarTech-Senko-no-Ronde-Xbox360.html,G.Rev,Ubisoft,Shooter
