url,STRING : publisher,STRING : developer
videogame/www.cduniverse.com/1156163-Junglebook_W_Pad.html,,Ubisoft
videogame/www.cduniverse.com/7267643-18_Wheels_Of_Steel_Haulin.html,,ValuSoft
videogame/www.cduniverse.com/7532502-18_Wheels_Of_Steel-_American_Long_Haul.html,ValuSoft,ValuSoft
videogame/www.cduniverse.com/7069490-Atv_Offroad_Fury_Pro.html,,Sony
videogame/www.cduniverse.com/6842741-Atv_Offroad_Fury-_Blazin'_Trails.html,,Sony
videogame/www.cduniverse.com/6834972-Atv-_Quad_Frenzy.html,Majesco Sales Inc.,Majesco Entertainment
videogame/www.cduniverse.com/6746913-Ace_Combat_5-_The_Unsung_War.html,"Namco Hometek,Inc.",Namco
videogame/www.cduniverse.com/7583160-Action_Girlz_Racing.html,,Conspiracy
videogame/www.cduniverse.com/5746152-Action_Replay_XBox.html,,Intec
videogame/www.cduniverse.com/7629097-Active_Life-_Outdoor_Challenge.html,Namco Bandai,Namco
videogame/www.cduniverse.com/7500944-Agatha_Christie-_And_Then_There_Were_None.html,The Adventure Company,Dreamcatcher
videogame/www.cduniverse.com/7376416-Age_Of_Empires_-_Collectors_Edition.html,,ValuSoft
videogame/www.cduniverse.com/7535986-Age_Of_Empires_III-_Gold_Edition.html,Microsoft,Microsoft
videogame/www.cduniverse.com/6834968-Age_Of_Empires-_The_Age_Of_Kings.html,,Majesco Entertainment
videogame/www.cduniverse.com/7281268-Air_Conflicts-_Aces_Of_World_War_II.html,Graffiti Entertainment,Graffiti Ent. Inc.
videogame/www.cduniverse.com/6875966-Air_Flo_Wireless_Controller.html,,Nyko
videogame/www.cduniverse.com/7478076-Airbus_Collection_Expansion_For_Flight_Simulator_X.html,Just Flight,Microsoft
videogame/www.cduniverse.com/7437600-Aliens_vs._Predator-_Requiem.html,Sierra,Vivendi Universal
videogame/www.cduniverse.com/7588660-Alone_In_The_Dark.html,,Atari
videogame/www.cduniverse.com/7437601-America's_Army-_True_Soldiers.html,,Ubi Soft
videogame/www.cduniverse.com/7491423-American_Girl-_Julie_Finds_A_Way.html,,THQ
videogame/www.cduniverse.com/6831688-Amf_Xtreme_Bowling_2006.html,Mud Duck Productions,
videogame/www.cduniverse.com/7747796-Animal_Crossing_-_City_Folk.html,Nintendo,Nintendo Games
videogame/www.cduniverse.com/7462515-Animal_Genius.html,,Activision
videogame/www.cduniverse.com/7434504-Arcade_Stick.html,,Mad Catz
videogame/www.cduniverse.com/7425376-Assassin's_Creed.html,,Ubisoft
videogame/www.cduniverse.com/7431438-Assassin's_Creed.html,Ubi Soft Entertainment,Ubisoft
videogame/www.cduniverse.com/6714609-Astro_Boy-_Omega_Factor.html,,Sega
videogame/www.cduniverse.com/6967767-Atari_-_80_Classic_Games.html,,Atari
videogame/www.cduniverse.com/7477723-Atari_Classics_Evolved.html,,Atari
videogame/www.cduniverse.com/7040157-Atari_Flying_Collection.html,,Atari
videogame/www.cduniverse.com/7116615-B-17-_Fortress_In_The_Sky.html,,"Zoo Games, Inc"
videogame/www.cduniverse.com/7580780-B-Boy.html,SouthPeak Interactive,South Peak Interactive
videogame/www.cduniverse.com/7655660-Baja-_Edge_Of_Control.html,,THQ Inc
videogame/www.cduniverse.com/7241855-Barbie_In_The_12_Dancing_Princesses.html,,Activision
videogame/www.cduniverse.com/6983826-Bass_Pro_Shops_Trophy_Bass_2007.html,Vivendi Games,Activision
videogame/www.cduniverse.com/7246727-Baten_Kaitos_Origins.html,"Nintendo of America, Inc.",Nintendo
videogame/www.cduniverse.com/6975347-Battlefield_1942-_The_Complete_Collection.html,Electronic Arts,EA
videogame/www.cduniverse.com/7365687-Battlefield_2-_Complete_Collection.html,Electronic Arts,EA
videogame/www.cduniverse.com/7536566-Battlefield-_Bad_Company.html,Electronic Arts,EA
videogame/www.cduniverse.com/6967196-Battles_Of_Prince_Of_Persia.html,Ubi Soft Entertainment,Ubisoft
videogame/www.cduniverse.com/7437603-Bee_Movie_Game.html,,Activision
videogame/www.cduniverse.com/7470831-Ben_10-_Protector_Of_Earth.html,D3 Publisher,D3
videogame/www.cduniverse.com/7617820-Biathlon-2008.html,,SVG
videogame/www.cduniverse.com/6746924-Bicycle_Casino.html,,
videogame/www.cduniverse.com/7039500-Big_Brain_Academy.html,Nintendo,Nintendo Games
videogame/www.cduniverse.com/7411837-Big_Brain_Academy-_Wii_Degree.html,Nintendo,NOVA
videogame/www.cduniverse.com/7295384-Bionicle_Heroes.html,Eidos Interactive,Eidos
videogame/www.cduniverse.com/7417390-Bladestorm-_The_Hundred_Years'_War.html,,Koei
videogame/www.cduniverse.com/7352751-Blazing_Angels_2-_Secret_Missions_Of_WWII.html,,Ubi Soft
videogame/www.cduniverse.com/7711002-Bolt.html,Disney Interactive Studios,Disney Software
videogame/www.cduniverse.com/7720471-Walt_Disney_Pictures_Bolt.html,Disney Interactive Studios,Disney
videogame/www.cduniverse.com/7432379-Boogie_Microphone_Included.html,Electronic Arts,EA
videogame/www.cduniverse.com/7470151-Bratz_4_Real.html,,THQ
videogame/www.cduniverse.com/7439770-Brave_Story-_New_Traveler.html,XSEED Games,Xseed Games
videogame/www.cduniverse.com/7323924-Brothers_In_Arms-_Hell's_Highway.html,,Ubisoft
videogame/www.cduniverse.com/7284809-Bubble_Bobble_Evolution.html,Codemasters,Codemasters Inc.
videogame/www.cduniverse.com/7241848-Buccaneers_Bounty.html,,eGames
videogame/www.cduniverse.com/7371274-Burnout_Dominator.html,Electronic Arts,EA
videogame/www.cduniverse.com/7494572-Burnout_Paradise.html,Electronic Arts,EA
videogame/www.cduniverse.com/7470903-Haze.html,Ubi Soft Entertainment,Ubi Soft
videogame/www.cduniverse.com/7607281-Buzz!_Junior-_Robo_Jam_Game_Only.html,Sony Computer Entertainment Inc.,Sony
videogame/www.cduniverse.com/6967772-Cabbage_Patch_Kids-_Where's_My_Pony.html,D3 Publisher,D3
videogame/www.cduniverse.com/7227227-Cabela's_African_Safari.html,Activision Value,Activision
videogame/www.cduniverse.com/7241863-Cabela's_African_Safari.html,Activision Value,Activision
videogame/www.cduniverse.com/7696442-Cabela's-Big-Game-Hunter-2009.html,Activision Value,Activision
videogame/www.cduniverse.com/7477410-Cabela's-Big-Game-Hunter.html,,Activision
videogame/www.cduniverse.com/7477410-Cabela's_Big_Game_Hunter.html,,Activision
videogame/www.cduniverse.com/7241859-Cabela's_Big_Game_Hunter-10th_Anniv.html,Activision Value,Activision
videogame/www.cduniverse.com/6846069-Call_Of_Cthulhu-_Dark_Corners_Of_The_Earth.html,,TAKE 2
videogame/www.cduniverse.com/6917049-Call_Of_Duty_2.html,Activision Inc.,Activision
videogame/www.cduniverse.com/7279591-Call_Of_Duty_Warchest_DVD.html,,Activision
videogame/www.cduniverse.com/6712954-Call_Of_Duty-_Finest_Hour.html,Activision Inc.,Activision
videogame/www.cduniverse.com/7243431-Capcom_Classics_Collection_Vol_2.html,Capcom,Capcom
videogame/www.cduniverse.com/2842158-Car_Adapter_Sony_94.html,,Sony
videogame/www.cduniverse.com/7703626-Carnival_Games_Mini_Golf.html,2K Play,Take 2 Interactive
videogame/www.cduniverse.com/7653424-Carnival_Games.html,2K Play,Take 2 Interactive
videogame/www.cduniverse.com/7519727-Cartoon_Network_All_Stars.html,Brighter Minds Media,Ttwo
videogame/www.cduniverse.com/7243562-Catz.html,,
videogame/www.cduniverse.com/7446058-Chessmaster-_Grandmaster_Edition.html,,Ubi Soft
videogame/www.cduniverse.com/7004730-Chibi-Robo.html,,Nintendo
videogame/www.cduniverse.com/7603368-Chronicles_Of_Narnia-_Prince_Caspian.html,Disney Interactive Studios,Disney
videogame/www.cduniverse.com/7603371-Chronicles_Of_Narnia-_Prince_Caspian.html,Disney Interactive Studios,Disney
videogame/www.cduniverse.com/7603375-Chronicles_Of_Narnia-_Prince_Caspian.html,Disney Interactive Studios,Disney Software
videogame/www.cduniverse.com/1151553-Chrono_Cross.html,,SQUARE ENIX
videogame/www.cduniverse.com/7351307-Clancy_-_Rainbow_Six-Vegas_DVD.html,,Ubi Soft
videogame/www.cduniverse.com/7711005-Club_Penguin-_Elite_Penguin_Force.html,Disney Interactive Studios,Disney Software
videogame/www.cduniverse.com/6856918-Coded_Arms.html,,Konami
videogame/www.cduniverse.com/7361179-Command_&_Conquer_3_Tiberium_Wars.html,,EA
videogame/www.cduniverse.com/7519689-Command_&_Destroy.html,"Destination Software, Inc. (DSI)","Zoo Games, Inc"
videogame/www.cduniverse.com/7622640-Company_Of_Heroes_Gold.html,,THQ
videogame/www.cduniverse.com/7570740-Condemned_2-_Bloodshot.html,SEGA,SEGA
videogame/www.cduniverse.com/6917050-Condemned-_Criminal_Origins.html,,SEGA
videogame/www.cduniverse.com/7398815-Controller_Charging_Station.html,,Intec
videogame/www.cduniverse.com/2032365-Spyhunter.html,,Midway
videogame/www.cduniverse.com/2104338-NFL_2K2.html,SEGA,SEGA
videogame/www.cduniverse.com/2226126-Dave_Mirra_Freestyle_BMX_2.html,Acclaim Sports,VAR
videogame/www.cduniverse.com/2840880-Halo-_Combat_Evolved.html,,Microsoft
videogame/www.cduniverse.com/3118044-Aggressive_Inline.html,Acclaim Sports,Acclaim
videogame/www.cduniverse.com/3540018-Dr_Muto.html,,Midway
videogame/www.cduniverse.com/3540117-Spyro--Enter-The-Dragonfly.html,Universal Interactive Studios,Activision
videogame/www.cduniverse.com/4900764-Grand_Theft_Auto-_Vice_City.html,,Ttwo
videogame/www.cduniverse.com/4931706-Tom_Clancy's_Ghost_Recon.html,Ubi Soft Entertainment,Ubi Soft
videogame/www.cduniverse.com/5059407-Conflict-_Desert_Storm.html,Gotham Games,Take 2
videogame/www.cduniverse.com/5361402-Lord_Of_The_Rings-_The_Two_Towers.html,,EA
videogame/www.cduniverse.com/5829168-Alias.html,"Acclaim Entertainment, Inc.",Acclaim
videogame/www.cduniverse.com/5829366-Hobbit.html,,Vivendi Universal
videogame/www.cduniverse.com/5890179-Viewtiful_Joe.html,,CAPCOM
videogame/www.cduniverse.com/5898351-Backyard_Basketball.html,,"Atari, Inc."
videogame/www.cduniverse.com/5976822-Tony_Hawk's_Underground.html,Activision O2,Activision
videogame/www.cduniverse.com/6010095-Shrek_2.html,,Activision
videogame/www.cduniverse.com/6010104-Spider-Man_2-_The_Movie.html,Activision Inc.,Activision
videogame/www.cduniverse.com/6010410-Spider-Man_2-_The_Movie.html,Activision Inc.,Activision
videogame/www.cduniverse.com/6021129-James_Bond_007-_Everything_Or_Nothing.html,Electronic Arts,EA
videogame/www.cduniverse.com/6026718-Madden_NFL_2004.html,,EA
videogame/www.cduniverse.com/6026844-James_Bond_007-_Everything_Or_Nothing.html,Electronic Arts,EA
videogame/www.cduniverse.com/6111381-Max_Payne_2-_The_Fall_Of_Max_Payne.html,,TAKE 2
videogame/www.cduniverse.com/6111390-I-Ninja.html,"Namco Hometek,Inc.",Namco
videogame/www.cduniverse.com/6111498-R-_Racing_Evolution.html,,Namco
videogame/www.cduniverse.com/6278979-Rogue_Ops.html,Kemco,Kemco
videogame/www.cduniverse.com/6667720-Tom_Clancy's_Splinter_Cell_Pandora_Tomorrow.html,Ubi Soft Entertainment,
videogame/www.cduniverse.com/6672886-Star_Wars_Battlefront.html,LucasArts Entertainment Company,Lucasarts
videogame/www.cduniverse.com/6672887-Star_Wars_Battlefront.html,LucasArts Entertainment Company,LucasArts
videogame/www.cduniverse.com/6708500-Halo_2.html,Microsoft,Microsoft
videogame/www.cduniverse.com/6712963-Lemony_Snicket's_A_Series_Of_Unfortunate_Events.html,Activision Inc.,
videogame/www.cduniverse.com/6731173-SD_Gundam_Force-_Showdown!.html,,Bandai Namco Games
videogame/www.cduniverse.com/6737057-Madden_NFL_2005.html,Electronic Arts,EA
videogame/www.cduniverse.com/6741060-Viewtiful-Joe.html,,
videogame/www.cduniverse.com/6746908-World_Championship_Poker.html,Crave Entertainment,Crave
videogame/www.cduniverse.com/6746954-Tony_Hawk's_Underground_2.html,Activision Inc.,Activision
videogame/www.cduniverse.com/6747920-Ghost_In_The_Shell-_Stand_Alone_Complex.html,,Bandai
videogame/www.cduniverse.com/6750338-NFL_Street_2.html,,
videogame/www.cduniverse.com/6750583-NBA_Live_2005.html,,EA
videogame/www.cduniverse.com/6750596-Goldeneye-_Rogue_Agent.html,,EA
videogame/www.cduniverse.com/6750739-NBA_Live_2005.html,,EA
videogame/www.cduniverse.com/6752735-Incredibles.html,"THQ, Inc.",THQ
videogame/www.cduniverse.com/6757909-Army_Men-_Sarge's_War.html,,XS Games
videogame/www.cduniverse.com/6760935-Incredibles.html,"THQ, Inc.",THQ
videogame/www.cduniverse.com/6770116-Texas_Hold_'Em_Poker.html,Majesco Sales Inc.,Majesco Entertainment
videogame/www.cduniverse.com/6805994-NFL_Street_2.html,,
videogame/www.cduniverse.com/6814533-Cold_Fear.html,Ubi Soft Entertainment,UBISOFT
videogame/www.cduniverse.com/6816710-Timesplitters-_Future_Perfect.html,,EA
videogame/www.cduniverse.com/6816713-World_Tour_Soccer_2006.html,,Sony
videogame/www.cduniverse.com/6827453-Grand_Theft_Auto-_Vice_City.html,,Ttwo
videogame/www.cduniverse.com/6827909-Full_Spectrum_Warrior.html,"THQ, Inc.",THQ
videogame/www.cduniverse.com/6829596-MX_World_Tour-_Featuring_Jamie_Little.html,Crave Entertainment,Crave
videogame/www.cduniverse.com/6831695-Snood_2-_On_Vacation.html,,Destination Software
videogame/www.cduniverse.com/6834966-Aeon_Flux.html,Majesco Sales Inc.,Majesco Entertainment
videogame/www.cduniverse.com/6837429-Madagascar.html,,Activision
videogame/www.cduniverse.com/6837434-Star_Wars_Episode_III-_Revenge_Of_The_Sith.html,LucasArts Entertainment Company,Lucasarts
videogame/www.cduniverse.com/6837435-Star_Wars_Episode_III-_Revenge_Of_The_Sith.html,,LucasArts
videogame/www.cduniverse.com/6841060-Hummer-_Badlands.html,,Jack Of All Games
videogame/www.cduniverse.com/6841061-Ford_vs._Chevy.html,,XS Games
videogame/www.cduniverse.com/6842079-Madagascar.html,,Activision
videogame/www.cduniverse.com/6842806-Grand_Theft_Auto-_Liberty_City_Stories.html,,Take 2 Interactive
videogame/www.cduniverse.com/6850824-Batman_Begins.html,,EA
videogame/www.cduniverse.com/6856391-Commandos_Strike_Force.html,Eidos Interactive,Eidos
videogame/www.cduniverse.com/6856407-Commandos_Strike_Force.html,Eidos Interactive,Eidos
videogame/www.cduniverse.com/6862339-Burnout_Revenge.html,,EA
videogame/www.cduniverse.com/6866311-NHL_06.html,,EA
videogame/www.cduniverse.com/6869101-NHL_2K6.html,,TAKE 2
videogame/www.cduniverse.com/6869733-Star_Wars_Battlefront_II.html,LucasArts Entertainment Company,LucasArts
videogame/www.cduniverse.com/6872196-Hitman-_Blood_Money.html,Eidos Interactive,Eidos
videogame/www.cduniverse.com/6877229-Shadow_The_Hedgehog.html,,SEGA
videogame/www.cduniverse.com/6877252-True_Crime-_New_York_City.html,Activision Inc.,Activision
videogame/www.cduniverse.com/6877441-Resident-Evil-4.html,,CAPCOM
videogame/www.cduniverse.com/6877450-Without_Warning.html,,Capcom
videogame/www.cduniverse.com/6879853-Tomb_Raider-_Legend.html,Eidos Interactive,Eidos
videogame/www.cduniverse.com/6882229-NBA_'06-_Featuring_The_Life_Vol._1.html,,Sony
videogame/www.cduniverse.com/6882570-World_Poker_Tour.html,,Ttwo
videogame/www.cduniverse.com/6883485-NBA_'06.html,,Sony
videogame/www.cduniverse.com/6884832-Brothers_In_Arms-_Earned_In_Blood.html,Ubi Soft Entertainment,UBISOFT
videogame/www.cduniverse.com/6885701-Gun.html,Activision Inc.,Activision
videogame/www.cduniverse.com/6885704-Barnyard.html,,
videogame/www.cduniverse.com/6917055-Burnout_Revenge.html,,EA
videogame/www.cduniverse.com/6917059-Quake_4.html,Activision Inc.,
videogame/www.cduniverse.com/6917061-Madden_NFL_06.html,,EA
videogame/www.cduniverse.com/6917824-Tiger_Woods_PGA_Tour_06.html,Electronic Arts,Ea
videogame/www.cduniverse.com/6923596-Battlefield_2-_Modern_Combat.html,,Ea
videogame/www.cduniverse.com/6923597-Star_Wars_Battlefront_II.html,LucasArts Entertainment Company,Lucasarts
videogame/www.cduniverse.com/6934626-Codename-_Kids_Next_Door_-_Operation-_V.I.D.E.O.G.A.M.E..html,,TAKE 2
videogame/www.cduniverse.com/6939442-Lego_Star_Wars-_The_Video_Game.html,Eidos Interactive,Eidos
videogame/www.cduniverse.com/6939444-50-Cent--Bulletproof-G-Unit-Edition.html,Vivendi Games,Vivendi Universal
videogame/www.cduniverse.com/6945475-Grand_Theft_Auto-_San_Andreas.html,Rockstar Games,Ttwo
videogame/www.cduniverse.com/6945478-True_Crime-_New_York_City.html,Activision Inc.,Activision
videogame/www.cduniverse.com/6948157-Wallace_&_Gromit-_The_Curse_Of_The_Were-Rabbit.html,,Konami
videogame/www.cduniverse.com/6970823-Heroes_Of_The_Pacific.html,Ubi Soft Entertainment,Ubi Soft
videogame/www.cduniverse.com/6995762-Dogz.html,,Ubi Soft
videogame/www.cduniverse.com/7007062-NFL_Head_Coach.html,,EA
videogame/www.cduniverse.com/7019872-Puzzle_Challenge-_Crosswords_And_More!.html,Crave Entertainment,
videogame/www.cduniverse.com/7032438-NBA_Ballers-_Phenom.html,,Midway
videogame/www.cduniverse.com/7032439-NBA_Ballers-_Phenom.html,,Midway
videogame/www.cduniverse.com/7045289-Midnight_Club_3-_Dub_Edition_Remix.html,Rockstar Games,Rockstar
videogame/www.cduniverse.com/7045297-Midnight_Club_3-_Dub_Edition_Remix.html,Rockstar Games,TAKE 2
videogame/www.cduniverse.com/7053273-Syphon_Filter-_Dark_Mirror.html,,Sony
videogame/www.cduniverse.com/7058553-Lego_Star_Wars_II-_The_Original_Trilogy.html,TT Games,LucasArts
videogame/www.cduniverse.com/7062397-Cars.html,"THQ, Inc.",THQ
videogame/www.cduniverse.com/7062930-NCAA_Football_07.html,,EA
videogame/www.cduniverse.com/7119068-Lego_Star_Wars_II-_The_Original_Trilogy.html,TT Games,Lucasarts
videogame/www.cduniverse.com/7447206-Counter_Force.html,,Games
videogame/www.cduniverse.com/4107054-Crash_Bandicoot-_The_Wrath_Of_Cortex.html,Universal Interactive Studios,VUI
videogame/www.cduniverse.com/6875954-DT_Racer.html,"Jack of All Games, Inc.",
videogame/www.cduniverse.com/7470160-Dai_Senryaku_VII-_Modern_Military_Tactics_Exceed.html,Valcon Games,SVG
videogame/www.cduniverse.com/7622637-Dark_Void.html,Capcom,Capcom
videogame/www.cduniverse.com/7622642-Dark_Void.html,Capcom,Capcom
videogame/www.cduniverse.com/6671066-Darkwatch.html,,Capcom
videogame/www.cduniverse.com/6077334-Ddrmax2-_Dance_Dance_Revolution.html,,Konami
videogame/www.cduniverse.com/7672542-Deadliest_Catch-_Alaskan_Storm.html,Greenwave,Navarre
videogame/www.cduniverse.com/7504357-Dementium-_The_Ward.html,Gamecock,
videogame/www.cduniverse.com/6856929-Destroy_All_Humans!.html,"THQ, Inc.",THQ
videogame/www.cduniverse.com/7034079-Diablo_Battle_Chest.html,,Activision
videogame/www.cduniverse.com/6967845-Doom_3-_Resurrection_Of_Evil.html,Activision Inc.,Activision
videogame/www.cduniverse.com/5466954-Dora_The_Explorer-_Backpack_Adventure.html,Humongous Entertainment,Atari
videogame/www.cduniverse.com/6864527-Dragon_Ball_Z_Budokai_Tenkaichi.html,"Atari, Inc.",Atari
videogame/www.cduniverse.com/7457388-Dragon_Ball_Z-_Budokai_Tenkaichi_3.html,,Atari
videogame/www.cduniverse.com/7581062-Dragon_Quest_Swords-_The_Masked_Queen_And_The_Tower_Of_Mirrors.html,,SQUARE ENIX
videogame/www.cduniverse.com/7645844-Dual_Shock_3_Wireless_Controller.html,,Sony
videogame/www.cduniverse.com/1153397-Ecw-_Hardcore_Revolution.html,"Acclaim Entertainment, Inc.",SVG
videogame/www.cduniverse.com/7573910-Empire_Deluxe.html,Graffiti Entertainment,Graffiti Ent. Inc.
videogame/www.cduniverse.com/7100109-Eragon.html,,Vivendi
videogame/www.cduniverse.com/7731746-Eternal_Poison.html,Atlus,Atlus
videogame/www.cduniverse.com/7657946-Etrian_Odyssey_II-_Heroes_Of_Lagaard.html,Atlus,Atlus
videogame/www.cduniverse.com/2895600-Extension_Cable.html,,Intec
videogame/www.cduniverse.com/6708458-Eyetoy-_Groove.html,,Sony
videogame/www.cduniverse.com/7112395-F-24_Stealth_Fighter.html,,Majesco Entertainment
videogame/www.cduniverse.com/7273086-FIFA_Soccer_07.html,Electronic Arts,EA
videogame/www.cduniverse.com/7020107-Fable.html,Microsoft,Microsoft
videogame/www.cduniverse.com/7687099-Fable_II.html,Microsoft,Microsoft
videogame/www.cduniverse.com/7728054-Fable_II.html,Microsoft,Microsoft
videogame/www.cduniverse.com/7365683-Fairy_Godmother_Tycoon.html,,EA
videogame/www.cduniverse.com/7673164-Fallout_3_Collectors_Edition.html,Bethesda Softworks,Bethesda
videogame/www.cduniverse.com/7484648-Fallout-3.html,Bethesda Softworks,Bethesda
videogame/www.cduniverse.com/7484648-Fallout_3.html,Bethesda Softworks,Bethesda
videogame/www.cduniverse.com/7371233-Fantastic_4-_Rise_Of_The_Silver_Surfer.html,,Ttwo
videogame/www.cduniverse.com/7371241-Fantastic_4-_Rise_Of_The_Silver_Surfer.html,,Ttwo
videogame/www.cduniverse.com/6986707-Final_Fantasy_IV_Advance.html,,Nintendo
videogame/www.cduniverse.com/7273087-Final_Fantasy_V_Advance.html,,NOVA
videogame/www.cduniverse.com/7352644-Final_Fantasy_VI_Advance.html,Nintendo,
videogame/www.cduniverse.com/1151514-Final_Fantasy_VIII.html,,SQUARE ENIX
videogame/www.cduniverse.com/2415738-Final_Fantasy_X.html,,SQUARE ENIX
videogame/www.cduniverse.com/5603394-Finding_Nemo.html,Disney Interactive Studios,
videogame/www.cduniverse.com/7267636-First_Battalion.html,DreamCatcher Interactive,Dreamcatcher
videogame/www.cduniverse.com/7494577-Flatout-_Head_On.html,Empire Interactive,Warner
videogame/www.cduniverse.com/7512291-Flatout-_Ultimate_Carnage.html,Warner Bros. Interactive,Warner
videogame/www.cduniverse.com/7439766-Fracture.html,,Lucas Arts
videogame/www.cduniverse.com/5829312-Freestyle_Street_Soccer.html,,Acclaim
videogame/www.cduniverse.com/6971636-Friends-_The_One_With_All_The_Trivia.html,Warner Bros. Interactive,Warner Home Video
videogame/www.cduniverse.com/7223445-Full_Auto_2-_Battlelines.html,,SEGA
videogame/www.cduniverse.com/7524003-Furu_Furu_Park.html,,Majesco Entertainment
videogame/www.cduniverse.com/6760749-GBA_Wireless_Adapter.html,,Majesco Entertainment
videogame/www.cduniverse.com/1584233-GBC_Shock_n_Rock.html,,Nyko
videogame/www.cduniverse.com/7388452-Galactic_Civilizations_II_Gold_Edition.html,,Ttwo
videogame/www.cduniverse.com/7241834-Galaxy_of_Games_1500.html,,Egames
videogame/www.cduniverse.com/7473658-Game_Party.html,Midway Games,Midway
videogame/www.cduniverse.com/6983831-Gander_Mountain's_Trophy_Hunter-_2007_Season.html,Vivendi Games,Vivendi
videogame/www.cduniverse.com/7703335-Gears_Of_War_2.html,Microsoft,Microsoft
videogame/www.cduniverse.com/7703336-Gears_Of_War_2_Limited_Edition.html,Microsoft,Microsoft
videogame/www.cduniverse.com/4117062-Getaway.html,Sony Computer Entertainment Inc.,Sony
videogame/www.cduniverse.com/6917057-Ghost_Recon_3_-_Advanced_Warfighter.html,Ubi Soft Entertainment,Ubi Soft
videogame/www.cduniverse.com/6936276-Glow_Controller-Nla.html,,Intec
videogame/www.cduniverse.com/7437277-God_Of_War-_Chains_Of_Olympus.html,Sony Computer Entertainment Inc.,Sony Playstation
videogame/www.cduniverse.com/7267899-Gopets-_Vacation_Island.html,,Konami
videogame/www.cduniverse.com/6111489-Gran_Turismo_4.html,,Sony
videogame/www.cduniverse.com/1945929-Grand_Theft_Auto_III.html,,Ttwo
videogame/www.cduniverse.com/7273094-Greg_Hastings'_Tournament_Paintball_Max'D.html,,Activision
videogame/www.cduniverse.com/7632374-Grid.html,Codemasters,Codemasters Inc.
videogame/www.cduniverse.com/7117394-Growlanser_Heritage_Of_War.html,Atlus,Atlus
videogame/www.cduniverse.com/6875956-Guilty_Gear_Dust_Strikers.html,Majesco Sales Inc.,Majesco Entertainment
videogame/www.cduniverse.com/7524008-Guitar_Hero_&_Guitar_Hero_II_Dual_Pack.html,RedOctane,Activision
videogame/www.cduniverse.com/7654288-Guitar_Hero-_On_Tour.html,RedOctane,Activision Classics
videogame/www.cduniverse.com/7266345-Gunpey_DS.html,Namco Bandai,Namco
videogame/www.cduniverse.com/7600526-Hail_To_The_Chimp.html,Gamecock,Gamecock
videogame/www.cduniverse.com/6881734-Halo_3.html,Microsoft,Microsoft
videogame/www.cduniverse.com/7118028-Hannah_Montana.html,,Disney Software
videogame/www.cduniverse.com/7419461-Hard_Drive_120GB.html,,Microsoft
videogame/www.cduniverse.com/5059623-Hard_Hitter_2.html,Atlus Software,Tommo
videogame/www.cduniverse.com/6146013-Harvest_Moon-_A_Wonderful_Life.html,Crave Entertainment,SVG
videogame/www.cduniverse.com/7433678-Hei$t_.html,Codemasters,Codemaster
videogame/www.cduniverse.com/7433678-Hei$t.html,Codemasters,Codemaster
videogame/www.cduniverse.com/6884082-Hello_Kitty_-_Bubblegum_Friends.html,,ValuSoft
videogame/www.cduniverse.com/7626069-Highlander-_The_Game.html,Eidos Interactive,Eidos
videogame/www.cduniverse.com/7285141-Horsez.html,,
videogame/www.cduniverse.com/7420540-Hospital_Tycoon.html,Codemasters,Codemasters
videogame/www.cduniverse.com/6728950-Hot_Shots_Golf_Fore!.html,,Sony
videogame/www.cduniverse.com/7116624-Hot_Wheels_Ultimate_Racing.html,,Destiny
videogame/www.cduniverse.com/5059551-Hunter-_The_Reckoning_Wayward.html,,Vivendi Universal
videogame/www.cduniverse.com/7267987-Hunting_Unlimited_3.html,,ValuSoft
videogame/www.cduniverse.com/7640050-Imperium_Romanum_DVD.html,,South Peak Interactive
videogame/www.cduniverse.com/7394686-Inspector_Parker_Unsolved.html,,Mumbo Jumbo
videogame/www.cduniverse.com/6704310-Intellivision_Lives!.html,Crave Entertainment,SVG
videogame/www.cduniverse.com/7672492-Izuna_2-_The_Unemployed_Ninja_Returns.html,Atlus,Atlus
videogame/www.cduniverse.com/7352748-Jackass-_The_Game.html,Red Mile Entertainment,
videogame/www.cduniverse.com/7297961-Jade_Empire.html,2K Games,TAKE 2
videogame/www.cduniverse.com/5845800-Jak_II.html,,Sony
videogame/www.cduniverse.com/2841537-James_Bond_007-_Agent_Under_Fire.html,Electronic Arts,EA
videogame/www.cduniverse.com/7435001-Jeanne_D'Arc.html,Sony Computer Entertainment Inc.,Sony
videogame/www.cduniverse.com/7491245-Jenga-_World_Tour.html,,Atari
videogame/www.cduniverse.com/1153390-Jeremy_Mcgrath_Supercross_2000.html,"Acclaim Entertainment, Inc.",SVG
videogame/www.cduniverse.com/7394670-Jewel_Quest.html,,Mumbo Jumbo
videogame/www.cduniverse.com/7710136-Jillian_Michaels'_Fitness_Ultimatum_2009.html,,Majesco
videogame/www.cduniverse.com/6856928-Juiced.html,,THQ
videogame/www.cduniverse.com/7122059-Justice_League_Heroes.html,,Eidos
videogame/www.cduniverse.com/7243432-Karaoke_Revolution-_American_Idol_Bundle_encore.html,Konami,Konami
videogame/www.cduniverse.com/6768698-Katamari_Damacy.html,"Namco Hometek,Inc.",Bandai Namco Games
videogame/www.cduniverse.com/7625009-Kawasaki_Jet_Ski.html,Bold Games (Destineer),Bold
videogame/www.cduniverse.com/7625010-Kawasaki_Quad_Bikes.html,,Bold
videogame/www.cduniverse.com/7465967-Kengo-_Legend_Of_The_9.html,,Majesco Entertainment
videogame/www.cduniverse.com/6816697-Killer_7.html,,CAPCOM
videogame/www.cduniverse.com/7623621-King_Of_Clubs.html,,Crave
videogame/www.cduniverse.com/6855535-Kingdom_Hearts_II.html,Square Enix USA,SQUARE ENIX
videogame/www.cduniverse.com/7509249-Kingdom_Under_Fire-_Circle_Of_Doom.html,Microsoft,Microsoft
videogame/www.cduniverse.com/7363647-Konami_Classics_Series-_Arcade_Hits.html,Konami,Konami
videogame/www.cduniverse.com/7465968-Konami_Kids_Playground-_Alphabet_Circus.html,Konami,Konami
videogame/www.cduniverse.com/7631432-Kung_Fu_Panda.html,,Activision Classics
videogame/www.cduniverse.com/5898360-Kya-_Dark_Lineage.html,,Atari
videogame/www.cduniverse.com/6984302-Lawnmower_Racing_Mania_2007.html,Vivendi Games,Activision
videogame/www.cduniverse.com/1880096-Le_Mans_24_Hours.html,Infogrames,Infogames
videogame/www.cduniverse.com/7536571-Left_4_Dead.html,,Electronic Arts
videogame/www.cduniverse.com/7491434-Left_Brain_Right_Brain.html,,Majesco Entertainment
videogame/www.cduniverse.com/7573916-Lego_Indiana_Jones-_The_Original_Adventures.html,,Lucas Arts
videogame/www.cduniverse.com/7058549-Lego_Star_Wars_II-_The_Original_Trilogy.html,TT Games,Lucasarts
videogame/www.cduniverse.com/7435009-Lego_Star_Wars-_Complete_Saga.html,,Lucasarts
videogame/www.cduniverse.com/7631421-Leisure_Suit_Larry-_Box_Office_Bust.html,TBA,Vivendi
videogame/www.cduniverse.com/6985010-Let's_Ride_-_Dreamer.html,,ValuSoft
videogame/www.cduniverse.com/7267628-Let's_Ride_-_Silver_Buckle_Stables.html,ValuSoft,ValuSoft
videogame/www.cduniverse.com/7660390-Littlebigplanet.html,Sony Computer Entertainment Inc.,Sony Playstation
videogame/www.cduniverse.com/7687106-Littlest_Pet_Shop-_Winter.html,Electronic Arts,EA
videogame/www.cduniverse.com/6997079-Lord_Of_The_Rings-_The_Battle_For_Middle-Earth_II.html,Electronic Arts,EA
videogame/www.cduniverse.com/7570720-Lost_Planet-_Extreme_Condition.html,Capcom,CAPCOM
videogame/www.cduniverse.com/7352743-Lumines_Plus.html,Disney Interactive Studios,Disney
videogame/www.cduniverse.com/6867513-Lunar-_Dragon_Song.html,Ubi Soft Entertainment,UBISOFT
videogame/www.cduniverse.com/7120280-Luxor-_Mahjong.html,Mumbo Jumbo,Mumbo Jumbo
videogame/www.cduniverse.com/7494580-Luxor-_Pharaoh's_Challenge.html,Mumbo Jumbo,Mumbo Jumbo
videogame/www.cduniverse.com/7500952-Luxor-_Pharaoh's_Challenge.html,Mumbo Jumbo,Mumbo Jumbo
videogame/www.cduniverse.com/7609027-MC2_Microcon_Racing_Wheel.html,,Mad Catz
videogame/www.cduniverse.com/6885667-MX_vs._Atv_Unleashed-_On_The_Edge.html,"THQ, Inc.",THQ
videogame/www.cduniverse.com/7696774-Madagascar-_Escape_2_Africa.html,,Activision Classics
videogame/www.cduniverse.com/7062929-Madden_NFL_07.html,Electronic Arts,EA
videogame/www.cduniverse.com/7403849-Madden_NFL_08.html,Electronic Arts,EA
videogame/www.cduniverse.com/7403858-Madden_NFL_08.html,Electronic Arts,EA
videogame/www.cduniverse.com/7414421-Madden_NFL_08.html,Electronic Arts,
videogame/www.cduniverse.com/6678393-Madden_NFL_2005.html,Electronic Arts,EA
videogame/www.cduniverse.com/7112933-Maelstrom-_The_Battle_For_Earth_Begins.html,Codemasters,Codemasters
videogame/www.cduniverse.com/7462537-Mah_Jong_Quest-_Expeditions.html,Activision Value,Activision
videogame/www.cduniverse.com/7458229-Mahjong_Garden_Deluxe.html,Electronic Arts,EA
videogame/www.cduniverse.com/7241841-Mahjonng_Variety_Pack_2.html,,eGames
videogame/www.cduniverse.com/7363652-Major_League_Baseball_2K7.html,2K Games,Ttwo
videogame/www.cduniverse.com/6142557-Mario_Kart-_Double_Dash!!.html,,NOVA
videogame/www.cduniverse.com/6936260-Marvel_Nemesis-_Rise_Of_The_Imperfects.html,Electronic Arts,EA
videogame/www.cduniverse.com/7122187-Marvel-_Ultimate_Alliance.html,,Activision
videogame/www.cduniverse.com/7429472-Marvel-_Ultimate_Alliance_Gold_Edition.html,,Activision
videogame/www.cduniverse.com/7484650-Master_Of_Illusion.html,Nintendo,NOVA
videogame/www.cduniverse.com/7473921-Math_Play.html,,SVG
videogame/www.cduniverse.com/6813621-Mech_Assault_2-Lone_Wolf_S..html,Microsoft,Microsoft
videogame/www.cduniverse.com/7357538-Medal_Of_Honor_Collection.html,Electronic Arts,EA
videogame/www.cduniverse.com/7118041-Medieval_II-_Total_War.html,,SEGA
videogame/www.cduniverse.com/7431874-Medieval_II-_Total_War_Kingdoms.html,SEGA,SEGA
videogame/www.cduniverse.com/6840568-Mega_Man_Battle_Network_5-_Team_Colonel.html,,Capcom
videogame/www.cduniverse.com/6840569-Mega_Man_Battle_Network_5-_Team_Protoman.html,,CAPCOM
videogame/www.cduniverse.com/6764017-Metal_Gear_Solid_3-_Snake_Eater.html,,Konami
videogame/www.cduniverse.com/7619790-Metal_Gear_Solid-_The_Essential_Collection.html,Konami,Konami
videogame/www.cduniverse.com/7550172-Microsoft_Flight_Simulator_X-_Acceleration.html,Microsoft,Microsoft
videogame/www.cduniverse.com/7474595-Midnight_Club-_Los_Angeles.html,Rockstar Games,Take 2 Interactive
videogame/www.cduniverse.com/1225232-Midnight_Club-_Street_Racing.html,Rockstar Games,Jack Of All Games
videogame/www.cduniverse.com/6875960-Midway_Arcade_Treasures-_Extended_Play.html,,Midway
videogame/www.cduniverse.com/7375726-Mind_Quiz-_Your_Brain_Coach.html,,UBISOFT
videogame/www.cduniverse.com/7484269-Monkey_King-_The_Legend_Begins.html,UFO Interactive,Tommo
videogame/www.cduniverse.com/6877428-Monopoly.html,,Encore
videogame/www.cduniverse.com/7273898-Monster_4X4_World_Circuit_WRacing_Wheel.html,,
videogame/www.cduniverse.com/7112397-Monster_Bomber.html,,Majesco Entertainment
videogame/www.cduniverse.com/7267906-Monster_Madness-_Battle_For_Suburbia.html,SouthPeak Interactive,South Peak Interactive
videogame/www.cduniverse.com/6872910-Mortal_Kombat-_Shaolin_Monks.html,,Midway
videogame/www.cduniverse.com/7014702-Motogp_'06.html,"THQ, Inc.",THQ
videogame/www.cduniverse.com/6798173-Mr_Driller_Drill_Spirits.html,,Namco
videogame/www.cduniverse.com/7470908-My_French_Coach.html,,Ubi Soft
videogame/www.cduniverse.com/7069495-My_Sim_Aquarium.html,,TAKE 2
videogame/www.cduniverse.com/7374760-My_Word_Coach.html,,Ubi Soft
videogame/www.cduniverse.com/7625007-Myth_Makers_-_Orbs_Of_Doom.html,,Bold
videogame/www.cduniverse.com/7529136-Myth_Makers-_Super_Kart_GP.html,,Conspiracy
videogame/www.cduniverse.com/7112404-N3-_Ninety-Nine_Nights.html,Microsoft,Microsoft
videogame/www.cduniverse.com/7069498-NBA_'07.html,Sony Computer Entertainment Inc.,Sony
videogame/www.cduniverse.com/7446187-NBA_'08.html,Sony Computer Entertainment Inc.,Sony
videogame/www.cduniverse.com/7247977-NBA_2K7.html,2K Sports,Games
videogame/www.cduniverse.com/7201234-NBA_Live_07.html,Electronic Arts,EA
videogame/www.cduniverse.com/7441269-NBA_Live_08.html,Electronic Arts,EA
videogame/www.cduniverse.com/7441273-NBA_Live_08.html,Electronic Arts,EA
videogame/www.cduniverse.com/7441291-NBA_Live_08.html,Electronic Arts,EA
videogame/www.cduniverse.com/7403855-NCAA_Football_08.html,Electronic Arts,EA
videogame/www.cduniverse.com/7612639-Nancy_Drew_Double_Dare_5.html,,Ttwo
videogame/www.cduniverse.com/7279995-Nancy_Drew-_Creature_Of_Kapu_Cave.html,,Ttwo
videogame/www.cduniverse.com/7247969-Nancy_Drew-_Danger_By_Design.html,"Her Interactive, Inc.",Ttwo
videogame/www.cduniverse.com/7403082-Nancy_Drew-_Double_Dare_4.html,,Atari
videogame/www.cduniverse.com/7492005-Nancy_Drew-_Legend_Of_The_Crystal_Skull.html,,Ttwo
videogame/www.cduniverse.com/7122055-Naruto-_Clash_of_the_Ninja_2.html,,D3
videogame/www.cduniverse.com/7437617-Naruto-_Rise_of_a_Ninja.html,,Ubi Soft
videogame/www.cduniverse.com/7403856-Nascar_08.html,Electronic Arts,Ea
videogame/www.cduniverse.com/6680694-Naval_Ops-_Commander.html,KOEI Corporation,Koei
videogame/www.cduniverse.com/7316734-Need_For_Speed-_Collector's_Series.html,Electronic Arts,EA
videogame/www.cduniverse.com/7494582-Neogeo_Battle_Coliseum.html,SNK Playmore,SVG
videogame/www.cduniverse.com/7004735-Neopets-_Petpet_Adventures_-_The_Wand_Of_Wishing.html,,Sony
videogame/www.cduniverse.com/6924156-Never_Die_Alone.html,,Fox
videogame/www.cduniverse.com/7019169-Neverwinter_Nights_2_DVD.html,,Atari
videogame/www.cduniverse.com/7019168-Neverwinter-Nights-2.html,,Atari
videogame/www.cduniverse.com/7648832-New_International_Track_&_Field.html,Konami,Konami
videogame/www.cduniverse.com/7388147-Nickelodeon-_4_Games_On_One_Game_Pack.html,,
videogame/www.cduniverse.com/6938740-Nicktoons_Unite!.html,"THQ, Inc.",THQ
videogame/www.cduniverse.com/7376413-Nicktoons_Winner's_Cup_Racing.html,,ValuSoft
videogame/www.cduniverse.com/7112402-Nicktoons-_Battle_For_Volcano_Island.html,"THQ, Inc.",THQ
videogame/www.cduniverse.com/7402578-Ninja_Gaiden_Sigma.html,Tecmo,Tecmo
videogame/www.cduniverse.com/6940390-No_Limit_Texas_Hold'Em.html,,Vivendi
videogame/www.cduniverse.com/6757861-Nuwave_Video_Game_Enhancer.html,,Nuwave
videogame/www.cduniverse.com/7550869-Office.html,Mumbo Jumbo,Mumbo Jumbo
videogame/www.cduniverse.com/7417380-One_Piece-_Unlimited_Adventure.html,Namco Bandai,Namco
videogame/www.cduniverse.com/3540090-Onimusha_2-_Samurai's_Destiny.html,,CAPCOM
videogame/www.cduniverse.com/7588831-Operation_Darkness.html,,Atlus
videogame/www.cduniverse.com/7432382-Orange_Box.html,Electronic Arts,EA
videogame/www.cduniverse.com/5059047-PSX_Cable_Mini_Plug.html,,Sony
videogame/www.cduniverse.com/4925253-Panic_Room_Superbit.html,,
videogame/www.cduniverse.com/7017390-Paradise.html,Ubi Soft Entertainment,UBISOFT
videogame/www.cduniverse.com/7607274-Patapon.html,Sony Computer Entertainment Inc.,Sony
videogame/www.cduniverse.com/7247968-Pet_Vet_3D-_Animal_Hospital.html,,Ttwo
videogame/www.cduniverse.com/7470914-Petz_Wild_Animals-_Dolphinz.html,,Ubi Soft
videogame/www.cduniverse.com/7437608-Petz-_Catz_2.html,,Ubi Soft
videogame/www.cduniverse.com/7510039-Petz-_Catz_2.html,,Ubisoft
videogame/www.cduniverse.com/7574425-Petz-_Dogz_2.html,,Ubi Soft
videogame/www.cduniverse.com/7442739-Petz-_Horsez_2.html,,Ubi Soft
videogame/www.cduniverse.com/6648573-Phantasy_Star_Online_Episode_III-_C.A.R.D._Revolution.html,,SEGA
videogame/www.cduniverse.com/7477403-Pimp_My_Ride.html,Activision Value,Activision
videogame/www.cduniverse.com/7384449-Pirates_Of_The_Caribbean-_At_World's_End.html,Disney Interactive Studios,Disney
videogame/www.cduniverse.com/6827972-Pirates-Sid_Meier.html,,Ttwo
videogame/www.cduniverse.com/7419457-Play_&_Charge_Kit_Elite.html,,Microsoft
videogame/www.cduniverse.com/6995751-Play_Chess-_Deep_Fritz_Grand_Master_Deluxe.html,,Ttwo
videogame/www.cduniverse.com/7332000-Playstation_3_Intercooler.html,,Nyko
videogame/www.cduniverse.com/7357544-Pogo_Island.html,Electronic Arts,Ea
videogame/www.cduniverse.com/7370918-Pokemon_Diamond_Version.html,Nintendo,Nintendo Games
videogame/www.cduniverse.com/7619791-Pokemon_Mystery_Dungeon-_Explorers_Of_Darkness.html,Nintendo,NOVA
videogame/www.cduniverse.com/6854321-Polarium.html,,NOVA
videogame/www.cduniverse.com/7332004-Power_Cord.html,,Nyko
videogame/www.cduniverse.com/7447207-Power_Play_Pool.html,,Conspiracy
videogame/www.cduniverse.com/7365677-Prince_Of_Persia-_Rival_Swords.html,,Ubi Soft
videogame/www.cduniverse.com/6746941-Prince_Of_Persia-_Warrior_Within.html,Ubi Soft Entertainment,
videogame/www.cduniverse.com/7066015-Princess_Bride.html,,Mgm / Ua
videogame/www.cduniverse.com/7407127-Professor_Brainium's_Games.html,Destineer,Destineer Studios
videogame/www.cduniverse.com/7534862-Prototype.html,Sierra,Vivendi
videogame/www.cduniverse.com/7669580-50_Cent-_Blood_On_The_Sand.html,,Vivendi
videogame/www.cduniverse.com/7419437-Ace_Combat_6-_Fires_Of_Liberation.html,,Namco
videogame/www.cduniverse.com/7623281-Afro_Samurai.html,Namco Bandai,Namco
videogame/www.cduniverse.com/7493964-Age_Of_Conan-_Hyborian_Adventures.html,,Eidos
videogame/www.cduniverse.com/7493965-Age_Of_Conan-_Hyborian_Adventures.html,,Eidos
videogame/www.cduniverse.com/6886619-Age_Of_Empires_III.html,Microsoft,Microsoft
videogame/www.cduniverse.com/7624989-Agency.html,Sony Online Entertainment,Sony Playstation
videogame/www.cduniverse.com/6831687-Airborne_Troops-_Countdown_To_D-Day.html,Mud Duck Productions,XS Games
videogame/www.cduniverse.com/7394100-All-Pro_Football_2K8.html,2K Sports,Ttwo
videogame/www.cduniverse.com/6848825-America's_Army-_Rise_Of_A_Soldier.html,Ubi Soft Entertainment,
videogame/www.cduniverse.com/7484268-Amf_Bowling-_Pinbusters.html,Vir2L,Bethesda
videogame/www.cduniverse.com/7623282-Arcana_Heart.html,Atlus,Atlus
videogame/www.cduniverse.com/6714608-Astro_Boy.html,,Sega
videogame/www.cduniverse.com/6947368-Auto_Assault.html,NCsoft,Ncsoft
videogame/www.cduniverse.com/7108794-Backyard_Baseball_2007.html,,Atari
videogame/www.cduniverse.com/7403717-Backyard_Football_2008.html,,Atari
videogame/www.cduniverse.com/7267622-Barnyard.html,,THQ
videogame/www.cduniverse.com/7600509-Baroque.html,Atlus,Atlus
videogame/www.cduniverse.com/6881478-Battalion_Wars.html,Nintendo,Nintendo
videogame/www.cduniverse.com/7055009-Battle_B-Daman_2.html,Atlus,Atlus
videogame/www.cduniverse.com/5059398-Battle_Engine_Aquila.html,,Infogames
videogame/www.cduniverse.com/7473917-Beowulf-_The_Game.html,,Ubi Soft
videogame/www.cduniverse.com/6044781-Beyblade_Vforce-_Super_Tournament_Battle.html,,Atari
videogame/www.cduniverse.com/7622641-Bionic_Commando.html,Capcom,Capcom
videogame/www.cduniverse.com/7227697-Bionicle_Heroes.html,Eidos Interactive,Eidos
videogame/www.cduniverse.com/6872898-Blitz-_The_League.html,,Midway
videogame/www.cduniverse.com/7017722-Bode_Miller_Alpine_Skiing.html,,Jack Of All Games
videogame/www.cduniverse.com/7550864-Boom_Blox.html,Electronic Arts,EA
videogame/www.cduniverse.com/7267658-Bratz_-_Babyz.html,,ValuSoft
videogame/www.cduniverse.com/6885686-Bratz_Rock_Angelz.html,"THQ, Inc.",ValuSoft
videogame/www.cduniverse.com/7116688-Bratz-_Forever_Diamondz.html,,THQ
videogame/www.cduniverse.com/6160251-Brother_Bear.html,Disney Interactive,Disney
videogame/www.cduniverse.com/7374761-Brothers_In_Arms-_Double_Time.html,,Ubi Soft
videogame/www.cduniverse.com/6877246-Bully.html,Rockstar Games,Ttwo
videogame/www.cduniverse.com/7462523-Cabela's_Big_Game_Hunter.html,,Activision
videogame/www.cduniverse.com/6856409-Cabela's_Outdoor_Adventures.html,Activision Inc.,
videogame/www.cduniverse.com/7462524-Cabela's_Trophy_Bucks.html,Activision Value,Activision
videogame/www.cduniverse.com/7462525-Cabela's_Trophy_Bucks.html,Activision Value,Activision
videogame/www.cduniverse.com/7437605-Call_Of_Duty_4-_Modern_Warfare.html,,Activision
videogame/www.cduniverse.com/7437606-Call_Of_Duty_4-_Modern_Warfare.html,,Activision
videogame/www.cduniverse.com/7491425-Call_Of_Duty_4-_Modern_Warfare.html,,Activision Classics
videogame/www.cduniverse.com/6984312-Care_Bears-_Care_Quest.html,The Game Factory,
videogame/www.cduniverse.com/7118053-Charlotte's_Web.html,,SEGA
videogame/www.cduniverse.com/6827847-Chessmaster_10th_Edition.html,Ubi Soft Entertainment,Ubi Soft
videogame/www.cduniverse.com/7446054-Chessmaster-_The_Art_Of_Learning.html,,Ubi Soft
videogame/www.cduniverse.com/6759168-Codename-_Kids_Next_Door_-_Operation_S.O.D.A..html,Global Star Software,Global Star Software
videogame/www.cduniverse.com/7112391-Cooking_Mama.html,,Majesco Entertainment
videogame/www.cduniverse.com/7426222-Corvette_Evolution_GT.html,Valcon Games,Jack Of All Games
videogame/www.cduniverse.com/6714081-Dance_Dance_Revolution_Extreme.html,,Konami
videogame/www.cduniverse.com/7019257-Dance_Factory.html,Codemasters,Codemasters Inc.
videogame/www.cduniverse.com/7477411-Dancing_With_The_Stars.html,,Activision
videogame/www.cduniverse.com/7375715-Dark_Messiah_Of_Might_And_Magic_Elements.html,,Ubi Soft
videogame/www.cduniverse.com/7668888-Deer_Hunter_Tournament.html,,Atari
videogame/www.cduniverse.com/6278898-Demikids-_Light_Version.html,,Atlus
videogame/www.cduniverse.com/7624997-Destroy_All_Humans!_Path_Of_The_Furon.html,,THQ Inc
videogame/www.cduniverse.com/7446173-Devil_May_Cry_4.html,Capcom,Capcom
videogame/www.cduniverse.com/7439773-Dewy's_Adventure.html,Konami,Konami
videogame/www.cduniverse.com/7420537-Dirt.html,Codemasters,South Peak Interactive
videogame/www.cduniverse.com/7420541-Dirt.html,Codemasters,Codemasters
videogame/www.cduniverse.com/7484818-Disgaea-_Afternoon_Of_Darkness.html,NIS,Atlus
videogame/www.cduniverse.com/7470829-Disney_Princess-_Enchanted_Journey.html,Disney Interactive Studios,Disney
videogame/www.cduniverse.com/6856938-Disney's_The_Proud_Family.html,Disney Interactive,Disney
videogame/www.cduniverse.com/7280121-Dogz.html,,
videogame/www.cduniverse.com/6827998-Dogz_5-_Your_Virtual_Petz_Palz_Are_Back!.html,Ubi Soft Entertainment,Ubi Soft
videogame/www.cduniverse.com/7521765-Dora_The_Explorer-_Dora_Saves_The_Mermaids.html,2K Play,Ttwo
videogame/www.cduniverse.com/6800330-Dragon_Ball_Z-_Sagas.html,"Atari, Inc.",Atari
videogame/www.cduniverse.com/7107933-Dragon_Quest_Heroes-_Rocket_Slime.html,Square Enix USA,SQUARE ENIX
videogame/www.cduniverse.com/7365689-Driver-_Parallel_Lines.html,,UBISOFT
"videogame/www.cduniverse.com/6872902-Ed,_Edd_'N_Eddy-_The_Mis-Edventures.html",,Midway
videogame/www.cduniverse.com/6146076-Ejay_Clubworld-_The_Music_Making_Experience.html,,SVG
videogame/www.cduniverse.com/7273085-Elite_Beat_Agents.html,Nintendo,Nintendo
videogame/www.cduniverse.com/6816689-Enthusia_Professional_Racing.html,,Konami
videogame/www.cduniverse.com/7242181-Eragon.html,,Havoc
videogame/www.cduniverse.com/7383840-Eureka_Seven_Vol_2-_The_New_Vision.html,Bandai,Namco
videogame/www.cduniverse.com/5614302-Everquest_Online_Adventures.html,Sony Online Entertainment,Sony
videogame/www.cduniverse.com/6160233-Everquest_Online_Adventures-_Frontiers.html,Sony Online Entertainment,Sonyol
videogame/www.cduniverse.com/7458215-FIFA_Soccer_08.html,Electronic Arts,EA
videogame/www.cduniverse.com/7458237-FIFA_Soccer_08.html,Electronic Arts,Ea
videogame/www.cduniverse.com/6816692-FIFA_Street.html,Electronic Arts,
videogame/www.cduniverse.com/7473919-Fatal_Fury-_Battle_Archives_Volume_1.html,SNK Playmore,SVG
videogame/www.cduniverse.com/7612554-Fatal_Fury-_Battle_Archives_Volume_1.html,SNK Playmore,SNK
videogame/www.cduniverse.com/5729673-Final_Fantasy_Origins.html,,SQUARE ENIX
videogame/www.cduniverse.com/6827898-Final_Fantasy_XI-_Chains_Of_Promathia.html,,SQUARE ENIX
videogame/www.cduniverse.com/6886620-Final_Fantasy_XII.html,,Square Enix
videogame/www.cduniverse.com/7465872-Final_Fantasy_XII-_Revenant_Wings.html,,SQUARE ENIX
videogame/www.cduniverse.com/6850799-Flipnic-_Ultimate_Pinball.html,,Capcom
videogame/www.cduniverse.com/6992278-Flow-_Urban_Dance_Uprising.html,Ubi Soft Entertainment,UBISOFT
videogame/www.cduniverse.com/7227692-Ford_Bold_Moves_Street_Racing.html,Empire Interactive,Eidos
videogame/www.cduniverse.com/6766386-Ford_Mustang-_The_Legend_Lives.html,2K Games,
videogame/www.cduniverse.com/6831709-Ford_Racing_3.html,,Destination Software
videogame/www.cduniverse.com/7688944-Gears_Of_War_Refresh.html,Microsoft,Microsoft
videogame/www.cduniverse.com/6800332-God_Of_War.html,,Sony Playstation
videogame/www.cduniverse.com/7116672-God_Of_War_II.html,,Sony Playstation
videogame/www.cduniverse.com/7551066-Golden_Axe-_Beast_Rider.html,,Sega Games
videogame/www.cduniverse.com/6375846-Grand_Theft_Auto_Double_Pack.html,,Ttwo
videogame/www.cduniverse.com/7208356-Grand_Theft_Auto_IV.html,,Take 2 Interactive
videogame/www.cduniverse.com/7208390-Grand_Theft_Auto_IV.html,,Take 2 Interactive
videogame/www.cduniverse.com/7458164-Grand_Theft_Auto_IV-_Special_Edition.html,Rockstar Games,Ttwo
videogame/www.cduniverse.com/6981878-Grand_Theft_Auto-_San_Andreas.html,Rockstar Games,Ttwo
videogame/www.cduniverse.com/7390451-Grand_Theft_Auto-_Vice_City_Stories.html,Rockstar Games,Rockstar
videogame/www.cduniverse.com/1145918-Grind_Session.html,Sony Computer Entertainment Inc.,Sony
videogame/www.cduniverse.com/6746919-Guilty_Gear_X2_Reload.html,Majesco Sales Inc.,Majesco Entertainment
videogame/www.cduniverse.com/7303072-Guilty_Gear_XX_Accent_Core.html,Aksys Games,AKSYS Games
videogame/www.cduniverse.com/7519695-Guilty_Gear_XX_Accent_Core.html,Aksys Games,AKSYS Games
videogame/www.cduniverse.com/7477407-Guitar_Hero_III-_Legends_Of_Rock.html,RedOctane,Activision Classics
videogame/www.cduniverse.com/7477414-Guitar_Hero_III-_Legends_Of_Rock.html,RedOctane,Activision Classics
videogame/www.cduniverse.com/7632693-Guitar_Hero-_Aerosmith.html,,Activision Classics
videogame/www.cduniverse.com/7632694-Guitar_Hero-_Aerosmith.html,,Activision Classics
videogame/www.cduniverse.com/7655468-Guitar_Hero-_Aerosmith.html,,Activision Classics
videogame/www.cduniverse.com/7657564-Guitar_Hero-_Aerosmith_Game_&_Guitar_Controller_Bundle.html,,Activision
videogame/www.cduniverse.com/7657568-Guitar_Hero-_Aerosmith_Game_&_Guitar_Controller_Bundle.html,,Activision
videogame/www.cduniverse.com/6877258-Gunstar_Super_Heroes.html,,Sega
videogame/www.cduniverse.com/7600525-Hail_To_The_Chimp.html,Gamecock,Gamecock
videogame/www.cduniverse.com/7365734-Halo_3.html,Microsoft,
videogame/www.cduniverse.com/7034884-Hard_Rock_Casino.html,Crave Entertainment,SVG
videogame/www.cduniverse.com/7241860-Harley-Davidson-_Race_To_The_Rally.html,,Activision
videogame/www.cduniverse.com/7470163-Harvest_Moon_Boy_&_Girl.html,,SVG
videogame/www.cduniverse.com/7466625-Hellboy-_The_Science_Of_Evil.html,,Konami
videogame/www.cduniverse.com/7378150-High_School_Musical-_Sing_It!_Game_&_Microphone.html,Disney Interactive Studios,Disney
videogame/www.cduniverse.com/7227210-History_Channel_--_Civil_War-_A_Nation_Divided.html,,Activision
videogame/www.cduniverse.com/7434912-Hooked_w_Fishing_Rod_Bundle.html,Aksys Games,AKSYS Games
videogame/www.cduniverse.com/7581480-Incredible_Hulk.html,SEGA,SEGA
videogame/www.cduniverse.com/7470165-Indianapolis_500_Legends.html,Destineer,SVG
videogame/www.cduniverse.com/7672607-Infinite_Undiscovery.html,,Square Enix
videogame/www.cduniverse.com/5845809-Jet_Li-_Rise_To_Honor.html,,Sony
videogame/www.cduniverse.com/7388434-John-Woo-Presents-Stranglehold.html,Midway Games,Midway
videogame/www.cduniverse.com/6984284-Joint_Ops-_Combined_Arms.html,,Activision
videogame/www.cduniverse.com/7412416-Juiced_2-_Hot_Import_Nights.html,,THQ
videogame/www.cduniverse.com/7413536-Kane_&_Lynch-_Dead_Men.html,Eidos Interactive,Eidos
videogame/www.cduniverse.com/7118044-Kim_Possible-_What's_The_Switch.html,,Disney
videogame/www.cduniverse.com/6984314-Koala_Brothers-_Outback_Adventures.html,Game Factory,GAME FACTORY
videogame/www.cduniverse.com/7631426-Kung-Fu-Panda.html,,Activision Classics
videogame/www.cduniverse.com/7512954-Lara_Croft_Tomb_Raider-_Anniversary.html,Eidos Interactive,Eidos
videogame/www.cduniverse.com/6877433-Legend_Of_Kay.html,,CAPCOM
videogame/www.cduniverse.com/6728956-Lilo_&_Stitch_2-_Hamsterviel_Havoc.html,,
videogame/www.cduniverse.com/7524141-Link's_Crossbow_Training.html,Nintendo,NOVA
videogame/www.cduniverse.com/6728957-Disney's_Lizzie_Mcguire_2-_Lizzie_Diaries.html,,Disney
videogame/www.cduniverse.com/5698137-Disney's_Lizzie_Mcguire-_On_The_Go.html,,Disney
videogame/www.cduniverse.com/7573918-Lost_Odyssey.html,Microsoft,Microsoft
videogame/www.cduniverse.com/7363668-MLB_'07-_The_Show.html,Sony Computer Entertainment Inc.,Sony
videogame/www.cduniverse.com/7607278-MLB_'08-_The_Show.html,Sony Computer Entertainment Inc.,Sony
videogame/www.cduniverse.com/7357539-MVP_07_NCAA_Baseball.html,Electronic Arts,
videogame/www.cduniverse.com/6816701-MVP_Baseball_2005.html,,EA
videogame/www.cduniverse.com/7696783-Madagascar-_Escape_2_Africa.html,,Activision Classics
videogame/www.cduniverse.com/7494411-Madden_NFL_08_En_Espaol.html,Electronic Arts,EA
videogame/www.cduniverse.com/7394103-Manhunt_2.html,Rockstar Games,Ttwo
videogame/www.cduniverse.com/7395073-Manhunt_2.html,Rockstar Games,Ttwo
videogame/www.cduniverse.com/6881501-Mario_Tennis_Power_Tour.html,,Nintendo
videogame/www.cduniverse.com/6146085-Mark_Davis_Pro_Bass_Challenge.html,,SVG
videogame/www.cduniverse.com/7573921-Martial_Arts_Capoeira_Fighters.html,Graffiti Entertainment,Graffiti Ent. Inc.
videogame/www.cduniverse.com/7374839-Medal_Of_Honor_Vanguard.html,Electronic Arts,EA
videogame/www.cduniverse.com/7338680-Disney's_Meet_The_Robinsons.html,Disney Interactive Studios,Disney
videogame/www.cduniverse.com/7057474-Mega_Man_Battle_Network_6-_Cybeast_Falzar.html,,Capcom
videogame/www.cduniverse.com/7425378-Mega_Man_Star_Force-_Pegasus.html,Capcom,CAPCOM
videogame/www.cduniverse.com/6877255-Mega_Man_Zero_4.html,,CAPCOM
videogame/www.cduniverse.com/7583045-Metal_Gear_Solid_4-_Guns_Of_The_Patriots.html,,Konami
videogame/www.cduniverse.com/7491435-Metal_Gear_Solid-_Portable_Ops_Plus.html,Konami,Konami
videogame/www.cduniverse.com/7280122-Metal_Slug_Anthology.html,SNK Playmore,
videogame/www.cduniverse.com/7014701-Miami_Vice.html,,
videogame/www.cduniverse.com/7247972-Microsoft_Flight_Simulator_X.html,Microsoft,Microsoft
videogame/www.cduniverse.com/6984274-Miss_Spider_-_Harvest_Time_Hop_And_Fly.html,Game Factory,Agf
videogame/www.cduniverse.com/7462540-Monster_Jam.html,,Activision
videogame/www.cduniverse.com/7267903-Monster_Madness-_Battle_for_Suburbia.html,SouthPeak Games,South Peak
videogame/www.cduniverse.com/7491436-Motogp_'07.html,Capcom,CAPCOM
videogame/www.cduniverse.com/6111444-Muppets-_Party_Cruise.html,,
videogame/www.cduniverse.com/6827918-Myst_IV_Revelation.html,Ubi Soft Entertainment,Ubi Soft
videogame/www.cduniverse.com/7069489-NBA_'07.html,Sony Computer Entertainment Inc.,Sony
videogame/www.cduniverse.com/7288636-NBA_'07.html,Sony Computer Entertainment Inc.,Sony
videogame/www.cduniverse.com/7201217-NBA_Live_07.html,Electronic Arts,
videogame/www.cduniverse.com/5604204-NBA_Street_Vol_2.html,,EA
videogame/www.cduniverse.com/7640059-NCAA_Football_09.html,Electronic Arts,EA
videogame/www.cduniverse.com/7640060-NCAA_Football_09.html,Electronic Arts,EA
videogame/www.cduniverse.com/7640062-NCAA_Football_09.html,Electronic Arts,EA
videogame/www.cduniverse.com/6678414-NCAA_Football_2005.html,Electronic Arts,EA
videogame/www.cduniverse.com/5845701-NFL_Gameday_2004.html,,Sony
videogame/www.cduniverse.com/6021192-NHL_2004.html,,EA
videogame/www.cduniverse.com/6900484-Namco_Museum_Battle_Collection.html,"Namco Hometek,Inc.",Namco
videogame/www.cduniverse.com/7481642-Naruto-_Clash_Of_Ninja_Revolution.html,,D3
videogame/www.cduniverse.com/7580792-Naruto_Ultimate_Ninja_3.html,Namco Bandai,Namco
videogame/www.cduniverse.com/7417387-Naruto-_Ultimate_Ninja_Heroes.html,Namco Bandai,Namco
videogame/www.cduniverse.com/7640058-Naruto-_Ultimate_Ninja_Heroes_2-_The_Phantom_Fortress.html,Namco Bandai,Namco
videogame/www.cduniverse.com/7256709-Need_For_Speed_Carbon-_Own_The_City.html,,EA
videogame/www.cduniverse.com/6077325-Neopets-_The_Darkest_Faerie.html,,Sony
videogame/www.cduniverse.com/7470176-Nicktoons-_Attack_Of_The_Toybots.html,,THQ
videogame/www.cduniverse.com/6779353-Nightmare_Of_Druaga-_Fushigino_Dungeon.html,"Namco Hometek,Inc.",Namco
videogame/www.cduniverse.com/7431872-Nights-_Journey_Of_Dreams.html,SEGA,SEGA
videogame/www.cduniverse.com/7273093-Nintendogs-_Dalmatian_&_Friends.html,Nintendo,Nintendo Games
videogame/www.cduniverse.com/7100003-Open_Season.html,Ubi Soft Entertainment,
videogame/www.cduniverse.com/7747136-PDC_World_Championship_Darts_2008.html,O-Games,Oxygen Interactive
videogame/www.cduniverse.com/6983763-PQ-_Practical_Intelligence_Quotient.html,,Joag
videogame/www.cduniverse.com/7365682-Petz_Vet.html,,Ubi Soft
videogame/www.cduniverse.com/6832478-Phantom_Dust.html,Majesco Sales Inc.,Majesco Entertainment
videogame/www.cduniverse.com/7227209-Pimp_My_Ride.html,,Activision
videogame/www.cduniverse.com/7227225-Pimp_My_Ride.html,,Activision
videogame/www.cduniverse.com/7447212-Pinball_Hall_Of_Fame-_The_Williams_Collection.html,Crave Entertainment,Crave
videogame/www.cduniverse.com/7447214-Pinball_Hall_Of_Fame-_The_Williams_Collection.html,Crave Entertainment,SVG
videogame/www.cduniverse.com/7338678-Pirates_Of_The_Caribbean-_At_World's_End.html,Disney Interactive Studios,Disney
videogame/www.cduniverse.com/7365679-Pirates_Of_The_Caribbean-_At_World's_End.html,Disney Interactive Studios,Disney
videogame/www.cduniverse.com/7375821-Pirates_Of_The_Caribbean-_At_World's_End.html,Disney Interactive Studios,Disney
videogame/www.cduniverse.com/7411838-Pokemon_Battle_Revolution.html,Nintendo,NOVA
videogame/www.cduniverse.com/7402306-Pony_Luv.html,Activision Value,Activision
videogame/www.cduniverse.com/1954956-Powerpuff_Girls-_Relish_Rampage.html,BAM Entertainment,
videogame/www.cduniverse.com/7368552-Prey_The_Stars.html,,Koei
videogame/www.cduniverse.com/7600294-Pro_Evolution_Soccer_2008.html,Konami,Konami
videogame/www.cduniverse.com/7600295-Pro_Evolution_Soccer_2008.html,Konami,Konami
videogame/www.cduniverse.com/7600296-Pro_Evolution_Soccer_2008.html,Konami,Konami
videogame/www.cduniverse.com/7696767-James_Bond_007_In_Quantum_Of_Solace.html,,Activision Classics
videogame/www.cduniverse.com/7043079-RF_Online.html,Codemasters,Codemasters Inc.
videogame/www.cduniverse.com/6746946-Rapala_Pro_Fishing.html,Activision Value,Activision
videogame/www.cduniverse.com/7273097-Rapala_Tournament_Fishing.html,,Activision
videogame/www.cduniverse.com/7273846-Rapala_Tournament_Fishing.html,,Activision
videogame/www.cduniverse.com/6803782-Ratchet_&_Clank-_Up_Your_Arsenal.html,,Sony
videogame/www.cduniverse.com/7470916-Rayman_Raving_Rabbids_2.html,,Ubi Soft
videogame/www.cduniverse.com/7533155-Rock_Band_Game_Only.html,MTV Games,EA
videogame/www.cduniverse.com/7668560-Rock_Band_Game_Only.html,MTV Games,EA
videogame/www.cduniverse.com/7407125-Rune_Factory-_A_Fantasy_Harvest_Moon.html,,SVG
videogame/www.cduniverse.com/6847262-S.L.A.I._-Steel_Lancer_Arena_International-.html,,Konami
videogame/www.cduniverse.com/7612558-SNK_Arcade_Classics-_Volume_1.html,SNK Playmore,Crave Entertainment
videogame/www.cduniverse.com/7612559-SNK_Arcade_Classics-_Volume_1.html,SNK Playmore,SNK
videogame/www.cduniverse.com/7694704-SNK_Arcade_Classics-_Volume_1.html,SNK Playmore,SNK Games
videogame/www.cduniverse.com/6936273-SSX_On_Tour.html,Electronic Arts,EA
videogame/www.cduniverse.com/7437624-SWAT-_Target_Liberty.html,Sierra,Vivendi Universal
videogame/www.cduniverse.com/7449878-Sea_Monsters-_A_Prehistoric_Adventure.html,"Destination Software, Inc. (DSI)",Destiny
videogame/www.cduniverse.com/7545117-Sega_Superstars_Tennis.html,SEGA,SEGA
videogame/www.cduniverse.com/6882572-Serious_Sam_II.html,2K Games,TAKE 2
videogame/www.cduniverse.com/6873473-Shadow_Of_The_Colossus.html,,Sony
videogame/www.cduniverse.com/7227223-Shrek_Smash_N'_Crash_Racing.html,,Activision
videogame/www.cduniverse.com/7375736-Shrek_The_Third.html,,Activision
videogame/www.cduniverse.com/6854867-Sigma_Star_Saga.html,,Namco
videogame/www.cduniverse.com/7583050-Silent_Hill_Origins.html,Konami,Konami
videogame/www.cduniverse.com/6827568-Sim_City_4.html,Electronic Arts,EA
videogame/www.cduniverse.com/7241850-Sims_2-_Glamour_Life_Stuff.html,Electronic Arts,EA
videogame/www.cduniverse.com/7361178-Sims_2-_Seasons.html,Electronic Arts,EA
videogame/www.cduniverse.com/6842800-Smart_Bomb.html,Eidos Interactive,Eidos
videogame/www.cduniverse.com/7470193-Smash_Court_Tennis_3.html,Namco Bandai,Atari
videogame/www.cduniverse.com/6680687-Space_Raiders.html,Tommo Inc.,TOMMO
videogame/www.cduniverse.com/6010257-Spider-Man_2-The_Movie.html,Activision Inc.,Activision
videogame/www.cduniverse.com/7394689-Spider-Man_3.html,,Activision
videogame/www.cduniverse.com/3118107-Spirit-_Stallion_Of_The_Cimarron_--_Search_For_Homeland.html,,
videogame/www.cduniverse.com/6882571-Splat_Magazine_Renegade_Paintball.html,,TAKE 2
videogame/www.cduniverse.com/7625077-Spore.html,Electronic Arts,EA
videogame/www.cduniverse.com/6800337-Sprung.html,Ubi Soft Entertainment,UBISOFT
videogame/www.cduniverse.com/7484273-Star_Trek-_Conquest.html,Bethesda Softworks,Bethesda
videogame/www.cduniverse.com/6737060-Star_Wars_Republic_Commando.html,LucasArts Entertainment Company,LucasArts
videogame/www.cduniverse.com/7034084-Starcraft_Battle_Chest.html,,Activision
videogame/www.cduniverse.com/7412423-Stuntman-_Ignition.html,,THQ
videogame/www.cduniverse.com/7021968-Suikoden_V.html,,Konami
videogame/www.cduniverse.com/7684828-Summer_Athletics-_The_Ultimate_Challenge.html,,Conspiracy
videogame/www.cduniverse.com/7484657-Super_Mario_Galaxy.html,Nintendo,Nintendo Games
videogame/www.cduniverse.com/7395019-Super_Paper_Mario.html,Nintendo,Nintendo Games
videogame/www.cduniverse.com/6686693-Super_Trucks_Racing.html,Bethesda Softworks,XS Games
videogame/www.cduniverse.com/7581034-Supreme-Commander.html,,Aspyr
videogame/www.cduniverse.com/3540036-Tekken_4.html,"Namco Hometek,Inc.",Namco
videogame/www.cduniverse.com/7040160-Test_Drive_Unlimited.html,"Atari, Inc.",Atari
videogame/www.cduniverse.com/6728967-That's_So_Raven.html,,Disney
videogame/www.cduniverse.com/7242190-Thrillville.html,LucasArts Entertainment Company,Lucasarts
videogame/www.cduniverse.com/6728959-Tim_Burton's_The_Nightmare_Before_Christmas-_The_Pumpkin_King.html,Disney Interactive,Buena Vista
videogame/www.cduniverse.com/6842082-Timeshift.html,Vivendi Games,Activision
videogame/www.cduniverse.com/7616983-Tna_Impact!.html,Midway Games,Midway
videogame/www.cduniverse.com/7536575-Tom_Clancy's_Endwar.html,,Ubisoft
videogame/www.cduniverse.com/7628199-Tom_Clancy's_Rainbow_Six-_Vegas_2.html,,Ubi Soft
videogame/www.cduniverse.com/7302851-Tom_Clancy's_Splinter_Cell_Double_Agent.html,,Ubisoft
videogame/www.cduniverse.com/7363657-Tom_Clancy's_Splinter_Cell_Double_Agent.html,,
videogame/www.cduniverse.com/7470902-Tom_Clancy's_Splinter_Cell-_Conviction.html,,Ubisoft
videogame/www.cduniverse.com/7122065-Tomb_Raider-_Legend.html,Eidos Interactive,Eidos
videogame/www.cduniverse.com/2842329-Top_Angler-_Real_Bass_Fishing.html,,
videogame/www.cduniverse.com/6900460-Top_Gun.html,"Mastiff, LLC",Destiny
videogame/www.cduniverse.com/7624998-Top_Spin_3.html,2K Sports,Take 2 Interactive
videogame/www.cduniverse.com/7668903-Trauma_Center-_Under_The_Knife_2.html,Atlus,Atlus
videogame/www.cduniverse.com/7574881-Uefa_Euro_2008.html,Electronic Arts,EA
videogame/www.cduniverse.com/7580795-Uefa_Euro_2008.html,Electronic Arts,EA
videogame/www.cduniverse.com/7470854-Ultimate_Board_Game_Collection.html,Valcon Games,SVG
videogame/www.cduniverse.com/7501008-Uncharted-_Drake's_Fortune.html,Sony Computer Entertainment Inc.,Sony Playstation
videogame/www.cduniverse.com/7431877-Universe_At_War-_Earth_Assault.html,SEGA,SEGA
videogame/www.cduniverse.com/7538342-Universe_At_War-_Earth_Assault.html,SEGA,Sega Games
videogame/www.cduniverse.com/6785174-Unreal_Championship_2-_The_Liandri_Conflict.html,,
videogame/www.cduniverse.com/6987211-Untold_Legends-_The_Warrior's_Code.html,Sony Online Entertainment,Sonyol
videogame/www.cduniverse.com/7510040-Viking-_Battle_For_Asgard.html,SEGA,SEGA
videogame/www.cduniverse.com/6766400-Virtual_Pool-_Tournament_Edition.html,,
videogame/www.cduniverse.com/7721177-WWE_Legends_Of_Wrestlemania.html,,THQ Inc
videogame/www.cduniverse.com/6827575-Warcraft_III_Battle_Chest.html,Blizzard Entertainment,Activision
"videogame/www.cduniverse.com/7470184-Warhammer_40,000-_Squad_Command.html",,THQ
videogame/www.cduniverse.com/7298664-Wario_Ware-_Smooth_Moves.html,Nintendo,Nintendo
videogame/www.cduniverse.com/7348247-Wario-_Master_Of_Disguise.html,Nintendo,NOVA
videogame/www.cduniverse.com/7608963-Wet.html,TBA,Vivendi
videogame/www.cduniverse.com/5283858-Wing_Commander-_Prophecy.html,,Destination Software
videogame/www.cduniverse.com/7342802-Winning_Eleven-_Pro_Evolution_Soccer_2007.html,Konami,Konami
videogame/www.cduniverse.com/7342805-Winning_Eleven-_Pro_Evolution_Soccer_2007.html,Konami,Konami
videogame/www.cduniverse.com/7545145-Winter_Sports-_The_Ultimate_Challenge.html,,Conspiracy
videogame/www.cduniverse.com/6882235-Winx_Club.html,,Konami
videogame/www.cduniverse.com/7429469-Witcher.html,,Atari
videogame/www.cduniverse.com/7266349-World_Championship_Cards.html,Crave Entertainment,SVG
videogame/www.cduniverse.com/7462545-World_Series_Of_Poker_2008-_Battle_For_The_Bracelets.html,,Activision
videogame/www.cduniverse.com/6728970-Xevious.html,Nintendo,Nintendo
videogame/www.cduniverse.com/7009015-Yu-Gi-Oh!_Double_Pack.html,Konami,Konami
videogame/www.cduniverse.com/7478073-Yu-Gi-Oh!_GX_Tag_Force_2.html,Konami,Konami
videogame/www.cduniverse.com/7474587-Puzzle_Quest-_Challenge_of_the_Warlords.html,D3 Publisher,D3
videogame/www.cduniverse.com/7241844-Puzzle_Variety_Pack.html,,eGames
videogame/www.cduniverse.com/7733638-James_Bond_007_In_Quantum_Of_Solace.html,,Activision Classics
videogame/www.cduniverse.com/7308176-Quick_ChargerCradle.html,,Intec
videogame/www.cduniverse.com/7348243-Quickspot.html,Namco Bandai,
videogame/www.cduniverse.com/1153341-RC_Revenge.html,"Acclaim Entertainment, Inc.",Acclaim
videogame/www.cduniverse.com/1235238-RF_Switch_STD__P-202.html,,STD
videogame/www.cduniverse.com/7609029-Racer_Racing_Wheel.html,,Mad Catz
videogame/www.cduniverse.com/7550868-Rainbow_Islands_Evolution.html,Ignition Entertainment,Ignition
videogame/www.cduniverse.com/7226011-Rainbow_Islands_Revolution.html,Codemasters,Codemasters
videogame/www.cduniverse.com/6986678-Ramones_-_Rock_'N_Roll_High_School.html,,Buena Vista
videogame/www.cduniverse.com/7486636-Rapala_Fishing_Frenzy.html,Activision Value,Activision Classics
videogame/www.cduniverse.com/7371239-Ratatouille.html,,THQ
videogame/www.cduniverse.com/4859067-Ratchet_and_Clank.html,,Sony
videogame/www.cduniverse.com/5845845-Ratchet_&_Clank-_Going_Commando.html,,Sony
videogame/www.cduniverse.com/7069493-Ratchet_&_Clank-_Size_Matters.html,Sony Computer Entertainment Inc.,Sony
videogame/www.cduniverse.com/6860859-Ratchet-_Deadlocked.html,,Sony
videogame/www.cduniverse.com/5467269-Rayman_3.html,Ubi Soft Entertainment,
videogame/www.cduniverse.com/6800335-Rayman_DS.html,Ubi Soft Entertainment,
videogame/www.cduniverse.com/6900492-Real_Time_Conflict-_Shogun_Empires.html,"Namco Hometek,Inc.",Namco
videogame/www.cduniverse.com/7112437-Reel_Fishing-_The_Great_Outdoors.html,,SVG
videogame/www.cduniverse.com/7442723-Resident_Evil-_The_Essentials.html,Capcom,CAPCOM
videogame/www.cduniverse.com/7660392-Resistance_2.html,Sony Computer Entertainment Inc.,Sony Playstation
videogame/www.cduniverse.com/6967861-Ridge_Racer_6.html,,Namco
videogame/www.cduniverse.com/7629891-Riding_Star.html,Valcon Games,SVG
videogame/www.cduniverse.com/7625013-Rig_Racer_2.html,Bold Games (Destineer),Bold
videogame/www.cduniverse.com/6827611-Risk_2.html,,Atari
videogame/www.cduniverse.com/7570748-River_King-_Mystic_Valley.html,,SVG
videogame/www.cduniverse.com/3091134-Road_Rash-_Jailbreak.html,,Destinatio
videogame/www.cduniverse.com/7490204-Robert_Ludlum's_The_Bourne_Conspiracy.html,Vivendi Games,Sierra
videogame/www.cduniverse.com/7490288-Rock_Band_Game_Only.html,MTV Games,EA
videogame/www.cduniverse.com/7716340-Rock-Band-2.html,MTV Games,Electronic Arts
videogame/www.cduniverse.com/7716340-Rock_Band_2.html,MTV Games,Electronic Arts
videogame/www.cduniverse.com/7700838-Rock_Band_Portable_Drum_Kit.html,,Mad Catz
videogame/www.cduniverse.com/7538324-Rygar-_The_Battle_Of_Argus.html,Tecmo,Tecmo
videogame/www.cduniverse.com/7020920-Samurai_Warriors-_State_Of_War.html,KOEI Corporation,Koei
videogame/www.cduniverse.com/7023179-Scarface-_Money._Power._Respect.html,Vivendi Games,Activision
videogame/www.cduniverse.com/6826702-Scarface-_The_World_Is_Yours.html,Vivendi Games,Activision
videogame/www.cduniverse.com/6826711-Scarface-_The_World_Is_Yours.html,Vivendi Games,Activision
videogame/www.cduniverse.com/7417457-Scarface-_The_World_Is_Yours.html,Vivendi Games,Vivendi Universal
videogame/www.cduniverse.com/6666046-Scooby-Doo_2-_Monsters_Unleashed.html,"THQ, Inc.",THQ
videogame/www.cduniverse.com/7116692-Scooby-Doo!_Who's_Watching_Who.html,"THQ, Inc.",THQ
videogame/www.cduniverse.com/7431875-Sega_Rally_Revo.html,SEGA,SEGA
videogame/www.cduniverse.com/1978194-Shaun_Palmer's_Pro_Snowboarder.html,Activision Inc.,Activision
videogame/www.cduniverse.com/7632699-Shin_Megami_Tensei_-_Persona_3_Fes.html,,Atlus
videogame/www.cduniverse.com/7327433-Silverfall.html,,Atari
videogame/www.cduniverse.com/6120633-Simpsons-_Hit_&_Run.html,,Vivendi
videogame/www.cduniverse.com/7395074-Sims_2_Deluxe.html,Electronic Arts,EA
videogame/www.cduniverse.com/7414417-Sims_2_H&M_Fashion_Stuff.html,Electronic Arts,EA
videogame/www.cduniverse.com/7700859-Sims_2-_Apartment_Life.html,Electronic Arts,EA
videogame/www.cduniverse.com/7441284-Sims_2-_Castaway.html,Electronic Arts,EA
videogame/www.cduniverse.com/7256710-Sims_2-_Pets.html,Electronic Arts,EA
videogame/www.cduniverse.com/7256990-Sims_2-_Pets.html,,EA
videogame/www.cduniverse.com/7361177-Sims-_Life_Stories.html,Electronic Arts,EA
videogame/www.cduniverse.com/7403837-Skate.html,Electronic Arts,EA
videogame/www.cduniverse.com/6728962-Sly_2-_Band_Of_Thieves.html,,Sony
videogame/www.cduniverse.com/6827808-Solitaire_Master_5.html,,eGames
videogame/www.cduniverse.com/5752893-Sonic_Adventure_DX-_Director's_Cut.html,,SEGA
videogame/www.cduniverse.com/7011582-Sonic_Riders.html,SEGA,Sega Games
videogame/www.cduniverse.com/1153394-South_Park-_Chef's_Luv_Shack.html,"Acclaim Entertainment, Inc.",VAR
videogame/www.cduniverse.com/7640067-Space_Chimps.html,Brash Entertainment,Brash Entertainment
videogame/www.cduniverse.com/7640068-Space_Chimps.html,Brash Entertainment,Brash
videogame/www.cduniverse.com/6900459-Space_Invaders_Revolution.html,,
videogame/www.cduniverse.com/7588830-Spectral_Force_3.html,Atlus,Atlus
videogame/www.cduniverse.com/7629247-Spectrobes-_Beyond_The_Portals.html,Disney Interactive Studios,Disney Software
videogame/www.cduniverse.com/7447216-Spelling_Challenges_and_More!.html,Crave Entertainment,SVG
videogame/www.cduniverse.com/7375754-Spider-Man_3.html,,Activision
videogame/www.cduniverse.com/7609839-Sprint_Cars_2-_Showdown_At_Eldora.html,,THQ
videogame/www.cduniverse.com/7385021-Spy_Games-_Elevator_Mission.html,UFO Interactive,Tommo
videogame/www.cduniverse.com/6680699-Star_Ocean-_Till_The_End_Of_Time.html,Enix,SQUARE ENIX
videogame/www.cduniverse.com/7524144-Star_Wars_-_Battlefront_2.html,,Lucasarts
videogame/www.cduniverse.com/7524143-Star_Wars_-_Battlefront_DVD.html,,Lucasarts
videogame/www.cduniverse.com/6984275-Strawberry_Shortcake-_Strawberryland_Games.html,Game Factory,
videogame/www.cduniverse.com/7208375-Stronghold_Legends.html,2K Games,Ttwo
videogame/www.cduniverse.com/1276665-Stunt_GP.html,Infogrames,Titus
videogame/www.cduniverse.com/6875951-Super_Black_Bass_Fishing.html,Majesco Sales Inc.,Majesco Entertainment
videogame/www.cduniverse.com/2849925-Super_Mario_Advance_2-_Super_Mario_World.html,,Nintendo
videogame/www.cduniverse.com/2237133-Super_Smash_Bros._Melee.html,,NOVA
videogame/www.cduniverse.com/7313410-Super_Swing_Golf.html,,
videogame/www.cduniverse.com/7538323-Super_Swing_Golf-_Season_2.html,Tecmo,Tecmo
videogame/www.cduniverse.com/7268001-Superman_Returns-_Fortress_Of_Solitude.html,,EA
videogame/www.cduniverse.com/7055043-Superman_Returns-_The_Videogame.html,,EA
videogame/www.cduniverse.com/7055045-Superman_Returns-_The_Videogame.html,,EA
videogame/www.cduniverse.com/7375714-Surf's_Up.html,,Ubi Soft
videogame/www.cduniverse.com/7375723-Surf's_Up.html,,Ubi Soft
videogame/www.cduniverse.com/7375735-Surf's_Up.html,,UBISOFT
videogame/www.cduniverse.com/7375748-Surf's_Up.html,,Ubisoft
videogame/www.cduniverse.com/7281218-Suzuki_Superbikes_II-_Riding_Challenge.html,Valcon Games,PS2 Cap 00114
videogame/www.cduniverse.com/7363659-TMNT-_Teenage_Mutant_Ninja_Turtles.html,,Ubi Soft
videogame/www.cduniverse.com/7447208-Taito_Legends_Power-Up.html,Destineer,SVG
videogame/www.cduniverse.com/7395030-Tank_Beat.html,O~3 Entertainment,O3 Entertainment
videogame/www.cduniverse.com/7583048-Target-_Terror.html,Konami,Konami
videogame/www.cduniverse.com/7365739-Teddy_Factory.html,,eGames
videogame/www.cduniverse.com/6746951-Tekken_5.html,"Namco Hometek,Inc.",Namco
videogame/www.cduniverse.com/7118027-That's_So_Raven-_Psychic_On_The_Scene.html,,Disney
videogame/www.cduniverse.com/7201210-Tiger_Woods_PGA_Tour_07.html,,
videogame/www.cduniverse.com/7201243-Tiger_Woods_PGA_Tour_07.html,Electronic Arts,EA
videogame/www.cduniverse.com/3103401-Time_Crisis_Av_Adaptor.html,,Sony
videogame/www.cduniverse.com/7267902-Tokobot_Plus-_Mysteries_Of_The_Karakuri.html,,Tecmo
videogame/www.cduniverse.com/7542744-Tom_Clancy's_Endwar.html,,Ubi Soft
videogame/www.cduniverse.com/7574879-Tom_Clancy's_Rainbow_Six-_Vegas_2.html,,Ubi Soft
videogame/www.cduniverse.com/7273901-Tom_Clancy's_Rainbow_Six-_Vegas.html,,Ubi Soft
videogame/www.cduniverse.com/7017334-Tom_Clancy's_Splinter_Cell_Essentials.html,Ubi Soft Entertainment,UBISOFT
videogame/www.cduniverse.com/6842805-Tomb_Raider_Anniversary.html,,Eidos
videogame/www.cduniverse.com/5466675-Tonka_Monster_Truck.html,,Atari
videogame/www.cduniverse.com/6877223-Tony_Hawk's_American_Sk8land.html,Activision Inc.,Activision
videogame/www.cduniverse.com/7208394-Tony_Hawk's_Downhill_Jam.html,Activision Inc.,Activision
videogame/www.cduniverse.com/1191162-Top_Gear_Daredevil.html,,Crave
videogame/www.cduniverse.com/7403850-Totally_Spies!_Zombie_Jamboree!.html,Cosmi Corporation,Master
videogame/www.cduniverse.com/7484263-Touch_Detective_2_12.html,Atlus,Atlus
videogame/www.cduniverse.com/7512157-Trainz_Railwayz.html,Merscom,Ttwo
videogame/www.cduniverse.com/7375737-Transformers-_The_Game.html,,Activision
videogame/www.cduniverse.com/7375751-Transformers-_The_Game.html,,Activision
videogame/www.cduniverse.com/6921344-Transporter.html,,Fox
videogame/www.cduniverse.com/6856687-Trophy_Bass_2007-Bass_Pro_Shops.html,,Activision
videogame/www.cduniverse.com/7428790-Two_Worlds.html,SouthPeak Interactive,South Peak Interactive
videogame/www.cduniverse.com/7632703-Two_Worlds-_The_Temptation.html,SouthPeak Games,South Peak
videogame/www.cduniverse.com/7357546-Uefa_Champions_League_2006-2007.html,Electronic Arts,EA
videogame/www.cduniverse.com/7473657-Ultimate_3D_Pinball.html,SouthPeak Games,South Peak Interactive
videogame/www.cduniverse.com/6319560-Ultimate_Codes-Enter_The_Matrix.html,,Datel
videogame/www.cduniverse.com/7481643-Ultimate_Duck_Hunting.html,Detn8 Games,
videogame/www.cduniverse.com/7100817-Ultimate_Ghosts_'N_Goblins.html,Capcom,Capcom
videogame/www.cduniverse.com/7108891-Underground_Pool.html,UFO Interactive,TOMMO
videogame/www.cduniverse.com/6708625-Universal_Av_&_S-VHS_Cable.html,,Intec
videogame/www.cduniverse.com/7512156-Universal_Combat_--_Collectors_Edition.html,3000AD,Take 2
videogame/www.cduniverse.com/7116612-Uno_52.html,"Destination Software, Inc. (DSI)",Destinatio
videogame/www.cduniverse.com/7388458-Unreal_Tournament_III_Collector's_Edition_.html,Midway Games,
videogame/www.cduniverse.com/7512150-Victorious_Boxers-_Revolution.html,Xseed Games,Xseed Games
videogame/www.cduniverse.com/7297145-Virtua_Fighter_5.html,,SEGA
videogame/www.cduniverse.com/6877232-Virtua_Tennis_World_Tour.html,,
videogame/www.cduniverse.com/1151481-WCW_Backstage_Assault.html,,EA
videogame/www.cduniverse.com/6885697-WWE_Smackdown_vs._Raw_2006.html,"THQ, Inc.",THQ
videogame/www.cduniverse.com/7116686-WWE_Smackdown_vs._Raw_2007.html,,THQ
videogame/www.cduniverse.com/7470189-WWE_Smackdown_vs_Raw_08.html,,THQ Inc
videogame/www.cduniverse.com/7116691-WWE_Smackdown_vs._Raw_2007.html,,THQ
videogame/www.cduniverse.com/7116694-WWE_Smackdown_vs._Raw_2007.html,,THQ
videogame/www.cduniverse.com/7618743-WWII_Aces.html,Destineer,Destineer
videogame/www.cduniverse.com/7625024-Wall-E.html,,THQ
videogame/www.cduniverse.com/7639656-Wall-E.html,,THQ Inc
videogame/www.cduniverse.com/7279994-War-Front.html,,TAKE 2
videogame/www.cduniverse.com/7419454-Warhammer-_Battle_March.html,Namco Bandai,Namco
videogame/www.cduniverse.com/7311690-Warhawk.html,Sony Computer Entertainment Inc.,Sony
videogame/www.cduniverse.com/6668722-Warriors.html,,TAKE 2
videogame/www.cduniverse.com/7375716-Senko-no-Rondo.html,,Ubisoft
videogame/www.cduniverse.com/7279018-Weekend_Play_Pack.html,,Activision
videogame/www.cduniverse.com/7116645-Winx_Club-_Join_The_Club.html,,Konami
videogame/www.cduniverse.com/6842861-Wipe_Out_Ultra_CD_DVD_Game_Repair_Kit.html,,Espirt
videogame/www.cduniverse.com/7262097-Wireless_XBox_360_Gaming_Receiver_for_Windows.html,,Microsoft
videogame/www.cduniverse.com/7470186-Word_Jong.html,,SVG
videogame/www.cduniverse.com/7673173-Wordmaster.html,"Destination Software, Inc. (DSI)",Destiny
videogame/www.cduniverse.com/7412425-World_Championship_Paintball.html,,THQ
videogame/www.cduniverse.com/7612561-World_Heroes_Anthology.html,SNK Playmore,SNK
videogame/www.cduniverse.com/6827973-World_Of_Warcraft.html,Blizzard Entertainment,Activision
videogame/www.cduniverse.com/7227532-World_Series_Of_Poker-_Tournament_Of_Champions_--_2007_Edition.html,Activision Inc.,
videogame/www.cduniverse.com/7295387-World_of_Warcraft-_The_Burning_Crusade.html,Blizzard Entertainment,Activision
videogame/www.cduniverse.com/7761105-World_of_Warcraft-_Wrath_of_the_Lich_King_Expansion_Pack.html,Blizzard Entertainment,Activision
videogame/www.cduniverse.com/6668723-Worms-3D.html,,SEGA
videogame/www.cduniverse.com/7470192-Xbox_360_Camo_Headset.html,,Intec
videogame/www.cduniverse.com/7449883-Xbox_360_Intercooler_-_Black.html,,Nyko
videogame/www.cduniverse.com/7242248-Xbox_Live_Arcade_Unplugged_Volume_1.html,Microsoft,Microsoft
videogame/www.cduniverse.com/6917333-You_Can_FlyTinkerbell-Disney_Classic.html,,Disney
videogame/www.cduniverse.com/7375721-Zero_Wireless_Controll.html,,Nyko
videogame/www.cduniverse.com/7462213-Zoey_101-_Field_Trip_Fiasco.html,,THQ
