url,NUMBER : value,NUMBER : var %,NUMBER : var $,NUMBER : high,NUMBER : low,NUMBER : volume,NUMBER : 52wk high,NUMBER : 52wk low
finance/www.marketwatch.com/COMS.html,5.03,0.00%,0.00,$5.08,$4.83,"208,822",$5.22,$1.43
finance/www.marketwatch.com/ABT.html,45.42,+0.40%,+0.18,$46.00,$44.47,"24,124",$60.78,$41.27
finance/www.marketwatch.com/ANF.html,27.58,-1.20%,-0.33,$27.65,$26.07,"85,202",$71.24,$13.66
finance/www.marketwatch.com/ADPT.html,2.63,0.00%,0.00,$2.63,$2.52,"24,669",$4.24,$2.20
finance/www.marketwatch.com/ADBE.html,30.15,+0.03%,+0.01,$30.67,$29.61,"64,802",$46.44,$15.70
finance/www.marketwatch.com/ADIC.html,0.95,-3.16%,-0.03,$0.96,$0.91,"6,820",$1.95,$0.09
finance/www.marketwatch.com/AMD.html,4.47,+0.22%,+0.01,$4.79,$4.33,"329,686",$7.94,$1.62
finance/www.marketwatch.com/ADVS.html,31.23,0.00%,0.00,$31.50,$30.62,242,$49.32,$17.51
finance/www.marketwatch.com/AES.html,10.69,0.00%,0.00,$10.79,$10.21,"7,087",$20.80,$4.80
finance/www.marketwatch.com/AET.html,22.97,+0.35%,+0.08,$23.70,$22.47,"87,060",$45.40,$14.21
finance/www.marketwatch.com/AFFX.html,6.64,0.00%,0.00,$6.79,$6.35,"12,730",$12.05,$1.78
finance/www.marketwatch.com/AFL.html,32.81,+0.24%,+0.08,$33.72,$32.51,"4,316",$68.00,$10.83
finance/www.marketwatch.com/A.html,19.36,+0.72%,+0.14,$19.67,$18.94,"11,184",$38.00,$12.02
finance/www.marketwatch.com/APD.html,67.99,0.00%,0.00,$68.32,$67.12,"15,419",$104.75,$41.46
finance/www.marketwatch.com/AKAM.html,22.86,0.00%,0.00,$22.88,$22.34,"6,529",$37.15,$9.25
finance/www.marketwatch.com/ACV.html,24.41,0.00%,0.00,$24.46,$24.09,"7,879",$29.40,$19.32
finance/www.marketwatch.com/AA.html,11.99,+0.58%,+0.07,$12.14,$11.80,"213,552",$40.28,$4.97
finance/www.marketwatch.com/ATI.html,41.88,0.00%,0.00,$42.66,$41.36,"7,202",$67.15,$15.00
finance/www.marketwatch.com/AGN.html,46.28,0.00%,0.00,$46.28,$44.30,"6,124",$61.72,$28.95
finance/www.marketwatch.com/ALL.html,24.85,0.00%,0.00,$25.01,$24.60,"10,960",$50.47,$13.77
finance/www.marketwatch.com/ALTR.html,16.75,0.00%,0.00,$17.25,$16.55,"34,361",$24.19,$12.99
finance/www.marketwatch.com/AMZN.html,84.08,-0.30%,-0.25,$85.20,$82.01,"39,446",$91.75,$34.68
finance/www.marketwatch.com/AEP.html,28.00,+0.89%,+0.25,$28.16,$27.03,"16,444",$43.37,$24.00
finance/www.marketwatch.com/AM.html,7.45,0.00%,0.00,$7.50,$7.08,710,$18.57,$3.24
finance/www.marketwatch.com/AIG.html,1.61,-1.24%,-0.02,$1.62,$1.55,"350,314",$34.79,$0.33
finance/www.marketwatch.com/AHC.html,1.17,0.00%,0.00,$1.20,$1.10,261,$8.19,$0.59
finance/www.marketwatch.com/AEE.html,24.41,0.00%,0.00,$24.61,$23.89,"16,053",$43.83,$19.51
finance/www.marketwatch.com/AEOS.html,14.56,0.00%,0.00,$14.60,$13.98,"142,898",$18.00,$6.98
finance/www.marketwatch.com/AXP.html,25.16,+0.16%,+0.04,$25.69,$24.83,"172,712",$45.82,$9.71
finance/www.marketwatch.com/AMTD.html,17.54,0.00%,0.00,$17.86,$17.32,"15,020",$23.49,$9.34
finance/www.marketwatch.com/APC.html,50.57,+0.02%,+0.01,$50.63,$49.38,"106,046",$81.02,$24.57
finance/www.marketwatch.com/ADI.html,25.40,0.00%,0.00,$25.82,$25.20,"15,891",$34.59,$15.29
finance/www.marketwatch.com/ANDW.html,25.03,0.00%,0.00,$25.19,$24.36,"15,568",$56.28,$6.89
finance/www.marketwatch.com/TWX.html,26.00,0.00%,0.00,$26.13,$25.53,"77,821",$51.21,$17.81
finance/www.marketwatch.com/AOC.html,36.99,0.00%,0.00,$37.07,$36.41,"1,494",$50.00,$32.83
finance/www.marketwatch.com/APA.html,84.20,0.00%,0.00,$84.92,$83.43,"34,794",$145.00,$51.03
finance/www.marketwatch.com/AAPL.html,136.97,-0.26%,-0.35,$139.10,$136.04,"148,919",$182.60,$78.20
finance/www.marketwatch.com/AMAT.html,11.23,-0.18%,-0.02,$11.24,$10.97,"113,990",$20.90,$7.80
finance/www.marketwatch.com/AMCC.html,7.75,0.00%,0.00,$8.14,$7.65,"6,533",$9.70,$3.01
finance/www.marketwatch.com/ADM.html,28.71,0.00%,0.00,$28.85,$28.44,"46,886",$36.60,$13.53
finance/www.marketwatch.com/ARIA.html,1.86,0.00%,0.00,$1.93,$1.84,"26,281",$3.55,$0.72
finance/www.marketwatch.com/ARBA.html,10.60,0.00%,0.00,$10.65,$10.44,"3,050",$18.58,$6.00
finance/www.marketwatch.com/ARW.html,22.38,0.00%,0.00,$23.14,$21.94,"11,194",$36.00,$11.74
finance/www.marketwatch.com/ASH.html,27.36,0.00%,0.00,$28.02,$26.68,"32,745",$54.90,$5.35
finance/www.marketwatch.com/T.html,25.01,+0.04%,+0.01,$25.05,$24.59,"797,498",$36.80,$20.90
finance/www.marketwatch.com/ADSK.html,22.24,+0.04%,+0.01,$22.33,$21.82,"15,275",$39.89,$11.70
finance/www.marketwatch.com/ADP.html,37.29,0.00%,0.00,$37.48,$36.60,"34,422",$45.97,$30.83
finance/www.marketwatch.com/AZO.html,155.50,-1.26%,-1.95,$155.98,$151.59,"9,100",$169.99,$84.66
finance/www.marketwatch.com/AVY.html,27.94,0.00%,0.00,$28.01,$27.36,"7,628",$50.14,$17.02
finance/www.marketwatch.com/AVA.html,16.45,0.00%,0.00,$16.49,$15.92,"3,692",$23.58,$12.67
finance/www.marketwatch.com/AVP.html,26.61,0.00%,0.00,$26.82,$26.34,"12,090",$45.34,$14.40
finance/www.marketwatch.com/BHI.html,41.72,0.00%,0.00,$41.88,$41.17,"51,547",$90.48,$24.40
finance/www.marketwatch.com/BLL.html,43.00,0.00%,0.00,$43.13,$42.00,"8,557",$53.44,$27.37
finance/www.marketwatch.com/BAC.html,13.72,+0.87%,+0.12,$13.93,$13.23,3.37m,$39.50,$2.53
finance/www.marketwatch.com/BK.html,29.02,0.00%,0.00,$29.02,$28.48,"18,652",$43.00,$15.44
finance/www.marketwatch.com/BCR.html,74.05,0.00%,0.00,$74.96,$73.25,462,$101.61,$68.94
finance/www.marketwatch.com/BKS.html,23.32,0.00%,0.00,$23.42,$22.53,"8,441",$33.64,$10.77
finance/www.marketwatch.com/ABX.html,33.99,+0.06%,+0.02,$34.23,$33.35,"23,197",$52.48,$17.27
finance/www.marketwatch.com/BAX.html,49.53,+0.24%,+0.12,$50.48,$47.08,"48,297",$71.53,$45.46
finance/www.marketwatch.com/BBT.html,23.14,0.00%,0.00,$23.19,$22.45,"58,969",$45.31,$12.90
finance/www.marketwatch.com/BCE.html,21.59,+0.11%,+0.02,$21.94,$21.49,"15,503",$39.13,$16.85
finance/www.marketwatch.com/BDX.html,68.35,0.00%,0.00,$68.87,$67.72,"2,131",$89.24,$58.14
finance/www.marketwatch.com/BBBY.html,28.36,+0.07%,+0.02,$28.41,$27.23,"48,392",$34.00,$16.23
finance/www.marketwatch.com/BMS.html,25.00,0.00%,0.00,$25.39,$24.82,571,$29.70,$16.85
finance/www.marketwatch.com/BBY.html,38.55,-0.13%,-0.05,$38.69,$36.90,"69,007",$47.50,$16.42
finance/www.marketwatch.com/BDK.html,30.95,-0.74%,-0.23,$31.06,$30.23,"2,639",$69.50,$20.10
finance/www.marketwatch.com/HRB.html,15.69,0.00%,0.00,$15.80,$15.35,"2,617",$27.97,$13.73
finance/www.marketwatch.com/BBI.html,0.87,-2.30%,-0.02,$0.91,$0.86,"3,556",$3.19,$0.13
finance/www.marketwatch.com/BMC.html,35.39,0.00%,0.00,$35.48,$34.71,"16,607",$38.84,$20.58
finance/www.marketwatch.com/BA.html,51.44,-0.08%,-0.04,$51.56,$50.11,"86,389",$77.80,$29.05
finance/www.marketwatch.com/BSX.html,9.37,0.00%,0.00,$9.50,$9.17,"217,240",$14.20,$5.41
finance/www.marketwatch.com/BP.html,51.20,-0.12%,-0.06,$51.24,$50.58,"69,170",$70.09,$33.70
finance/www.marketwatch.com/BGG.html,15.88,+4.60%,+0.73,$16.00,$15.59,"19,002",$21.51,$11.13
finance/www.marketwatch.com/BMY.html,19.81,+0.20%,+0.04,$20.00,$19.67,"140,014",$23.98,$16.00
finance/www.marketwatch.com/BRCM.html,26.30,-0.19%,-0.05,$26.67,$25.66,"72,236",$29.91,$12.98
finance/www.marketwatch.com/BRCD.html,7.80,+1.15%,+0.09,$7.92,$7.59,"20,219",$9.09,$2.05
finance/www.marketwatch.com/BC.html,4.32,0.00%,0.00,$4.37,$4.19,"12,890",$16.64,$1.82
finance/www.marketwatch.com/BNI.html,77.36,0.00%,0.00,$77.70,$75.13,"27,407",$110.04,$50.86
finance/www.marketwatch.com/BR.html,17.18,0.00%,0.00,$17.22,$16.93,"6,027",$23.00,$9.21
finance/www.marketwatch.com/CPN.html,11.82,0.00%,0.00,$11.87,$11.35,"39,066",$23.08,$4.76
finance/www.marketwatch.com/CPB.html,29.10,0.00%,0.00,$29.30,$28.80,"14,122",$40.85,$24.63
finance/www.marketwatch.com/COF.html,23.94,+0.67%,+0.16,$24.50,$23.72,"53,048",$63.50,$7.80
finance/www.marketwatch.com/CAH.html,30.96,0.00%,0.00,$31.43,$30.67,"35,886",$56.45,$27.75
finance/www.marketwatch.com/CCL.html,24.17,0.00%,0.00,$24.20,$23.58,"2,890",$42.39,$14.85
finance/www.marketwatch.com/CAT.html,37.74,-0.37%,-0.14,$37.77,$37.02,"98,542",$82.35,$21.71
finance/www.marketwatch.com/CRA.html,7.94,0.00%,0.00,$8.38,$7.81,"10,420",$17.56,$5.03
finance/www.marketwatch.com/CELG.html,43.23,+0.05%,+0.02,$43.64,$42.68,"42,220",$77.39,$36.90
finance/www.marketwatch.com/CTX.html,8.48,0.00%,0.00,$8.55,$8.26,"16,776",$18.71,$4.91
finance/www.marketwatch.com/CTL.html,32.06,0.00%,0.00,$32.38,$31.40,"14,859",$40.35,$20.45
finance/www.marketwatch.com/CF.html,82.50,0.00%,0.00,$83.71,$80.98,"5,129",$172.99,$37.71
finance/www.marketwatch.com/CHKP.html,24.09,0.00%,0.00,$24.17,$23.69,"21,715",$25.74,$16.80
finance/www.marketwatch.com/CVX.html,72.67,-0.03%,-0.02,$72.75,$70.69,"191,474",$100.90,$55.50
finance/www.marketwatch.com/CHL.html,52.98,-1.19%,-0.63,$53.03,$52.26,"14,927",$71.70,$34.33
finance/www.marketwatch.com/CHINA.html,1.66,-2.40%,-0.04,$1.66,$1.57,"4,100",$3.17,$0.65
finance/www.marketwatch.com/CHIR.html,41.95,-0.30%,-0.13,$42.06,$41.43,800,$61.30,$33.34
finance/www.marketwatch.com/CB.html,40.82,0.00%,0.00,$41.24,$40.56,"3,924",$69.39,$33.47
finance/www.marketwatch.com/CI.html,20.89,+0.81%,+0.17,$21.16,$20.21,"97,778",$44.14,$8.00
finance/www.marketwatch.com/CINF.html,23.84,0.00%,0.00,$24.15,$23.70,"3,680",$35.00,$13.68
finance/www.marketwatch.com/CSCO.html,19.91,-1.56%,-0.31,$20.00,$19.63,"193,560",$26.74,$13.61
finance/www.marketwatch.com/C.html,3.47,+0.86%,+0.03,$3.55,$3.44,3.00m,$23.50,$0.97
finance/www.marketwatch.com/CTXS.html,34.10,0.00%,0.00,$34.19,$32.80,"33,384",$34.41,$19.00
finance/www.marketwatch.com/CCU.html,35.69,+0.06%,+0.02,$35.99,$33.85,"4,002",$36.16,$22.54
finance/www.marketwatch.com/CLX.html,56.39,0.00%,0.00,$56.49,$54.36,"126,342",$65.00,$45.67
finance/www.marketwatch.com/CMS.html,12.30,0.00%,0.00,$12.37,$11.90,"35,894",$15.89,$8.33
finance/www.marketwatch.com/COKE.html,56.35,-0.14%,-0.08,$56.72,$55.67,300,$57.11,$31.41
finance/www.marketwatch.com/KO.html,48.89,0.00%,0.00,$49.04,$48.48,"13,678",$57.59,$37.44
finance/www.marketwatch.com/CCE.html,17.18,0.00%,0.00,$17.40,$17.07,"10,194",$19.60,$7.25
finance/www.marketwatch.com/CL.html,71.38,0.00%,0.00,$72.00,$69.79,"15,671",$80.49,$54.36
finance/www.marketwatch.com/CMCSK.html,13.73,0.00%,0.00,$13.75,$13.39,"62,991",$22.37,$10.33
finance/www.marketwatch.com/CMA.html,22.63,0.00%,0.00,$23.15,$22.38,"46,791",$54.00,$11.72
finance/www.marketwatch.com/CA.html,17.73,0.00%,0.00,$17.99,$17.46,"75,105",$24.67,$12.00
finance/www.marketwatch.com/CSC.html,44.99,0.00%,0.00,$45.12,$44.10,"6,527",$49.37,$23.93
finance/www.marketwatch.com/CPWR.html,7.43,0.00%,0.00,$7.66,$7.31,"11,517",$11.91,$5.08
finance/www.marketwatch.com/CMVT.html,7.60,-0.39%,-0.03,$7.70,$7.50,"12,000",$18.94,$4.98
finance/www.marketwatch.com/CAG.html,19.46,0.00%,0.00,$19.69,$19.34,"7,872",$23.51,$13.52
finance/www.marketwatch.com/ED.html,37.08,0.00%,0.00,$37.15,$36.13,"8,365",$46.39,$32.56
finance/www.marketwatch.com/CEG.html,27.23,0.00%,0.00,$27.47,$26.70,"20,801",$87.04,$13.00
finance/www.marketwatch.com/CAL.html,9.09,+0.33%,+0.03,$9.46,$9.05,"11,716",$21.83,$5.91
finance/www.marketwatch.com/CVG.html,9.28,0.00%,0.00,$9.40,$9.15,"14,799",$16.99,$4.02
finance/www.marketwatch.com/CBE.html,34.13,0.00%,0.00,$34.26,$33.67,"2,398",$49.64,$18.86
finance/www.marketwatch.com/CTB.html,9.22,0.00%,0.00,$9.88,$8.95,"14,151",$12.15,$2.96
finance/www.marketwatch.com/GLW.html,15.89,-0.31%,-0.05,$15.90,$15.41,"97,709",$27.56,$7.36
finance/www.marketwatch.com/COST.html,47.03,0.00%,0.00,$47.10,$45.96,"26,361",$74.89,$38.17
finance/www.marketwatch.com/CR.html,24.06,0.00%,0.00,$24.59,$23.82,547,$42.94,$10.87
finance/www.marketwatch.com/CREE.html,28.74,0.00%,0.00,$29.36,$28.30,"4,928",$31.75,$12.57
finance/www.marketwatch.com/CCK.html,23.25,0.00%,0.00,$23.62,$23.01,"1,147",$29.60,$13.37
finance/www.marketwatch.com/CSX.html,36.52,0.00%,0.00,$36.57,$34.77,"18,362",$69.50,$20.70
finance/www.marketwatch.com/CRGN.html,1.38,0.00%,0.00,$1.39,$1.35,100,$1.48,$0.41
finance/www.marketwatch.com/CVS.html,30.35,-0.16%,-0.05,$30.36,$29.90,"48,420",$42.78,$23.19
finance/www.marketwatch.com/DHR.html,62.77,0.00%,0.00,$63.03,$62.00,"3,755",$85.00,$47.20
finance/www.marketwatch.com/DRI.html,33.80,0.00%,0.00,$33.83,$32.67,"16,727",$41.21,$13.21
finance/www.marketwatch.com/DE.html,44.77,0.00%,0.00,$44.78,$43.70,"36,043",$81.22,$24.51
finance/www.marketwatch.com/DELL.html,13.39,+0.52%,+0.07,$13.40,$13.05,"312,363",$26.04,$7.84
finance/www.marketwatch.com/DAL.html,6.40,-0.16%,-0.01,$6.74,$6.37,"390,044",$12.65,$3.51
finance/www.marketwatch.com/DEL.html,38.57,0.00%,0.00,$38.85,$37.09,"5,902",$75.08,$26.94
finance/www.marketwatch.com/DLX.html,14.71,0.00%,0.00,$14.99,$14.26,"13,492",$21.13,$6.20
finance/www.marketwatch.com/DIA.html,88.31,-0.16%,-0.14,88.33,87.37,"674,484",123.43,64.78
finance/www.marketwatch.com/DDS.html,10.04,0.00%,0.00,$10.08,$9.46,"4,627",$15.37,$2.50
finance/www.marketwatch.com/DIS.html,25.06,0.00%,0.00,$25.39,$24.52,"77,579",$34.85,$15.14
finance/www.marketwatch.com/DLTR.html,43.29,0.00%,0.00,$43.70,$42.56,"4,000",$46.74,$27.61
finance/www.marketwatch.com/D.html,33.39,0.00%,0.00,$33.52,$32.44,"41,313",$48.50,$27.15
finance/www.marketwatch.com/DOV.html,36.16,0.00%,0.00,$36.16,$35.35,"9,051",$52.43,$21.79
finance/www.marketwatch.com/DOW.html,17.34,0.00%,0.00,$17.50,$17.05,"139,635",$39.99,$5.89
finance/www.marketwatch.com/DJ.html,10.41,0.00%,0.00,$10.48,$10.09,"65,017",$18.13,$4.95
finance/www.marketwatch.com/DTE.html,31.96,0.00%,0.00,$32.10,$31.15,"9,484",$44.97,$23.32
finance/www.marketwatch.com/DUK.html,14.67,+1.02%,+0.15,$14.76,$14.25,"44,271",$19.10,$11.72
finance/www.marketwatch.com/DNB.html,83.55,0.00%,0.00,$83.70,$82.55,760,$98.90,$64.00
finance/www.marketwatch.com/DD.html,27.02,-0.07%,-0.02,$27.24,$26.61,"119,966",$48.22,$16.05
finance/www.marketwatch.com/ELNK.html,7.77,0.00%,0.00,$7.90,$7.65,"7,699",$10.16,$5.52
finance/www.marketwatch.com/EMN.html,40.65,0.00%,0.00,$41.31,$40.13,"67,435",$75.81,$17.76
finance/www.marketwatch.com/EK.html,2.95,0.00%,0.00,$2.96,$2.78,"13,052",$17.71,$2.01
finance/www.marketwatch.com/ETN.html,49.20,-0.04%,-0.02,$49.22,$48.04,"21,143",$97.93,$30.02
finance/www.marketwatch.com/EBAY.html,17.80,-0.56%,-0.10,$17.95,$17.45,"76,868",$29.33,$9.91
finance/www.marketwatch.com/ELON.html,8.06,0.00%,0.00,$8.09,$7.66,378,$15.74,$4.92
finance/www.marketwatch.com/DISH.html,15.33,0.00%,0.00,$15.71,$14.99,"119,588",$34.34,$8.34
finance/www.marketwatch.com/ECL.html,38.69,0.00%,0.00,$38.80,$37.94,"15,568",$52.16,$29.27
finance/www.marketwatch.com/EIX.html,32.49,0.00%,0.00,$32.52,$31.23,"19,105",$53.07,$23.09
finance/www.marketwatch.com/ERTS.html,21.93,+0.78%,+0.17,$22.04,$21.60,"19,541",$50.17,$14.24
finance/www.marketwatch.com/EMC.html,13.26,0.00%,0.00,$13.28,$12.74,"509,172",$16.67,$8.25
finance/www.marketwatch.com/EMR.html,35.07,0.00%,0.00,$35.08,$34.33,"18,894",$56.41,$24.39
finance/www.marketwatch.com/ETR.html,78.24,0.00%,0.00,$78.67,$74.95,"12,803",$123.14,$59.87
finance/www.marketwatch.com/ENZ.html,5.49,0.00%,0.00,$5.49,$5.30,963,$14.90,$2.70
finance/www.marketwatch.com/EFX.html,27.29,0.00%,0.00,$27.29,$26.73,"11,904",$37.29,$19.38
finance/www.marketwatch.com/XOM.html,73.78,+0.03%,+0.02,$74.16,$73.10,"517,767",$89.63,$56.51
finance/www.marketwatch.com/FRE.html,0.70,-1.43%,-0.01,$0.71,$0.69,"54,890",$24.23,$0.25
finance/www.marketwatch.com/FNM.html,0.66,0.00%,0.00,$0.67,$0.65,"133,121",$25.99,$0.30
finance/www.marketwatch.com/FDX.html,54.39,0.00%,0.00,$56.22,$53.63,"23,657",$96.99,$34.02
finance/www.marketwatch.com/FITB.html,8.03,+0.12%,+0.01,$8.03,$7.74,"110,870",$21.00,$1.01
finance/www.marketwatch.com/FE.html,40.48,0.00%,0.00,$40.60,$38.56,"10,584",$84.00,$35.26
finance/www.marketwatch.com/FLEX.html,4.40,+0.23%,+0.01,$4.60,$4.35,"30,282",$10.99,$1.23
finance/www.marketwatch.com/FLR.html,53.79,-0.45%,-0.24,$53.85,$52.80,"15,522",$101.36,$28.60
finance/www.marketwatch.com/FMC.html,52.45,0.00%,0.00,$52.81,$52.02,"6,856",$80.23,$28.53
finance/www.marketwatch.com/F.html,6.11,-0.49%,-0.03,$6.15,$5.92,"384,129",$6.75,$1.01
finance/www.marketwatch.com/FO.html,37.03,0.00%,0.00,$37.13,$36.26,"7,376",$66.72,$17.68
finance/www.marketwatch.com/FOSL.html,23.12,0.00%,0.00,$23.64,$22.66,"5,500",$33.36,$11.00
finance/www.marketwatch.com/FPL.html,57.39,0.00%,0.00,$57.90,$55.72,"9,896",$68.76,$33.81
finance/www.marketwatch.com/BEN.html,75.99,0.00%,0.00,$76.89,$74.64,818,$133.37,$37.11
finance/www.marketwatch.com/FCX.html,58.51,+0.15%,+0.09,$60.27,$58.09,"57,336",$126.64,$15.70
finance/www.marketwatch.com/FCEL.html,4.59,0.00%,0.00,$4.77,$4.50,"19,074",$8.83,$1.98
finance/www.marketwatch.com/GCI.html,4.22,0.00%,0.00,$4.27,$4.15,"47,266",$26.42,$1.85
finance/www.marketwatch.com/GPS.html,16.37,0.00%,0.00,$16.61,$15.90,"61,904",$20.80,$9.41
finance/www.marketwatch.com/GM.html,1.17,0.00%,0.00,$1.23,$1.05,"528,040",$16.76,$0.27
finance/www.marketwatch.com/GD.html,59.76,0.00%,0.00,$60.03,$58.63,"7,106",$94.41,$35.28
finance/www.marketwatch.com/GE.html,13.51,-0.22%,-0.03,$13.52,$13.29,"787,217",$30.39,$5.73
finance/www.marketwatch.com/GIS.html,54.92,0.00%,0.00,$55.11,$54.21,"5,491",$72.01,$46.37
finance/www.marketwatch.com/OSCI.html,0.27,-5.56%,-0.02,$0.32,$0.25,"68,978",$1.80,$0.06
finance/www.marketwatch.com/GPC.html,33.79,0.00%,0.00,$33.97,$33.43,"1,164",$44.20,$24.93
finance/www.marketwatch.com/G.html,11.26,0.00%,0.00,$11.26,$10.87,"5,884",$15.70,$6.30
finance/www.marketwatch.com/GR.html,53.36,0.00%,0.00,$53.36,$51.54,"37,042",$55.34,$25.11
finance/www.marketwatch.com/GT.html,12.42,-0.08%,-0.01,$13.05,$12.17,"22,955",$23.14,$3.17
finance/www.marketwatch.com/GOOG.html,424.84,-0.36%,-1.54,$427.70,$421.21,"11,722",$579.10,$247.30
finance/www.marketwatch.com/GRA.html,13.48,0.00%,0.00,$13.70,$13.28,"5,143",$28.09,$2.95
finance/www.marketwatch.com/GWW.html,83.81,0.00%,0.00,$83.96,$82.91,"10,856",$93.99,$58.86
finance/www.marketwatch.com/GAP.html,4.98,0.00%,0.00,$5.00,$4.76,"7,035",$25.39,$3.01
finance/www.marketwatch.com/GES.html,26.56,0.00%,0.00,$26.67,$25.35,"8,164",$43.13,$10.26
finance/www.marketwatch.com/HAL.html,23.99,-0.42%,-0.10,$24.13,$23.60,"97,948",$55.38,$12.80
finance/www.marketwatch.com/HIG.html,12.95,-0.08%,-0.01,$13.60,$12.80,"151,986",$73.89,$3.33
finance/www.marketwatch.com/HAS.html,25.09,+0.64%,+0.16,$25.65,$24.74,"17,724",$41.68,$21.14
finance/www.marketwatch.com/HLTH.html,11.92,0.00%,0.00,$12.01,$11.62,"16,412",$12.70,$6.80
finance/www.marketwatch.com/HNZ.html,36.32,0.00%,0.00,$36.46,$35.84,"1,870",$53.00,$30.51
finance/www.marketwatch.com/HELX.html,5.06,0.00%,0.00,$5.06,$4.93,"23,900",$11.30,$2.52
finance/www.marketwatch.com/HP.html,34.92,0.00%,0.00,$35.13,$33.86,"33,995",$77.24,$17.01
finance/www.marketwatch.com/HSY.html,35.39,0.00%,0.00,$35.45,$34.90,"2,416",$44.32,$30.27
finance/www.marketwatch.com/HD.html,24.15,0.00%,0.00,$24.24,$23.83,"90,845",$30.74,$17.05
finance/www.marketwatch.com/HMC.html,28.86,-0.49%,-0.14,$28.89,$28.51,"1,700",$36.29,$17.35
finance/www.marketwatch.com/HON.html,35.41,-0.54%,-0.19,$35.67,$35.05,"10,674",$56.88,$23.06
finance/www.marketwatch.com/HOTT.html,7.14,0.00%,0.00,$7.30,$6.95,"47,271",$13.87,$4.61
finance/www.marketwatch.com/HGSI.html,2.89,-1.38%,-0.04,$3.00,$2.77,"40,418",$8.00,$0.45
finance/www.marketwatch.com/HUM.html,29.41,0.00%,0.00,$29.63,$28.44,888,$51.39,$18.57
finance/www.marketwatch.com/HBAN.html,4.15,+10.84%,+0.45,$4.26,$4.11,3.51m,$13.50,$1.00
finance/www.marketwatch.com/ITW.html,38.08,0.00%,0.00,$38.19,$37.28,"3,018",$51.00,$25.60
finance/www.marketwatch.com/RX.html,13.29,0.00%,0.00,$13.35,$12.33,"30,116",$23.93,$9.63
finance/www.marketwatch.com/N.html,11.84,-1.76%,-0.21,$11.91,$11.15,"20,600",$22.25,$5.43
finance/www.marketwatch.com/INCY.html,3.33,0.00%,0.00,$3.35,$3.23,"8,562",$10.42,$1.85
finance/www.marketwatch.com/INSP.html,7.21,0.00%,0.00,$7.28,$7.00,"1,386",$11.94,$5.07
finance/www.marketwatch.com/INFY.html,37.12,0.00%,0.00,$37.13,$36.30,"14,324",$47.41,$21.10
finance/www.marketwatch.com/IR.html,23.05,+0.04%,+0.01,$23.06,$22.44,"87,284",$41.14,$11.46
finance/www.marketwatch.com/INTC.html,16.31,-0.18%,-0.03,$16.31,$16.02,"271,599",$24.75,$12.05
finance/www.marketwatch.com/ICGE.html,6.07,0.00%,0.00,$6.13,$5.97,"3,438",$9.84,$3.04
finance/www.marketwatch.com/IPG.html,6.00,0.00%,0.00,$6.00,$5.83,"4,012",$9.69,$2.57
finance/www.marketwatch.com/ISIL.html,13.02,0.00%,0.00,$13.25,$12.77,"12,232",$27.34,$7.18
finance/www.marketwatch.com/IBM.html,108.21,+0.15%,+0.16,$109.28,$107.75,"68,234",$130.93,$69.50
finance/www.marketwatch.com/IFF.html,32.96,0.00%,0.00,$33.15,$32.55,"6,984",$45.21,$24.72
finance/www.marketwatch.com/IP.html,15.81,0.00%,0.00,$15.85,$15.01,"113,655",$31.07,$3.93
finance/www.marketwatch.com/INTU.html,28.64,0.00%,0.00,$28.64,$28.01,"21,083",$32.00,$20.18
finance/www.marketwatch.com/ITT.html,46.66,0.00%,0.00,$46.73,$45.55,"5,842",$69.73,$31.94
finance/www.marketwatch.com/JBL.html,7.55,0.00%,0.00,$7.61,$7.40,"13,687",$18.78,$3.10
finance/www.marketwatch.com/JKHY.html,19.09,0.00%,0.00,$19.12,$18.83,"7,994",$24.45,$14.29
finance/www.marketwatch.com/JNJ.html,56.06,0.00%,0.00,$56.54,$55.72,"67,991",$72.76,$46.25
finance/www.marketwatch.com/JCI.html,21.57,0.00%,0.00,$21.91,$21.09,"15,783",$36.00,$8.35
finance/www.marketwatch.com/JNPR.html,23.87,-0.17%,-0.04,$23.93,$23.43,"26,189",$27.65,$12.43
finance/www.marketwatch.com/KBH.html,14.09,0.00%,0.00,$14.50,$13.82,"3,052",$25.43,$6.90
finance/www.marketwatch.com/KEI.html,3.99,0.00%,0.00,$4.51,$3.99,"1,348",$10.65,$1.86
finance/www.marketwatch.com/K.html,44.55,0.00%,0.00,$44.61,$43.50,"6,466",$58.51,$35.64
finance/www.marketwatch.com/KEY.html,6.10,+0.66%,+0.04,$6.17,$5.92,"153,026",$18.48,$4.40
finance/www.marketwatch.com/KEYN.html,8.73,0.00%,0.00,$8.88,$8.41,808,$14.31,$6.34
finance/www.marketwatch.com/KMB.html,52.73,0.00%,0.00,$52.95,$52.15,"7,150",$66.66,$43.05
finance/www.marketwatch.com/KLAC.html,25.88,0.00%,0.00,$26.57,$25.41,"35,007",$43.06,$14.81
finance/www.marketwatch.com/KSS.html,46.59,0.00%,0.00,$46.68,$45.15,"1,940",$56.00,$24.28
finance/www.marketwatch.com/KKD.html,3.44,0.00%,0.00,$3.45,$3.31,"31,618",$5.65,$1.01
finance/www.marketwatch.com/KR.html,21.72,0.00%,0.00,$21.90,$21.49,"13,280",$30.99,$19.39
finance/www.marketwatch.com/KSWS.html,8.86,0.00%,0.00,$8.91,$8.51,584,$20.76,$6.44
finance/www.marketwatch.com/KYO.html,76.94,+0.01%,+0.00,$77.29,$76.45,500,$100.78,$45.41
finance/www.marketwatch.com/LRCX.html,25.64,0.00%,0.00,$26.02,$24.81,"22,653",$40.42,$14.72
finance/www.marketwatch.com/LEG.html,15.50,0.00%,0.00,$15.76,$15.22,"19,539",$24.60,$10.03
finance/www.marketwatch.com/LEH.html,0.05,0.00%,0.00,$0.05,$0.05,"5,000",$28.21,$0.01
finance/www.marketwatch.com/LXK.html,16.27,0.00%,0.00,$16.54,$16.12,"13,001",$37.01,$14.82
finance/www.marketwatch.com/LLY.html,34.29,0.00%,0.00,$34.84,$34.07,"167,719",$49.78,$27.21
finance/www.marketwatch.com/LNC.html,17.75,+0.56%,+0.10,$18.77,$17.20,"75,741",$59.99,$4.76
finance/www.marketwatch.com/LLTC.html,23.59,-0.04%,-0.01,$23.80,$23.03,"23,580",$34.49,$17.69
finance/www.marketwatch.com/LIZ.html,4.63,0.00%,0.00,$4.99,$4.54,"9,724",$20.14,$1.46
finance/www.marketwatch.com/LMT.html,82.77,0.00%,0.00,$82.88,$81.61,"7,175",$120.30,$57.41
finance/www.marketwatch.com/LPX.html,4.42,0.00%,0.00,$4.42,$4.18,"59,744",$11.75,$1.03
finance/www.marketwatch.com/LOW.html,19.85,-0.40%,-0.08,$19.93,$19.54,"20,566",$28.49,$13.00
finance/www.marketwatch.com/MAR.html,24.01,0.00%,0.00,$24.20,$23.63,"4,989",$30.27,$11.88
finance/www.marketwatch.com/MMC.html,20.64,0.00%,0.00,$20.66,$20.30,"4,626",$36.82,$17.18
finance/www.marketwatch.com/MSO.html,3.27,0.00%,0.00,$3.33,$3.21,323,$9.99,$1.60
finance/www.marketwatch.com/MAS.html,9.93,0.00%,0.00,$10.06,$9.64,"34,496",$22.00,$3.64
finance/www.marketwatch.com/MAT.html,16.28,0.00%,0.00,$16.43,$16.00,"11,211",$21.95,$10.36
finance/www.marketwatch.com/MXIM.html,16.51,0.00%,0.00,$16.62,$16.26,"20,586",$22.80,$10.72
finance/www.marketwatch.com/MBI.html,5.85,0.00%,0.00,$5.95,$5.71,"34,982",$19.08,$2.17
finance/www.marketwatch.com/MDR.html,23.28,+0.30%,+0.07,$23.83,$23.06,"51,775",$64.82,$5.98
finance/www.marketwatch.com/MCD.html,58.36,+0.27%,+0.16,$58.48,$57.50,"55,726",$67.00,$45.79
finance/www.marketwatch.com/MHP.html,31.99,0.00%,0.00,$31.99,$31.32,"14,361",$47.13,$17.15
finance/www.marketwatch.com/MCK.html,42.98,0.00%,0.00,$43.16,$42.24,"15,104",$60.45,$28.27
finance/www.marketwatch.com/MEDX.html,7.28,0.00%,0.00,$7.39,$7.21,"5,800",$10.12,$3.40
finance/www.marketwatch.com/MDT.html,33.62,0.00%,0.00,$33.83,$33.23,"12,776",$56.97,$24.06
finance/www.marketwatch.com/MRK.html,26.08,0.00%,0.00,$27.07,$25.68,"183,309",$38.90,$20.05
finance/www.marketwatch.com/MERQ.html,37.76,+0.03%,+0.01,$37.80,$37.05,"90,645",$49.20,$25.39
finance/www.marketwatch.com/MDP.html,28.20,-1.44%,-0.41,$28.47,$27.33,"3,000",$31.31,$10.60
finance/www.marketwatch.com/MET.html,31.08,0.00%,0.00,$32.09,$30.50,"44,782",$65.50,$11.37
finance/www.marketwatch.com/MGM.html,7.13,-0.14%,-0.01,$7.15,$6.71,"72,354",$43.64,$1.81
finance/www.marketwatch.com/MTG.html,4.80,0.00%,0.00,$4.94,$4.68,"17,584",$12.50,$0.70
finance/www.marketwatch.com/MU.html,5.47,+0.18%,+0.01,$5.62,$5.19,"513,108",$7.92,$1.59
finance/www.marketwatch.com/MSFT.html,23.33,+0.26%,+0.06,$23.38,$22.74,"446,930",$29.57,$14.87
finance/www.marketwatch.com/MSTR.html,48.80,0.00%,0.00,$49.04,$48.16,615,$75.89,$30.55
finance/www.marketwatch.com/MIL.html,67.48,0.00%,0.00,$67.62,$66.79,"1,528",$76.92,$43.36
finance/www.marketwatch.com/MMM.html,61.00,0.00%,0.00,$61.00,$59.91,"130,481",$76.53,$40.87
finance/www.marketwatch.com/MOLX.html,16.56,0.00%,0.00,$16.74,$16.26,"13,570",$27.99,$9.68
finance/www.marketwatch.com/JPM.html,35.13,0.00%,0.00,$35.44,$34.80,"108,730",$50.63,$14.96
finance/www.marketwatch.com/MOT.html,6.73,0.00%,0.00,$6.81,$6.55,"174,650",$10.50,$2.98
finance/www.marketwatch.com/MYGN.html,37.75,0.00%,0.00,$37.79,$37.05,"4,978",$47.08,$22.28
finance/www.marketwatch.com/QQQ.html,36.65,-0.11%,-0.04,36.72,36.20,2.27m,49.06,25.05
finance/www.marketwatch.com/NSM.html,13.59,-0.59%,-0.08,$14.32,$13.20,"137,641",$24.21,$9.02
finance/www.marketwatch.com/NAV.html,45.89,-0.49%,-0.23,$46.15,$45.00,"50,100",$76.00,$15.24
finance/www.marketwatch.com/NCR.html,12.74,0.00%,0.00,$12.76,$12.31,"32,923",$28.09,$6.62
finance/www.marketwatch.com/NTAP.html,20.14,-0.70%,-0.14,$20.16,$19.32,"242,352",$26.78,$10.39
finance/www.marketwatch.com/NYT.html,6.29,0.00%,0.00,$6.40,$6.17,"15,735",$16.97,$3.44
finance/www.marketwatch.com/NWL.html,10.80,0.00%,0.00,$11.07,$10.38,"10,646",$21.38,$4.51
finance/www.marketwatch.com/NEM.html,42.71,+0.47%,+0.20,$43.36,$42.15,"108,314",$53.77,$21.17
finance/www.marketwatch.com/NEWP.html,6.75,-0.15%,-0.01,$6.75,$6.43,"2,437",$13.34,$2.93
finance/www.marketwatch.com/NXTL.html,5.29,-0.38%,-0.02,$5.44,$5.02,"295,659",$9.75,$1.35
finance/www.marketwatch.com/NXTP.html,5.29,-0.38%,-0.02,$5.44,$5.02,"295,659",$9.75,$1.35
finance/www.marketwatch.com/GAS.html,35.22,0.00%,0.00,$35.36,$34.42,"1,676",$51.99,$27.50
finance/www.marketwatch.com/NKE.html,56.61,0.00%,0.00,$56.99,$55.65,"20,597",$69.72,$38.24
finance/www.marketwatch.com/NIKU.html,17.73,0.00%,0.00,$17.99,$17.46,"75,105",$24.67,$12.00
finance/www.marketwatch.com/NOK.html,15.66,+0.13%,+0.02,$15.69,$15.35,"78,778",$28.34,$8.47
finance/www.marketwatch.com/JWN.html,20.77,0.00%,0.00,$20.84,$19.95,849,$37.00,$6.61
finance/www.marketwatch.com/NSC.html,41.23,0.00%,0.00,$41.40,$40.03,"5,743",$75.53,$26.69
finance/www.marketwatch.com/NTRS.html,55.19,+0.11%,+0.06,$55.49,$54.44,"35,024",$88.92,$33.88
finance/www.marketwatch.com/NOC.html,48.72,0.00%,0.00,$49.02,$47.80,"12,077",$73.06,$33.81
finance/www.marketwatch.com/NOVL.html,4.15,0.00%,0.00,$4.18,$4.07,"15,235",$6.62,$2.49
finance/www.marketwatch.com/NVLS.html,18.23,0.00%,0.00,$18.50,$17.78,"13,679",$23.50,$10.26
finance/www.marketwatch.com/NUE.html,47.50,0.00%,0.00,$48.29,$47.06,"22,449",$79.24,$25.25
finance/www.marketwatch.com/NVDA.html,11.51,-0.78%,-0.09,$11.55,$11.14,"39,126",$22.15,$5.75
finance/www.marketwatch.com/OXY.html,68.97,+0.16%,+0.11,$69.97,$68.25,"129,769",$92.49,$39.93
finance/www.marketwatch.com/ODP.html,4.80,0.00%,0.00,$4.91,$4.67,"1,274",$13.04,$0.59
finance/www.marketwatch.com/OMC.html,32.45,0.00%,0.00,$32.57,$31.85,"5,694",$47.58,$20.09
finance/www.marketwatch.com/OKE.html,30.00,0.00%,0.00,$30.18,$29.68,"2,908",$50.42,$18.10
finance/www.marketwatch.com/ORCL.html,20.85,0.00%,0.00,$21.00,$19.47,"155,428",$23.62,$13.80
finance/www.marketwatch.com/OSIS.html,17.24,0.00%,0.00,$17.24,$16.67,"12,670",$25.56,$10.15
finance/www.marketwatch.com/OI.html,30.16,0.00%,0.00,$30.33,$29.44,"9,507",$53.01,$9.53
finance/www.marketwatch.com/PCAR.html,33.27,+0.03%,+0.01,$33.94,$32.81,"53,281",$48.10,$20.38
finance/www.marketwatch.com/PSUN.html,3.57,0.00%,0.00,$3.76,$3.54,"10,664",$10.29,$0.72
finance/www.marketwatch.com/PTV.html,21.80,0.00%,0.00,$22.05,$21.51,"15,849",$65.20,$10.62
finance/www.marketwatch.com/PLL.html,27.14,0.00%,0.00,$27.56,$26.69,999,$43.19,$18.20
finance/www.marketwatch.com/PZZA.html,25.10,0.00%,0.00,$25.17,$24.41,681,$30.68,$12.78
finance/www.marketwatch.com/PMTC.html,12.30,0.00%,0.00,$12.30,$11.89,"4,429",$21.54,$7.18
finance/www.marketwatch.com/PH.html,46.19,0.00%,0.00,$46.20,$45.31,"42,154",$79.96,$27.69
finance/www.marketwatch.com/PAYX.html,27.57,0.00%,0.00,$27.97,$26.95,"65,298",$35.53,$20.31
finance/www.marketwatch.com/PSS.html,13.85,-2.47%,-0.34,$13.95,$13.10,"19,388",$21.00,$3.85
finance/www.marketwatch.com/CRA.html,7.94,0.00%,0.00,$8.38,$7.81,"10,420",$17.56,$5.03
finance/www.marketwatch.com/JCP.html,29.16,+0.14%,+0.04,$29.24,$27.60,"117,194",$44.20,$13.71
finance/www.marketwatch.com/PBY.html,9.70,0.00%,0.00,$10.08,$9.58,"2,494",$10.36,$2.62
finance/www.marketwatch.com/PBG.html,33.57,0.00%,0.00,$33.75,$32.80,640,$34.83,$15.78
finance/www.marketwatch.com/PEP.html,53.65,0.00%,0.00,$53.85,$52.60,"31,359",$75.25,$43.78
finance/www.marketwatch.com/PKI.html,17.32,0.00%,0.00,$17.42,$16.96,"7,378",$29.95,$10.88
finance/www.marketwatch.com/PFE.html,14.76,0.00%,0.00,$15.07,$14.51,"727,899",$20.13,$11.62
finance/www.marketwatch.com/PCG.html,38.04,0.00%,0.00,$38.26,$37.31,"7,810",$42.98,$26.67
finance/www.marketwatch.com/PD.html,58.51,+0.15%,+0.09,$60.27,$58.09,"57,336",$126.64,$15.70
finance/www.marketwatch.com/MO.html,16.64,-0.12%,-0.02,$16.89,$16.52,"36,864",$21.86,$14.34
finance/www.marketwatch.com/PHG.html,19.21,-0.49%,-0.09,$19.26,$18.93,500,$37.21,$13.91
finance/www.marketwatch.com/PNW.html,29.77,0.00%,0.00,$29.96,$28.58,"5,670",$37.88,$22.32
finance/www.marketwatch.com/PBI.html,22.06,0.00%,0.00,$22.19,$21.79,"10,525",$39.98,$17.62
finance/www.marketwatch.com/PLUG.html,1.05,0.00%,0.00,$1.13,$1.02,"1,481",$2.95,$0.64
finance/www.marketwatch.com/PMCS.html,7.76,-0.13%,-0.01,$8.08,$7.67,"295,614",$9.95,$2.82
finance/www.marketwatch.com/PNC.html,41.34,-0.51%,-0.21,$42.67,$41.00,"34,509",$87.99,$16.20
finance/www.marketwatch.com/RL.html,53.45,0.00%,0.00,$54.25,$52.33,"4,062",$82.02,$31.22
finance/www.marketwatch.com/PCH.html,27.30,0.00%,0.00,$27.44,$26.50,"65,863",$54.79,$18.00
finance/www.marketwatch.com/PWAV.html,1.62,-1.23%,-0.02,$1.65,$1.56,"3,225",$5.30,$0.22
finance/www.marketwatch.com/PPG.html,45.13,0.00%,0.00,$45.76,$44.88,"12,955",$69.89,$28.16
finance/www.marketwatch.com/PPL.html,33.30,0.00%,0.00,$33.51,$32.66,"11,214",$54.00,$24.25
finance/www.marketwatch.com/PX.html,74.74,0.00%,0.00,$75.68,$73.53,"44,679",$99.74,$47.40
finance/www.marketwatch.com/PCLN.html,115.31,0.00%,0.00,$115.99,$113.19,"9,811",$134.50,$45.15
finance/www.marketwatch.com/PG.html,52.55,0.00%,0.00,$52.77,$51.73,"72,165",$73.57,$43.93
finance/www.marketwatch.com/PGR.html,15.53,0.00%,0.00,$16.09,$15.35,"13,471",$21.31,$9.76
finance/www.marketwatch.com/PDLI.html,7.91,0.00%,0.00,$7.95,$7.74,"10,984",$12.70,$5.20
finance/www.marketwatch.com/PEG.html,32.54,0.00%,0.00,$32.96,$31.97,"7,770",$47.33,$22.09
finance/www.marketwatch.com/PHM.html,8.82,-0.79%,-0.07,$8.94,$8.63,"244,660",$23.24,$6.49
finance/www.marketwatch.com/QLGC.html,13.74,0.00%,0.00,$13.87,$13.38,"8,174",$20.21,$8.69
finance/www.marketwatch.com/QCOM.html,46.05,0.00%,0.00,$46.39,$45.08,"96,689",$56.88,$28.16
finance/www.marketwatch.com/QSFT.html,14.16,0.00%,0.00,$14.21,$13.84,"14,389",$16.23,$10.31
finance/www.marketwatch.com/ZQK.html,2.39,-1.67%,-0.04,$2.45,$2.32,"33,771",$10.34,$0.80
finance/www.marketwatch.com/RSH.html,15.11,-0.40%,-0.06,$15.20,$14.57,"20,901",$19.90,$6.47
finance/www.marketwatch.com/RMBS.html,17.39,0.00%,0.00,$17.81,$16.55,"27,868",$21.87,$4.95
finance/www.marketwatch.com/RTN.html,45.31,0.00%,0.00,$45.69,$44.93,"39,879",$64.00,$33.20
finance/www.marketwatch.com/REGN.html,16.36,0.00%,0.00,$16.42,$15.68,"5,595",$25.00,$11.81
finance/www.marketwatch.com/RIMM.html,83.02,+0.76%,+0.63,$84.87,$82.60,"93,568",$148.13,$35.05
finance/www.marketwatch.com/RMD.html,40.11,0.00%,0.00,$40.13,$39.01,"2,839",$50.58,$28.90
finance/www.marketwatch.com/RFMD.html,3.57,+0.84%,+0.03,$3.59,$3.33,"34,229",$3.98,$0.70
finance/www.marketwatch.com/ROK.html,33.44,0.00%,0.00,$33.44,$32.61,"3,790",$56.12,$17.50
finance/www.marketwatch.com/RDC.html,23.19,0.00%,0.00,$23.33,$22.55,"4,843",$47.94,$10.28
finance/www.marketwatch.com/R.html,30.39,0.00%,0.00,$31.18,$29.53,"7,087",$75.09,$19.00
finance/www.marketwatch.com/SWY.html,21.26,0.00%,0.00,$21.28,$20.80,"47,901",$31.39,$17.19
finance/www.marketwatch.com/SLAB.html,37.86,+0.11%,+0.04,$37.99,$36.99,"7,677",$39.24,$17.05
finance/www.marketwatch.com/SNDK.html,15.55,0.00%,0.00,$15.61,$14.88,"144,609",$24.97,$5.07
finance/www.marketwatch.com/SANM.html,0.67,+0.01%,+0.00,$0.68,$0.65,"8,174",$2.66,$0.18
finance/www.marketwatch.com/SAPE.html,5.64,0.00%,0.00,$5.71,$5.50,"1,119",$9.97,$3.25
finance/www.marketwatch.com/SLE.html,9.01,0.00%,0.00,$9.13,$8.95,"29,425",$15.07,$6.80
finance/www.marketwatch.com/SBC.html,25.01,+0.04%,+0.01,$25.05,$24.59,"797,498",$36.80,$20.90
finance/www.marketwatch.com/SGP.html,23.82,0.00%,0.00,$24.43,$23.59,"72,459",$24.67,$11.97
finance/www.marketwatch.com/SLB.html,60.27,0.00%,0.00,$61.19,$59.21,"76,410",$111.95,$35.05
finance/www.marketwatch.com/SEE.html,19.12,0.00%,0.00,$19.22,$18.80,"4,315",$25.32,$10.38
finance/www.marketwatch.com/S.html,5.29,-0.38%,-0.02,$5.44,$5.02,"295,659",$9.75,$1.35
finance/www.marketwatch.com/SRE.html,49.04,0.00%,0.00,$49.15,$47.66,"4,121",$58.99,$34.29
finance/www.marketwatch.com/SHW.html,55.10,0.00%,0.00,$55.45,$54.25,"12,339",$65.00,$42.19
finance/www.marketwatch.com/SEBL.html,20.85,0.00%,0.00,$21.00,$19.47,"155,428",$23.62,$13.80
finance/www.marketwatch.com/SIAL.html,50.35,+0.18%,+0.09,$50.75,$49.97,"14,401",$62.74,$31.45
finance/www.marketwatch.com/SILI.html,6.60,0.00%,0.00,$6.92,$6.49,"6,789",$10.27,$2.15
finance/www.marketwatch.com/SKX.html,9.58,0.00%,0.00,$9.58,$9.37,"2,433",$24.00,$5.20
finance/www.marketwatch.com/SLM.html,8.69,+0.35%,+0.03,$8.85,$8.35,"93,104",$25.05,$3.11
finance/www.marketwatch.com/SNA.html,32.15,0.00%,0.00,$32.19,$31.45,968,$60.32,$20.51
finance/www.marketwatch.com/SNE.html,27.29,-0.22%,-0.06,$27.34,$27.00,108,$49.91,$15.64
finance/www.marketwatch.com/SO.html,30.55,0.00%,0.00,$30.80,$29.61,"22,825",$40.00,$26.48
finance/www.marketwatch.com/LUV.html,6.61,-0.76%,-0.05,$6.73,$6.53,"53,411",$16.77,$4.95
finance/www.marketwatch.com/STJ.html,37.85,0.00%,0.00,$38.50,$37.65,"48,684",$48.49,$24.98
finance/www.marketwatch.com/SWK.html,37.21,0.00%,0.00,$37.26,$36.33,"6,662",$49.58,$22.61
finance/www.marketwatch.com/SPLS.html,21.13,-0.09%,-0.02,$21.16,$20.26,"68,784",$26.57,$13.57
finance/www.marketwatch.com/SBUX.html,14.55,+0.21%,+0.03,$14.56,$14.02,"153,167",$18.56,$7.06
finance/www.marketwatch.com/STT.html,47.56,+0.08%,+0.04,$47.89,$46.92,"23,714",$74.85,$14.43
finance/www.marketwatch.com/SUN.html,26.43,-0.19%,-0.05,$26.73,$26.15,"56,125",$49.44,$21.30
finance/www.marketwatch.com/STI.html,16.69,0.00%,0.00,$17.29,$16.51,"85,714",$64.00,$6.00
finance/www.marketwatch.com/SVU.html,16.38,-0.06%,-0.01,$16.63,$16.02,"15,491",$33.98,$8.59
finance/www.marketwatch.com/SNV.html,3.60,+1.94%,+0.07,$3.69,$3.25,"10,475",$14.92,$2.30
finance/www.marketwatch.com/SYY.html,23.94,0.00%,0.00,$23.94,$23.42,"3,759",$35.00,$19.39
finance/www.marketwatch.com/TROW.html,43.16,0.00%,0.00,$43.25,$42.37,"1,888",$70.20,$20.09
finance/www.marketwatch.com/TGT.html,40.38,0.00%,0.00,$40.46,$39.01,"122,645",$59.55,$25.00
finance/www.marketwatch.com/TEK.html,62.77,0.00%,0.00,$63.03,$62.00,"3,755",$85.00,$47.20
finance/www.marketwatch.com/TLAB.html,5.82,0.00%,0.00,$5.91,$5.76,"102,478",$6.02,$3.10
finance/www.marketwatch.com/TIN.html,13.00,0.00%,0.00,$13.00,$12.65,"23,186",$20.49,$2.34
finance/www.marketwatch.com/THC.html,3.06,+0.65%,+0.02,$3.45,$3.03,"131,906",$6.70,$0.78
finance/www.marketwatch.com/TER.html,7.05,-0.85%,-0.06,$7.19,$6.85,"9,322",$12.01,$2.80
finance/www.marketwatch.com/TXN.html,20.79,-0.67%,-0.14,$20.81,$20.20,"51,932",$30.66,$13.38
finance/www.marketwatch.com/TXT.html,11.48,-0.17%,-0.02,$11.55,$11.08,"3,211",$59.33,$3.57
finance/www.marketwatch.com/LTD.html,12.81,0.00%,0.00,$12.83,$12.00,"77,156",$22.16,$5.98
finance/www.marketwatch.com/TMO.html,41.79,0.00%,0.00,$42.01,$41.29,"4,111",$62.77,$26.65
finance/www.marketwatch.com/TNB.html,31.98,0.00%,0.00,$32.20,$30.90,"8,480",$48.19,$15.79
finance/www.marketwatch.com/TIBX.html,6.53,0.00%,0.00,$6.69,$6.48,"16,764",$8.78,$3.45
finance/www.marketwatch.com/TIF.html,27.29,0.00%,0.00,$28.08,$27.01,"15,689",$47.93,$16.70
finance/www.marketwatch.com/TBL.html,14.43,0.00%,0.00,$14.71,$13.94,"13,238",$19.41,$7.19
finance/www.marketwatch.com/TKR.html,18.87,0.00%,0.00,$19.10,$18.59,760,$37.46,$9.88
finance/www.marketwatch.com/TJX.html,30.73,0.00%,0.00,$30.86,$29.36,"3,994",$37.52,$17.80
finance/www.marketwatch.com/TMK.html,38.28,+0.03%,+0.01,$39.20,$37.74,684,$66.00,$16.16
finance/www.marketwatch.com/TM.html,78.84,-0.57%,-0.45,$78.84,$78.00,400,$104.40,$55.41
finance/www.marketwatch.com/RIG.html,82.58,-0.11%,-0.09,$83.67,$81.60,"6,379",$154.90,$41.95
finance/www.marketwatch.com/YUM.html,35.01,+0.66%,+0.23,$35.05,$33.98,"7,252",$40.25,$21.50
finance/www.marketwatch.com/TUP.html,26.37,0.00%,0.00,$26.61,$25.83,"4,000",$41.33,$10.91
finance/www.marketwatch.com/TYC.html,27.47,-0.28%,-0.08,$27.62,$27.15,"3,311",$46.26,$15.17
finance/www.marketwatch.com/USB.html,18.58,-0.43%,-0.08,$18.63,$18.26,"21,515",$42.23,$8.06
finance/www.marketwatch.com/UNP.html,54.36,+0.35%,+0.19,$54.41,$52.66,"3,341",$85.80,$33.28
finance/www.marketwatch.com/UIS.html,1.48,0.00%,0.00,$1.48,$1.40,"3,062",$4.70,$0.28
finance/www.marketwatch.com/UPS.html,50.53,0.00%,0.00,$51.74,$50.08,"26,687",$70.00,$37.99
finance/www.marketwatch.com/USM.html,41.01,-1.96%,-0.80,$41.07,$39.83,"8,000",$63.00,$27.18
finance/www.marketwatch.com/UTX.html,55.84,0.00%,0.00,$55.97,$54.77,"49,889",$69.37,$37.40
finance/www.marketwatch.com/UNH.html,24.21,+0.33%,+0.08,$24.43,$23.48,"34,031",$33.49,$14.51
finance/www.marketwatch.com/UVV.html,36.89,0.00%,0.00,$37.47,$36.53,"9,192",$56.00,$25.35
finance/www.marketwatch.com/UNM.html,16.86,0.00%,0.00,$16.96,$16.47,"59,298",$28.52,$7.61
finance/www.marketwatch.com/MRO.html,32.42,0.00%,0.00,$32.52,$31.93,"84,212",$53.98,$19.34
finance/www.marketwatch.com/X.html,39.32,+0.08%,+0.03,$41.17,$38.80,"799,734",$196.00,$16.66
finance/www.marketwatch.com/UTSI.html,1.93,0.00%,0.00,$2.09,$1.90,"1,680",$5.94,$0.63
finance/www.marketwatch.com/VRSN.html,19.24,0.00%,0.00,$19.40,$18.92,"15,100",$41.03,$16.23
finance/www.marketwatch.com/VZ.html,29.92,+0.17%,+0.05,$30.06,$29.61,"55,787",$37.56,$23.07
finance/www.marketwatch.com/VFC.html,58.40,0.00%,0.00,$59.33,$58.15,"2,808",$84.60,$38.22
finance/www.marketwatch.com/VIA.html,25.00,-0.97%,-0.24,$25.02,$24.33,600,$33.87,$13.00
finance/www.marketwatch.com/VC.html,30.25,0.00%,0.00,$30.35,$29.15,"232,067",$52.00,$17.31
finance/www.marketwatch.com/VOD.html,19.00,-0.29%,-0.06,$19.05,$18.72,"6,900",$31.21,$15.30
finance/www.marketwatch.com/VMC.html,47.20,-0.61%,-0.29,$47.21,$42.93,"648,388",$100.25,$34.30
finance/www.marketwatch.com/WAG.html,31.18,0.00%,0.00,$31.18,$30.58,"37,114",$37.85,$21.28
finance/www.marketwatch.com/WMT.html,49.84,-0.08%,-0.04,$49.86,$49.21,"62,447",$63.85,$46.25
finance/www.marketwatch.com/WMI.html,28.60,0.00%,0.00,$28.67,$28.19,"52,056",$39.25,$22.10
finance/www.marketwatch.com/WLP.html,46.72,0.00%,0.00,$47.70,$45.15,"12,198",$57.86,$27.50
finance/www.marketwatch.com/WFC.html,25.48,-0.12%,-0.03,$25.50,$24.78,"245,388",$44.69,$7.80
finance/www.marketwatch.com/WEN.html,3.98,-1.26%,-0.05,$4.13,$3.83,"158,494",$7.34,$2.63
finance/www.marketwatch.com/WY.html,34.18,0.00%,0.00,$34.30,$33.51,"2,208",$65.50,$18.67
finance/www.marketwatch.com/WHR.html,43.73,0.00%,0.00,$43.73,$41.97,"55,850",$91.87,$19.19
finance/www.marketwatch.com/WMB.html,17.31,0.00%,0.00,$17.57,$17.20,"80,156",$40.75,$9.52
finance/www.marketwatch.com/WOR.html,14.85,0.00%,0.00,$15.23,$14.31,"13,128",$26.14,$6.99
finance/www.marketwatch.com/WWE.html,13.59,0.00%,0.00,$13.59,$13.14,"3,771",$17.13,$8.76
finance/www.marketwatch.com/XRX.html,6.98,0.00%,0.00,$7.14,$6.80,"7,225",$14.62,$4.12
finance/www.marketwatch.com/XLNX.html,20.91,0.00%,0.00,$21.39,$20.44,"82,188",$28.20,$14.28
finance/www.marketwatch.com/YHOO.html,16.40,-0.37%,-0.06,$16.47,$16.10,"472,251",$26.33,$8.94
finance/www.marketwatch.com/ZIGO.html,5.43,+0.18%,+0.01,$5.72,$5.33,195,$13.79,$3.06
