url,STRING : TITLE,STRING : BINDING,STRING : AUTHOR,STRING : PUBLISHER,DATE : DATE,ISBN : ISBN13
book/www.bookdepository.co.uk/0001049307.html,Love and War in the Apennines,Audio cassette,Eric Newby,HarperCollins Audio,23 October 1995,9780001049307
book/www.bookdepository.co.uk/0001049314.html,A Short Walk in the Hindu Kush,Audio cassette,Eric Newby,HarperCollins Audio,23 October 1995,9780001049314
book/www.bookdepository.co.uk/0001049321.html,The Poetry of Wordsworth: Unabridged,Audio cassette,William Wordsworth,HarperCollins Audio,21 August 1995,9780001049321
book/www.bookdepository.co.uk/0001049345.html,Poems and Letters of Emily Dickinson,Audio cassette,Emily Dickinson,HarperCollins Audio,25 September 1995,9780001049345
book/www.bookdepository.co.uk/0001049352.html,Uncle Tom's Cabin,Audio cassette,Harriet Beecher Stowe,HarperCollins Audio,01 September 1999,9780001049352
book/www.bookdepository.co.uk/0001049406.html,Perfect Love,Audio cassette,Elizabeth Buchan,HarperCollins Audio,24 July 1995,9780001049406
book/www.bookdepository.co.uk/0001049413.html,Consider the Lily,Audio cassette,Elizabeth Buchan,HarperCollins Audio,24 July 1995,9780001049413
book/www.bookdepository.co.uk/0001049420.html,Nigel Mansell: My Autobiography,Audio cassette,Nigel Mansell,HarperCollins Audio,02 October 1995,9780001049420
book/www.bookdepository.co.uk/0001049451.html,Nest of Vipers,Audio cassette,Linda Davies,HarperCollins Audio,21 August 1995,9780001049451
book/www.bookdepository.co.uk/0001049468.html,Wilderness of Mirrors,Audio cassette,Linda Davies,HarperCollins Audio,22 January 1996,9780001049468
book/www.bookdepository.co.uk/0001049680.html,House of Echoes,Audio cassette,Barbara Erskine,HarperCollins Audio,22 April 1996,9780001049680
book/www.bookdepository.co.uk/0001049697.html,Victory,Audio cassette,Joseph Conrad,HarperCollins Audio,01 September 1999,9780001049697
book/www.bookdepository.co.uk/0001049857.html,Apocalypse Watch,Audio cassette,Robert Ludlum,HarperCollins Audio,21 August 1995,9780001049857
book/www.bookdepository.co.uk/0001049864.html,Get Shorty,Audio cassette,Elmore Leonard,HarperCollins Audio,18 March 1996,9780001049864
book/www.bookdepository.co.uk/0001049895.html,X-files: Ground Zero,Audio cassette,Kevin J. Anderson,HarperCollins Audio,04 December 1995,9780001049895
book/www.bookdepository.co.uk/0001050020.html,Midnight is a Lonely Place,Audio cassette,Barbara Erskine,HarperCollins Audio,22 January 1996,9780001050020
book/www.bookdepository.co.uk/0001050044.html,Wicked Women,Audio cassette,Fay Weldon,HarperCollins Audio,04 December 1995,9780001050044
book/www.bookdepository.co.uk/0001050051.html,A New Lease of Death,Audio cassette,Ruth Rendell,HarperCollins Audio,04 December 1995,9780001050051
book/www.bookdepository.co.uk/0001050068.html,Rebel,Audio cassette,Bernard Cornwell,HarperCollins Audio,04 December 1995,9780001050068
book/www.bookdepository.co.uk/0001050075.html,Copperhead,Audio cassette,Bernard Cornwell,HarperCollins Audio,04 December 1995,9780001050075
book/www.bookdepository.co.uk/0001050082.html,Battle Flag,Audio cassette,Bernard Cornwell,HarperCollins Audio,22 January 1996,9780001050082
book/www.bookdepository.co.uk/0001050099.html,Murder Being Once Done,Audio cassette,Ruth Rendell,HarperCollins Audio,22 April 1996,9780001050099
book/www.bookdepository.co.uk/0001050105.html,Shake Hands Forever,Audio cassette,Ruth Rendell,HarperCollins Audio,19 February 1996,9780001050105
book/www.bookdepository.co.uk/0001050112.html,Vanity Dies Hard,Audio cassette,Ruth Rendell,HarperCollins Audio,20 May 1996,9780001050112
book/www.bookdepository.co.uk/0001050129.html,A Demon in My View,Audio cassette,Ruth Rendell,HarperCollins Audio,22 July 1996,9780001050129
book/www.bookdepository.co.uk/0001050136.html,The Tree of Hands,Audio cassette,Ruth Rendell,HarperCollins Audio,19 August 1996,9780001050136
book/www.bookdepository.co.uk/0001050181.html,"Not a Penny More, Not a Penny Less",Audio cassette,Jeffrey Archer,HarperCollins Audio,01 January 2000,9780001050181
book/www.bookdepository.co.uk/0001050198.html,Shall We Tell the President?,Audio cassette,Jeffrey Archer,HarperCollins Audio,01 January 2000,9780001050198
book/www.bookdepository.co.uk/0001050204.html,A Twist in the Tale: A Perfect Murder & Other Stories v. 1,Audio cassette,Jeffrey Archer,HarperCollins Audio,01 January 2000,9780001050204
book/www.bookdepository.co.uk/0001050211.html,A Twist in the Tale: The Loophole & Other Stories v. 2,Audio cassette,Jeffrey Archer,HarperCollins Audio,01 January 2000,9780001050211
book/www.bookdepository.co.uk/0001050228.html,"All's Well That Ends Well: Performed by Claire Bloom, Robert Stephens & Cast",Audio cassette,William Shakespeare,HarperCollins Audio,22 January 1996,9780001050228
book/www.bookdepository.co.uk/0001050235.html,"Love's Labour's Lost: Performed by Derek Jacobi, Geraldine McEwan & Cast",Audio cassette,William Shakespeare,HarperCollins Audio,19 February 1996,9780001050235
book/www.bookdepository.co.uk/0001050242.html,The Two Gentlemen of Verona: Complete & Unabridged,Audio cassette,William Shakespeare,HarperCollins Audio,22 April 1996,9780001050242
book/www.bookdepository.co.uk/0001050259.html,The City of Djinns: A Year in Delhi,Audio cassette,William Dalrymple,HarperCollins Audio,18 March 1996,9780001050259
book/www.bookdepository.co.uk/0001050419.html,Ted Hughes Reading His Poetry,Audio cassette,Ted Hughes,HarperCollins Audio,20 May 1996,9780001050419
book/www.bookdepository.co.uk/0001050426.html,Out of the Sun,Audio cassette,Robert Goddard,HarperCollins Audio,17 June 1996,9780001050426
book/www.bookdepository.co.uk/0001050457.html,By Grand Central Station I Sat Down and Wept,Audio cassette,Elizabeth Smart,HarperCollins Audio,22 January 1996,9780001050457
book/www.bookdepository.co.uk/0001050471.html,The Duchess of Malfi,Audio cassette,John Webster,HarperCollins Audio,22 April 1996,9780001050471
book/www.bookdepository.co.uk/0001050488.html,"John Bull's Other Island: Performed by Christopher Benjamin, Patrick Duggan, Edward Petherbridge & Cast",Audio cassette,George Bernard Shaw,HarperCollins Audio,22 April 1996,9780001050488
book/www.bookdepository.co.uk/0001050495.html,Heart of Darkness,Audio cassette,Joseph Conrad,HarperCollins Audio,01 September 1999,9780001050495
book/www.bookdepository.co.uk/0001050501.html,King Henry IV: Complete & Unabridged Pt. 2,Audio cassette,William Shakespeare,HarperCollins Audio,22 July 1996,9780001050501
book/www.bookdepository.co.uk/0001050525.html,Empire of the Sun,Audio cassette,J. G. Ballard,HarperCollins Audio,27 November 1995,9780001050525
book/www.bookdepository.co.uk/0001050532.html,Orson Welles: The Road to Xanadu,Audio cassette,Simon Callow,HarperCollins Audio,27 November 1995,9780001050532
book/www.bookdepository.co.uk/0001050549.html,The Fist of God,Audio cassette,Frederick Forsyth,HarperCollins Audio,27 November 1995,9780001050549
book/www.bookdepository.co.uk/0001050556.html,The Deceiver,Audio cassette,Frederick Forsyth,HarperCollins Audio,27 November 1995,9780001050556
book/www.bookdepository.co.uk/0001050594.html,Treasure,Audio cassette,Clive Cussler,HarperCollins Audio,04 December 1995,9780001050594
book/www.bookdepository.co.uk/0001050730.html,Grantchester Grind: A Porterhouse Chronicle,Audio cassette,Tom Sharpe,HarperCollins Audio,19 February 1996,9780001050730
book/www.bookdepository.co.uk/0001050747.html,Riotous Assembly,Audio cassette,Tom Sharpe,HarperCollins Audio,22 January 1996,9780001050747
book/www.bookdepository.co.uk/0001050754.html,Indecent Exposure,Audio cassette,Tom Sharpe,HarperCollins Audio,19 February 1996,9780001050754
book/www.bookdepository.co.uk/0001050761.html,The Throwback,Audio cassette,Tom Sharpe,HarperCollins Audio,18 March 1996,9780001050761
book/www.bookdepository.co.uk/0001050785.html,Star Wars: Heir to the Empire,Audio cassette,Timothy Zahn,HarperCollins Audio,23 October 1995,9780001050785
book/www.bookdepository.co.uk/0001050792.html,Star Wars: Dark Force Rising,Audio cassette,Timothy Zahn,HarperCollins Audio,23 October 1995,9780001050792
book/www.bookdepository.co.uk/0001050815.html,Star Wars: Truce at Bakura,Audio cassette,Kathy Tyers,HarperCollins Audio,27 November 1995,9780001050815
book/www.bookdepository.co.uk/0001050822.html,Star Wars: Crystal Star,Audio cassette,Vonda N. McIntyre,HarperCollins Audio,04 December 1995,9780001050822
book/www.bookdepository.co.uk/0001050839.html,Star Wars: Courtship of Princess Leia,Audio cassette,Dave Wolverton,HarperCollins Audio,04 December 1995,9780001050839
book/www.bookdepository.co.uk/0001050846.html,Star Wars: Jedi Search,Audio cassette,Kevin J. Anderson,HarperCollins Audio,22 January 1996,9780001050846
book/www.bookdepository.co.uk/0001050853.html,Star Wars: Dark Apprentice,Audio cassette,Kevin J. Anderson,HarperCollins Audio,19 February 1996,9780001050853
book/www.bookdepository.co.uk/0001050860.html,Star Wars: Champion of the Force,Audio cassette,Kevin J. Anderson,HarperCollins Audio,18 March 1996,9780001050860
book/www.bookdepository.co.uk/0001050877.html,Star Wars: Ambush at Corellia,Audio cassette,Roger MacBride Allen,HarperCollins Audio,20 May 1996,9780001050877
book/www.bookdepository.co.uk/0001050884.html,Star Wars: Assault at Selonia,Audio cassette,Roger MacBride Allen,HarperCollins Audio,17 June 1996,9780001050884
book/www.bookdepository.co.uk/0001050891.html,Star Wars: Showdown at Centerpoint,Audio cassette,Roger MacBride Allen,HarperCollins Audio,22 July 1996,9780001050891
book/www.bookdepository.co.uk/0001050907.html,Star Wars: Darksaber,Audio cassette,Kevin J. Anderson,HarperCollins Audio,19 August 1996,9780001050907
book/www.bookdepository.co.uk/0001050914.html,Star Wars: We Don't Do Weddings,Audio cassette,Kathy Tyers,HarperCollins Audio,19 August 1996,9780001050914
book/www.bookdepository.co.uk/0001050921.html,Star Wars: Nightlily - The Lover's Tale,Audio cassette,Barbara Hambly,HarperCollins Audio,16 September 1996,9780001050921
book/www.bookdepository.co.uk/0001050938.html,Star Wars: X Wing/Rogue Squadron,Audio cassette,Michael A. Stackpole,HarperCollins Audio,21 October 1996,9780001050938
book/www.bookdepository.co.uk/0001050990.html,The Bloody Ground,Audio cassette,Bernard Cornwell,HarperCollins Audio,22 January 1996,9780001050990
book/www.bookdepository.co.uk/0001052000.html,"Star Wars Box Set: ""Heir to the Empire"", ""Dark Force Rising"" & ""Last Command""",Audio cassette,Timothy Zahn,HarperCollins Audio,02 November 1995,9780001052000
book/www.bookdepository.co.uk/0001052017.html,The Woodlanders,Audio cassette,Thomas Hardy,HarperCollins Audio,01 September 1999,9780001052017
book/www.bookdepository.co.uk/0001052024.html,Lord Jim,Audio cassette,Joseph Conrad,HarperCollins Audio,01 September 1999,9780001052024
book/www.bookdepository.co.uk/0001052031.html,Dark Spectre,Audio cassette,Michael Dibdin,HarperCollins Audio,17 June 1996,9780001052031
book/www.bookdepository.co.uk/0001052048.html,An April Shroud,Audio cassette,Reginald Hill,HarperCollins Audio,19 February 1996,9780001052048
book/www.bookdepository.co.uk/0001052055.html,A Clubbable Woman,Audio cassette,Reginald Hill,HarperCollins Audio,19 February 1996,9780001052055
book/www.bookdepository.co.uk/0001052062.html,An Advancement of Learning,Audio cassette,Reginald Hill,HarperCollins Audio,19 February 1996,9780001052062
book/www.bookdepository.co.uk/0001052079.html,Snow Falling on Cedars,Audio cassette,David Guterson,HarperCollins Audio,18 March 1996,9780001052079
book/www.bookdepository.co.uk/0001052093.html,The Rose Rent,Audio cassette,Ellis Peters,HarperCollins Audio,18 March 1996,9780001052093
book/www.bookdepository.co.uk/0001052109.html,Her Own Rules,Audio cassette,Barbara Taylor Bradford,HarperCollins Audio,22 July 1996,9780001052109
book/www.bookdepository.co.uk/0001052123.html,Next of Kin,Audio cassette,Joanna Trollope,HarperCollins Audio,20 May 1996,9780001052123
book/www.bookdepository.co.uk/0001052130.html,Swann's Way,Audio cassette,Marcel Proust,HarperCollins Audio,01 September 1999,9780001052130
book/www.bookdepository.co.uk/0001052147.html,My Struggle,Audio cassette,Paul Merton,HarperCollins Audio,20 May 1996,9780001052147
book/www.bookdepository.co.uk/0001052154.html,Fourth Estate,Audio cassette,Jeffrey Archer,HarperCollins Audio,07 May 1996,9780001052154
book/www.bookdepository.co.uk/0001052161.html,Goodfellowe MP,Audio cassette,Michael Dobbs,HarperCollins Audio,23 January 1997,9780001052161
book/www.bookdepository.co.uk/0001052185.html,"""X-files"": Ruins",Audio cassette,Kevin J. Anderson,HarperCollins Audio,10 June 1996,9780001052185
book/www.bookdepository.co.uk/0001052192.html,Sporting Profiles,Audio cassette,Michael Parkinson,HarperCollins Audio,16 September 1996,9780001052192
book/www.bookdepository.co.uk/0001052215.html,"""A Needle for the Devil and Other Stories",Audio cassette,Ruth Rendell,HarperCollins Audio,19 August 1996,9780001052215
book/www.bookdepository.co.uk/0001052222.html,A Respectable Trade,Audio cassette,Philippa Gregory,HarperCollins Audio,16 March 1998,9780001052222
book/www.bookdepository.co.uk/0002199964.html,Wild Flowers of Britain and Northern Europe,Paperback,Wolfgang Lippert,Collins,01 February 1999,9780002199964
book/www.bookdepository.co.uk/0002200073.html,Mushrooms and Toadstools of Britain and Europe,Paperback,Brian Spooner,Collins,01 February 1999,9780002200073
book/www.bookdepository.co.uk/0002200097.html,Trees of Britain and Ireland,Paperback,J.R. Press,Collins,01 February 1999,9780002200097
book/www.bookdepository.co.uk/0002200103.html,Butterflies and Moths of Britain and Europe,Paperback,John Still,Collins,01 February 1999,9780002200103
book/www.bookdepository.co.uk/0002200110.html,Birds of Britain and Europe,Paperback,John Gooders,Collins,06 July 1998,9780002200110
book/www.bookdepository.co.uk/0002200127.html,Mushrooms of Britain and Europe,Paperback,Regis Courtecuisse,Collins,01 September 1999,9780002200127
book/www.bookdepository.co.uk/0002200134.html,Trees of Britain and Europe,Paperback,Keith D. Rushforth,Collins,01 September 1999,9780002200134
book/www.bookdepository.co.uk/0002200141.html,Night Sky,Paperback,Mark R. Chartrand,Collins,04 May 1999,9780002200141
book/www.bookdepository.co.uk/0002200172.html,Alpine Flowers of Britain and Europe,Paperback,Marjorie Blamey,Collins,01 February 1999,9780002200172
book/www.bookdepository.co.uk/0002200257.html,Mushrooms and Toadstools of Britain and Europe,Hardback,Regis Courtecuisse,Collins,01 February 1999,9780002200257
book/www.bookdepository.co.uk/0002200288.html,Collins Skywatching: Ultimate Guide to the Universe,Hardback,David H. Levy,Collins,07 December 1995,9780002200288
book/www.bookdepository.co.uk/0002200295.html,Butterflies and Moths of Britain and Europe,Paperback,Helga Hofmann,Collins,01 February 1999,9780002200295
book/www.bookdepository.co.uk/0002200349.html,Birds of East Africa,Undefined,David Hosking,Collins,01 April 1997,9780002200349
book/www.bookdepository.co.uk/0002200363.html,Wild Animals of East Africa,Undefined,David Hosking,Collins,01 April 1997,9780002200363
book/www.bookdepository.co.uk/0002200370.html,Bird Songs and Calls of Britain and Northern Europe,Hardback,Geoff Sample,Collins,01 February 1999,9780002200370
book/www.bookdepository.co.uk/0002200431.html,The Way to Freedom,Paperback,Dalai Lama XIV,THORSONS,03 February 1997,9780002200431
book/www.bookdepository.co.uk/0002200455.html,"Awakening the Mind, Enlightening the Heart",Paperback,Dalai Lama XIV,THORSONS,03 February 1997,9780002200455
book/www.bookdepository.co.uk/0002200561.html,Garden Birds of Britain and Europe,Paperback,Detlef Singer,Collins,01 February 1999,9780002200561
book/www.bookdepository.co.uk/0002200592.html,Butterflies of Britain and Europe,Paperback,Michael Chinery,Collins,23 July 1998,9780002200592
book/www.bookdepository.co.uk/0002200622.html,Wild Flowers of Britain and Northern Europe,Paperback,R. S. R. Fitter,Collins,01 February 1999,9780002200622
book/www.bookdepository.co.uk/0002200639.html,"Pests, Diseases and Disorders of Garden Plants",Hardback,Keith Harris,Collins,01 September 1999,9780002200639
book/www.bookdepository.co.uk/0002200646.html,Weather,Hardback,Richard Whitaker,Collins,09 May 1996,9780002200646
book/www.bookdepository.co.uk/0002200653.html,Self Esteem: Simple Steps to Develop Self-reliance and Perseverance,Audio cassette,Gael Lindenfield,THORSONS,01 April 2001,9780002200653
book/www.bookdepository.co.uk/0002200677.html,Collins How to Identify Trees,Paperback,Patrick Harding,Collins,05 May 1998,9780002200677
book/www.bookdepository.co.uk/0002200691.html,Wings: Guide to British Birds,Paperback,Dominic Couzens,Collins,01 February 1999,9780002200691
book/www.bookdepository.co.uk/0002200707.html,Rocks and Fossils: The Ultimate Guide to the Earth,Hardback,,Collins,08 August 1996,9780002200707
book/www.bookdepository.co.uk/0002200714.html,Collins Complete British Wildlife: Photographic,Paperback,Paul Sterry,Collins,01 February 1999,9780002200714
book/www.bookdepository.co.uk/0002200721.html,Garden Wildlife,Paperback,Michael Chinery,Collins,01 February 1999,9780002200721
book/www.bookdepository.co.uk/0002200745.html,Plant Disease,Hardback,David S. Ingram,Collins,04 October 1999,9780002200745
book/www.bookdepository.co.uk/0002200752.html,Plant Disease,Paperback,David S. Ingram,Collins,04 October 1999,9780002200752
book/www.bookdepository.co.uk/0002200776.html,Birds of Southern South America and Antarctica,Paperback,Martin De la Pena,Collins,01 February 1999,9780002200776
book/www.bookdepository.co.uk/0002200783.html,Bible: New Revised Standard Version,Hardback,,Collins,03 November 1997,9780002200783
book/www.bookdepository.co.uk/0002200790.html,Ireland,Hardback,David Cabot,Collins,01 September 1999,9780002200790
book/www.bookdepository.co.uk/0002200806.html,Ireland,Paperback,David Cabot,Collins,01 May 1999,9780002200806
book/www.bookdepository.co.uk/0002200813.html,Lichens,Hardback,O.L. Gilbert,Collins,06 March 2000,9780002200813
book/www.bookdepository.co.uk/0002200820.html,Lichens,Paperback,O.L. Gilbert,Collins,06 March 2000,9780002200820
book/www.bookdepository.co.uk/0002200882.html,Seashore,Paperback,Harper Collins Publishers,Collins,01 February 1999,9780002200882
book/www.bookdepository.co.uk/0002200899.html,"Whales, Dolphins and Seals",Paperback,Harper Collins Publishers,Collins,01 January 1999,9780002200899
book/www.bookdepository.co.uk/0002200912.html,Wild Life of the Town,Paperback,Harper Collins Publishers,Collins,01 January 1999,9780002200912
book/www.bookdepository.co.uk/0002200936.html,Bird Watching: The Essential Guide to the Birdlife of Britain and Europe,Hardback,The Nature Company Guides,Collins,07 April 1997,9780002200936
book/www.bookdepository.co.uk/0002201001.html,Birds in Winter,Spiral bound,Harper Collins Publishers,Collins,01 January 1999,9780002201001
book/www.bookdepository.co.uk/0002201018.html,Trees of the Countryside,Spiral bound,Harper Collins Publishers,Collins,01 January 1999,9780002201018
book/www.bookdepository.co.uk/0002201049.html,Sharks and Rays,Hardback,,Collins,01 September 1997,9780002201049
book/www.bookdepository.co.uk/0002201056.html,Whales and Dolphins: Ultimate Guide to Marine Mammals,Hardback,Peter Gill,Collins,17 March 1997,9780002201056
book/www.bookdepository.co.uk/0002201063.html,"""Savage Earth"": The Book of the ITV Series",Hardback,Alwyn Scarth,Collins,01 February 1999,9780002201063
book/www.bookdepository.co.uk/0002201070.html,Wild Flowers,Paperback,Christopher Grey-Wilson,Collins,01 November 2000,9780002201070
book/www.bookdepository.co.uk/0002201087.html,Nature Journeys,Hardback,Dwight Holing,Collins,03 November 1997,9780002201087
book/www.bookdepository.co.uk/0002201094.html,Birds of North America,Paperback,,Collins,02 November 1998,9780002201094
book/www.bookdepository.co.uk/0002201100.html,Wildfowl of the World,Paperback,Sir Peter Scott,Collins,01 June 1999,9780002201100
book/www.bookdepository.co.uk/0002201117.html,Good News Bible,Hardback,,Collins,30 June 1997,9780002201117
book/www.bookdepository.co.uk/0002201124.html,Bible: Good News Bible with Concordance,Hardback,,Collins,30 June 1997,9780002201124
book/www.bookdepository.co.uk/0002201148.html,South Downs,Paperback,Dennis Skinner,Collins,07 May 2002,9780002201148
book/www.bookdepository.co.uk/0002201155.html,Ben Nevis and Glen Coe,Paperback,Chris Townsend,Collins,02 May 2000,9780002201155
book/www.bookdepository.co.uk/0002201179.html,Birds of Southern Africa,Paperback,Ber Van Perlo,Collins,07 June 1999,9780002201179
book/www.bookdepository.co.uk/0002201193.html,Bible: New Revised Standard Version with Apocrypha,Hardback,HarperCollins Publishers,Bibles/Liturgical/Music,01 October 2003,9780002201193
book/www.bookdepository.co.uk/0002201209.html,Bible: New Revised Standard Version,Paperback,,Collins,02 March 1998,9780002201209
book/www.bookdepository.co.uk/0002201223.html,Bird Call Identification,Mixed media product,Geoff Sample,Collins,01 June 1998,9780002201223
book/www.bookdepository.co.uk/0002201230.html,How to Identify Butterflies,Paperback,Richard Lewington,Collins,01 September 1999,9780002201230
book/www.bookdepository.co.uk/0002201247.html,The Joy of Living and Dying in Peace,Paperback,Dalai Lama XIV,THORSONS,16 March 1998,9780002201247
book/www.bookdepository.co.uk/0002201254.html,"Bird Nests, Eggs and Nestlings of Britain and Europe",Hardback,C.J.O. Harrison,Collins,01 June 1998,9780002201254
book/www.bookdepository.co.uk/0002201278.html,Night Sky,Paperback,Storm Dunlop,Collins,01 June 1999,9780002201278
book/www.bookdepository.co.uk/0002201285.html,Collins Spacewatching: The Ultimate Guide to the Stars and Beyond,Hardback,John O'Byrne,Collins,05 October 1998,9780002201285
book/www.bookdepository.co.uk/0002201322.html,Birds of Australia,Paperback,Graham Pizzey,Collins,02 November 1998,9780002201322
book/www.bookdepository.co.uk/0002201346.html,Insects of Britain and Northern Europe,Paperback,Bob Gibbons,Collins,01 June 1999,9780002201346
book/www.bookdepository.co.uk/0002201384.html,Weather,Paperback,David M. Ludlum,Collins,02 January 2002,9780002201384
book/www.bookdepository.co.uk/0002201391.html,Wild Flowers of Britain and Europe,Paperback,Peter Heukels,Collins,07 August 2000,9780002201391
book/www.bookdepository.co.uk/0002201575.html,"""Giants"": The Book of the ITV Series",Hardback,Nigel Marven,Collins,27 October 1999,9780002201575
book/www.bookdepository.co.uk/0002201582.html,Bible: Authorized King James Version - The Word,Paperback,,Collins,04 May 1999,9780002201582
book/www.bookdepository.co.uk/0002201605.html,Bible: Good News Bible - Newcomer Bible,Hardback,,Collins,11 June 1999,9780002201605
book/www.bookdepository.co.uk/0002201612.html,Complete Mediterranean Wildlife: Photoguide,Paperback,Paul Sterry,Collins,07 February 2000,9780002201612
book/www.bookdepository.co.uk/0002201650.html,Bible: Good News Bible for Scotland,Hardback,,Collins,04 October 1999,9780002201650
book/www.bookdepository.co.uk/0002201667.html,Dartmoor,Paperback,Richard Sale,Collins,03 July 2000,9780002201667
book/www.bookdepository.co.uk/0002201681.html,Gardening for Birds: How to Help Birds Make the Most of Your Garden,Hardback,Stephen Moss,Collins,01 September 2000,9780002201681
book/www.bookdepository.co.uk/0002201704.html,The Millennium Dome: The Official Book of the Dome,Hardback,Elizabeth Wilhide,HarperCollins Illustrated,01 November 1999,9780002201704
book/www.bookdepository.co.uk/0002201711.html,A Moment in Time...: The Millennium Celebrated Around the Globe,Hardback,HarperCollins UK,HarperCollins Illustrated,31 January 2000,9780002201711
book/www.bookdepository.co.uk/0002201728.html,GMT 2000: A Portrait of Britain at the Millennium,Paperback,Magnum Photo Agency,HarperCollins Illustrated,31 January 2000,9780002201728
book/www.bookdepository.co.uk/0002201742.html,"Eclipse: 11th August, 1999",Paperback,Peter MacDonald,Collins,11 June 1999,9780002201742
book/www.bookdepository.co.uk/0002201773.html,Rocks and Minerals,Paperback,Adrian P. Jones,Collins,02 October 2000,9780002201773
book/www.bookdepository.co.uk/0002201889.html,The Bible: Contemporary English Version - Popular Classic,Hardback,,Collins,03 July 2000,9780002201889
book/www.bookdepository.co.uk/0002201896.html,Bible: Authorized King James Version Pocket Confirmation Bible,Hardback,,Collins,02 May 2000,9780002201896
book/www.bookdepository.co.uk/0002201902.html,Bible: Good News Bible - Popular Newcomer Bible,Paperback,,Collins,02 May 2000,9780002201902
book/www.bookdepository.co.uk/0002201926.html,Bible: Authorized King James Version Pocket Gift Bible,Hardback,,Collins,02 May 2000,9780002201926
book/www.bookdepository.co.uk/0002201933.html,Bible: Authorized King James Version Pocket Christening Bible,Hardback,,Collins,02 May 2000,9780002201933
book/www.bookdepository.co.uk/0002201940.html,Bible: Good News Bible,Hardback,,Collins,03 April 2000,9780002201940
book/www.bookdepository.co.uk/0002201971.html,The Bible: Contemporary English Version - Popular Modern,Hardback,,Collins,03 July 2000,9780002201971
book/www.bookdepository.co.uk/0004140261.html,Take 3 Cooks,Paperback,Nanette Newman,Collins,07 July 1997,9780004140261
book/www.bookdepository.co.uk/0004140278.html,Rose Elliot's Vegetarian Meals in Minutes: Over 200 Delicious Dishes in Minutes,Paperback,Rose Elliot,Collins,06 April 1998,9780004140278
book/www.bookdepository.co.uk/0004140285.html,Foods for Mind and Body: A Complete Guide to Positive Foods and How to Choose and Use Them,Hardback,Michael Van Straten,Collins,03 November 1997,9780004140285
book/www.bookdepository.co.uk/0004140339.html,Rose Elliot's Vegetarian Barbecues and Grills,Hardback,Rose Elliot,HarperCollins Illustrated,06 April 1999,9780004140339
book/www.bookdepository.co.uk/0004140353.html,Collins Care and Repair of Period Houses,Hardback,Albert Jackson,Collins,05 May 1998,9780004140353
book/www.bookdepository.co.uk/0004140377.html,"Weekend Decorator: From the ""This Morning"" TV Team of Expert Decorators Including Jocasta Innes and Stewart Walton",Hardback,"""This Morning""",Collins,06 April 1998,9780004140377
book/www.bookdepository.co.uk/0004140407.html,Simply Antony,Paperback,Antony Worrall Thompson,Collins,05 May 1998,9780004140407
book/www.bookdepository.co.uk/0004140414.html,Winter Nosh,Paperback,Mick Nosh,Collins,03 December 1997,9780004140414
book/www.bookdepository.co.uk/0004140421.html,Collins Easy Gardening,Paperback,Richard Jackson,Collins,02 March 1998,9780004140421
book/www.bookdepository.co.uk/0004140452.html,Collins Outdoor DIY Projects in a Weekend,Hardback,Albert Jackson,Collins,05 October 1998,9780004140452
book/www.bookdepository.co.uk/0004140476.html,Inside the House of Lords,Hardback,Derry Moore,HarperCollins Illustrated,05 October 1998,9780004140476
book/www.bookdepository.co.uk/0004140490.html,Collins Complete Book of Soft Furnishings,Paperback,Jane Churchill,Collins,01 June 1999,9780004140490
book/www.bookdepository.co.uk/0004140506.html,Simply the Best: Fabulous Recipes from Your Favourite Chefs,Hardback,,HarperCollins Illustrated,09 November 1998,9780004140506
book/www.bookdepository.co.uk/0004140513.html,Susan Brookes' Real Home Cooking,Hardback,Susan Brookes,HarperCollins Illustrated,05 October 1998,9780004140513
book/www.bookdepository.co.uk/0004140520.html,Collins Woodworking for Beginners: What Every First-time Woodworker Needs to Know,Hardback,Albert Jackson,Collins,01 March 1999,9780004140520
book/www.bookdepository.co.uk/0004140537.html,Complete Book of Babycare,Hardback,Daphne Metland,THORSONS,04 October 1999,9780004140537
book/www.bookdepository.co.uk/0004140544.html,The East India Company: Trade and Conquest from 1600,Hardback,Antony Wild,HarperCollins Illustrated,06 September 1999,9780004140544
